order_id,customer_id,order_date,category,list_price,discount_rate,returned,net_revenue,cogs,fulfillment_cost,contribution_profit
1,1,2024-10-12,Home,69.77,0.0,0,69.77,33.49,6.05,30.23
2,1,2024-11-08,Electronics,245.77,0.1,0,221.19,176.95,8.32,35.92
3,1,2024-12-14,Accessories,26.87,0.2,0,21.49,8.06,5.32,8.11
4,1,2024-12-20,Apparel,45.15,0.0,0,45.15,15.8,5.68,23.67
5,1,2025-01-15,Home,61.98,0.05,0,58.88,29.75,5.88,23.25
6,1,2025-03-16,Home,85.06,0.1,0,76.55,40.83,6.15,29.57
7,2,2024-06-17,Electronics,275.89,0.05,0,262.1,198.64,8.93,54.53
8,3,2024-09-26,Apparel,64.44,0.05,0,61.22,22.56,5.92,32.74
9,3,2024-10-12,Home,95.75,0.0,0,95.75,45.96,6.44,43.35
10,4,2024-07-12,Accessories,32.5,0.1,0,29.25,9.75,5.44,14.06
11,4,2024-07-28,Electronics,226.58,0.1,0,203.92,163.14,8.06,32.72
12,4,2024-10-18,Home,75.8,0.05,0,72.01,36.38,6.08,29.55
13,4,2024-10-20,Electronics,177.48,0.05,0,168.61,127.79,7.53,33.29
14,4,2024-12-02,Apparel,68.64,0.0,0,68.64,24.03,6.03,38.58
15,4,2025-02-22,Home,46.27,0.2,1,0.0,0.0,12.56,-12.56
16,4,2025-04-23,Apparel,51.18,0.0,0,51.18,17.91,5.77,27.5
17,5,2024-04-09,Home,98.87,0.05,0,93.93,47.46,6.41,40.06
18,5,2024-04-11,Accessories,93.4,0.0,0,93.4,28.02,6.4,58.98
19,6,2024-01-06,Electronics,383.19,0.05,0,364.03,275.89,10.46,77.68
20,6,2024-01-23,Apparel,38.32,0.2,0,30.65,13.41,5.46,11.78
21,6,2024-04-15,Apparel,58.79,0.1,0,52.91,20.58,5.79,26.54
22,7,2024-07-20,Accessories,45.3,0.1,0,40.77,13.59,5.61,21.57
23,7,2025-03-13,Electronics,127.53,0.1,0,114.78,91.83,6.72,16.23
24,7,2025-05-05,Accessories,49.51,0.0,0,49.51,14.85,5.74,28.92
25,7,2025-05-12,Electronics,143.55,0.05,1,0.0,0.0,14.05,-14.05
26,8,2024-01-01,Electronics,236.3,0.05,0,224.48,170.13,8.37,45.98
27,8,2024-02-02,Apparel,44.11,0.05,0,41.91,15.44,5.63,20.84
28,8,2024-02-03,Accessories,53.88,0.05,0,51.18,16.16,5.77,29.25
29,8,2024-02-11,Apparel,55.14,0.1,0,49.62,19.3,5.74,24.58
30,8,2024-03-13,Home,80.6,0.05,0,76.57,38.69,6.15,31.73
31,8,2024-03-08,Electronics,87.71,0.05,0,83.32,63.15,6.25,13.92
32,8,2025-01-01,Apparel,43.33,0.1,0,39.0,15.17,5.58,18.25
33,8,2025-05-18,Apparel,74.61,0.1,1,0.0,0.0,13.01,-13.01
34,9,2024-01-05,Accessories,56.47,0.05,0,53.65,16.94,5.8,30.91
35,9,2024-06-18,Accessories,44.71,0.2,0,35.77,13.41,5.54,16.82
36,9,2024-08-12,Home,63.1,0.1,0,56.79,30.29,5.85,20.65
37,9,2024-09-18,Home,74.94,0.05,0,71.2,35.97,6.07,29.16
38,9,2024-09-06,Electronics,179.22,0.05,0,170.26,129.04,7.55,33.67
39,9,2024-10-17,Home,175.45,0.0,0,175.45,84.21,7.63,83.61
40,9,2024-10-14,Home,70.52,0.05,0,66.99,33.85,6.0,27.14
41,9,2024-10-26,Electronics,188.11,0.0,0,188.11,135.44,7.82,44.85
42,9,2024-11-05,Accessories,32.47,0.1,1,0.0,0.0,12.44,-12.44
43,9,2025-02-11,Accessories,79.99,0.2,0,63.99,24.0,5.96,34.03
44,10,2024-12-03,Electronics,105.82,0.05,0,100.53,76.19,6.51,17.83
45,10,2024-12-13,Apparel,52.53,0.1,0,47.28,18.39,5.71,23.18
46,10,2025-06-17,Apparel,58.25,0.1,0,52.43,20.39,5.79,26.25
47,11,2024-02-15,Home,78.09,0.05,0,74.19,37.49,6.11,30.59
48,11,2024-04-02,Accessories,31.6,0.1,0,28.44,9.48,5.43,13.53
49,11,2024-04-16,Home,40.31,0.0,0,40.31,19.35,5.6,15.36
50,11,2024-05-09,Apparel,29.47,0.2,1,0.0,0.0,12.35,-12.35
51,12,2024-05-03,Accessories,31.8,0.05,0,30.21,9.54,5.45,15.22
52,12,2024-06-03,Apparel,95.08,0.0,0,95.08,33.28,6.43,55.37
53,12,2024-09-08,Home,102.73,0.2,0,82.19,49.31,6.23,26.65
54,12,2024-09-03,Apparel,41.57,0.05,1,0.0,0.0,12.59,-12.59
55,13,2024-03-09,Home,62.14,0.0,1,0.0,0.0,12.93,-12.93
56,13,2024-05-05,Electronics,158.87,0.05,0,150.92,114.39,7.26,29.27
57,13,2024-06-27,Electronics,157.57,0.2,1,0.0,0.0,13.89,-13.89
58,13,2024-08-18,Electronics,217.81,0.0,0,217.81,156.82,8.27,52.72
59,13,2025-01-07,Home,99.09,0.1,0,89.19,47.57,6.34,35.28
60,13,2025-01-19,Apparel,34.54,0.05,0,32.81,12.09,5.49,15.23
61,13,2025-02-26,Home,41.93,0.1,0,37.74,20.13,5.57,12.04
62,13,2025-02-24,Electronics,215.36,0.1,0,193.82,155.06,7.91,30.85
63,13,2025-02-25,Electronics,187.48,0.1,0,168.73,134.98,7.53,26.22
64,14,2024-02-07,Home,71.98,0.1,0,64.78,34.55,5.97,24.26
65,14,2024-03-15,Electronics,308.23,0.05,0,292.82,221.93,9.39,61.5
66,14,2024-08-03,Apparel,44.41,0.05,0,42.19,15.54,5.63,21.02
67,14,2024-12-18,Electronics,116.7,0.0,0,116.7,84.02,6.75,25.93
68,14,2025-04-11,Home,121.48,0.2,0,97.19,58.31,6.46,32.42
69,15,2024-09-04,Home,93.81,0.0,1,0.0,0.0,13.41,-13.41
70,15,2024-09-04,Accessories,37.64,0.0,0,37.64,11.29,5.56,20.79
71,15,2024-09-05,Electronics,186.69,0.0,0,186.69,134.42,7.8,44.47
72,15,2024-09-27,Accessories,63.73,0.05,0,60.54,19.12,5.91,35.51
73,15,2024-10-04,Electronics,131.77,0.2,0,105.41,94.87,6.58,3.96
74,15,2024-10-07,Accessories,24.13,0.1,0,21.72,7.24,5.33,9.15
75,15,2024-12-12,Electronics,195.97,0.0,0,195.97,141.1,7.94,46.93
76,15,2024-12-03,Accessories,41.78,0.1,0,37.6,12.53,5.56,19.51
77,15,2025-02-13,Home,78.54,0.0,0,78.54,37.7,6.18,34.66
78,16,2024-03-17,Apparel,78.83,0.0,0,78.83,27.59,6.18,45.06
79,16,2024-03-03,Accessories,28.37,0.0,0,28.37,8.51,5.43,14.43
80,16,2024-04-09,Accessories,33.47,0.0,0,33.47,10.04,5.5,17.93
81,16,2024-04-18,Accessories,60.31,0.2,0,48.24,18.09,5.72,24.43
82,16,2024-05-23,Electronics,121.42,0.05,0,115.34,87.42,6.73,21.19
83,16,2024-05-03,Electronics,215.85,0.1,0,194.26,155.41,7.91,30.94
84,16,2024-07-25,Home,37.36,0.05,0,35.49,17.93,5.53,12.03
85,16,2024-07-24,Apparel,73.43,0.0,0,73.43,25.7,6.1,41.63
86,16,2024-07-25,Electronics,195.98,0.1,0,176.39,141.11,7.65,27.63
87,16,2024-07-12,Accessories,30.39,0.1,0,27.35,9.12,5.41,12.82
88,16,2024-09-10,Home,154.89,0.1,0,139.4,74.35,7.09,57.96
89,16,2024-12-03,Apparel,37.97,0.0,1,0.0,0.0,12.57,-12.57
90,16,2024-12-26,Electronics,265.77,0.1,0,239.19,191.35,8.59,39.25
91,16,2025-03-21,Home,94.87,0.0,0,94.87,45.54,6.42,42.91
92,16,2025-03-14,Electronics,259.54,0.1,0,233.59,186.87,8.5,38.22
93,16,2025-03-08,Electronics,140.88,0.05,0,133.83,101.43,7.01,25.39
94,16,2025-04-26,Home,70.89,0.0,0,70.89,34.03,6.06,30.8
95,17,2024-10-12,Accessories,28.43,0.0,0,28.43,8.53,5.43,14.47
96,17,2024-11-22,Home,96.14,0.0,0,96.14,46.15,6.44,43.55
97,17,2024-12-26,Home,82.38,0.05,0,78.26,39.54,6.17,32.55
98,17,2025-03-28,Accessories,73.34,0.2,0,58.67,22.0,5.88,30.79
99,17,2025-03-22,Electronics,151.81,0.1,0,136.63,109.31,7.05,20.27
100,17,2025-04-15,Accessories,31.15,0.0,0,31.15,9.34,5.47,16.34
101,17,2025-05-01,Home,90.05,0.0,0,90.05,43.22,6.35,40.48
102,17,2025-06-07,Apparel,73.26,0.05,0,69.6,25.64,6.04,37.92
103,18,2024-02-22,Accessories,35.24,0.0,0,35.24,10.57,5.53,19.14
104,18,2024-05-06,Electronics,249.01,0.2,0,199.21,179.29,7.99,11.93
105,18,2024-05-06,Electronics,165.05,0.2,1,0.0,0.0,13.98,-13.98
106,18,2024-06-26,Accessories,42.62,0.1,0,38.35,12.78,5.58,19.99
107,18,2025-02-26,Accessories,61.11,0.05,0,58.05,18.33,5.87,33.85
108,18,2025-05-17,Accessories,20.59,0.0,0,20.59,6.18,5.31,9.1
109,18,2025-05-16,Apparel,67.3,0.1,0,60.57,23.55,5.91,31.11
110,19,2024-10-01,Accessories,33.35,0.1,0,30.02,10.01,5.45,14.56
111,19,2025-01-21,Accessories,29.04,0.05,1,0.0,0.0,12.41,-12.41
112,19,2025-05-22,Home,114.82,0.05,0,109.07,55.11,6.64,47.32
113,19,2025-06-26,Apparel,52.01,0.2,1,0.0,0.0,12.62,-12.62
114,20,2024-02-21,Accessories,75.98,0.2,0,60.78,22.79,5.91,32.08
115,20,2024-04-09,Electronics,198.45,0.05,0,188.53,142.88,7.83,37.82
116,20,2024-08-27,Home,71.76,0.2,0,57.41,34.45,5.86,17.1
117,20,2024-11-15,Apparel,48.24,0.05,0,45.83,16.88,5.69,23.26
118,21,2024-05-08,Accessories,50.68,0.2,0,40.54,15.2,5.61,19.73
119,21,2024-07-18,Electronics,104.29,0.0,0,104.29,75.09,6.56,22.64
120,21,2024-07-26,Accessories,28.32,0.0,0,28.32,8.5,5.42,14.4
121,21,2024-09-07,Accessories,26.54,0.0,0,26.54,7.96,5.4,13.18
122,21,2025-03-04,Home,58.08,0.05,0,55.18,27.88,5.83,21.47
123,21,2025-05-13,Electronics,182.5,0.1,0,164.25,131.4,7.46,25.39
124,22,2024-03-13,Electronics,178.48,0.2,0,142.79,128.51,7.14,7.14
125,22,2024-08-24,Accessories,33.05,0.1,0,29.74,9.91,5.45,14.38
126,23,2024-10-05,Home,54.41,0.2,0,43.53,26.12,5.65,11.76
127,23,2025-02-06,Apparel,54.07,0.0,1,0.0,0.0,12.81,-12.81
128,23,2025-02-06,Electronics,459.95,0.05,0,436.95,331.17,11.55,94.23
129,23,2025-03-07,Accessories,31.7,0.1,0,28.53,9.51,5.43,13.59
130,23,2025-03-17,Electronics,165.56,0.1,0,149.0,119.2,7.24,22.56
131,23,2025-06-20,Accessories,95.2,0.1,0,85.68,28.56,6.29,50.83
132,24,2024-06-24,Home,78.02,0.0,0,78.02,37.45,6.17,34.4
133,24,2024-07-16,Home,121.37,0.2,0,97.09,58.26,6.46,32.37
134,24,2024-07-02,Accessories,54.12,0.05,0,51.42,16.24,5.77,29.41
135,24,2024-07-23,Electronics,122.84,0.1,0,110.56,88.44,6.66,15.46
136,24,2024-08-27,Electronics,258.78,0.1,0,232.9,186.32,8.49,38.09
137,24,2024-08-07,Home,75.46,0.1,0,67.91,36.22,6.02,25.67
138,24,2024-12-15,Electronics,175.53,0.1,0,157.98,126.38,7.37,24.23
139,24,2025-05-19,Accessories,58.83,0.05,0,55.89,17.65,5.84,32.4
140,24,2025-05-24,Accessories,43.13,0.2,0,34.5,12.94,5.52,16.04
141,25,2024-07-04,Electronics,143.2,0.0,0,143.2,103.1,7.15,32.95
142,25,2024-08-15,Home,148.07,0.1,0,133.26,71.07,7.0,55.19
143,25,2024-08-05,Electronics,192.97,0.1,0,173.67,138.93,7.61,27.13
144,25,2024-12-25,Home,80.31,0.2,0,64.25,38.55,5.96,19.74
145,25,2024-12-20,Apparel,25.09,0.05,1,0.0,0.0,12.36,-12.36
146,25,2024-12-17,Home,85.65,0.05,0,81.36,41.11,6.22,34.03
147,25,2025-05-17,Electronics,338.79,0.2,0,271.03,243.93,9.07,18.03
148,25,2025-06-23,Apparel,59.07,0.2,0,47.26,20.67,5.71,20.88
149,25,2025-06-21,Electronics,190.4,0.1,0,171.36,137.09,7.57,26.7
150,26,2024-01-26,Home,51.98,0.0,0,51.98,24.95,5.78,21.25
151,26,2024-05-17,Accessories,37.29,0.05,0,35.42,11.19,5.53,18.7
152,26,2024-11-25,Home,98.53,0.0,0,98.53,47.29,6.48,44.76
153,27,2024-05-13,Accessories,92.4,0.2,0,73.92,27.72,6.11,40.09
154,27,2024-05-09,Accessories,25.82,0.0,0,25.82,7.75,5.39,12.68
155,27,2024-06-19,Home,46.86,0.1,0,42.17,22.49,5.63,14.05
156,28,2024-09-08,Home,148.48,0.1,0,133.63,71.27,7.0,55.36
157,28,2024-10-27,Apparel,59.55,0.0,0,59.55,20.84,5.89,32.82
158,28,2024-12-07,Apparel,45.6,0.0,1,0.0,0.0,12.68,-12.68
159,28,2025-01-18,Electronics,184.47,0.2,0,147.58,132.82,7.21,7.55
160,28,2025-03-24,Home,172.04,0.1,0,154.84,82.58,7.32,64.94
161,28,2025-03-27,Electronics,159.49,0.0,0,159.49,114.83,7.39,37.27
162,28,2025-05-19,Apparel,73.02,0.05,1,0.0,0.0,13.04,-13.04
163,29,2024-08-19,Electronics,151.02,0.1,0,135.92,108.74,7.04,20.14
164,29,2024-11-20,Home,107.25,0.0,0,107.25,51.48,6.61,49.16
165,30,2024-01-20,Apparel,65.24,0.0,0,65.24,22.84,5.98,36.42
166,30,2024-02-11,Electronics,272.96,0.05,0,259.31,196.53,8.89,53.89
167,30,2024-06-25,Apparel,88.15,0.0,0,88.15,30.85,6.32,50.98
168,30,2024-12-16,Home,124.66,0.1,0,112.2,59.84,6.68,45.68
169,30,2025-01-20,Home,94.36,0.2,0,75.49,45.29,6.13,24.07
170,30,2025-01-14,Apparel,42.33,0.05,0,40.21,14.81,5.6,19.8
171,31,2024-07-19,Apparel,84.2,0.05,0,79.99,29.47,6.2,44.32
172,31,2024-09-14,Electronics,173.09,0.05,0,164.44,124.63,7.47,32.34
173,31,2024-10-14,Apparel,52.27,0.05,0,49.66,18.3,5.74,25.62
174,31,2025-02-11,Home,214.2,0.0,0,214.2,102.82,8.21,103.17
175,31,2025-06-12,Electronics,135.43,0.05,0,128.66,97.51,6.93,24.22
176,31,2025-06-22,Home,104.57,0.05,0,99.35,50.2,6.49,42.66
177,32,2024-05-03,Home,111.18,0.05,0,105.62,53.37,6.58,45.67
178,32,2024-06-13,Electronics,197.09,0.05,0,187.24,141.91,7.81,37.52
179,32,2024-06-18,Electronics,172.71,0.0,0,172.71,124.35,7.59,40.77
180,32,2024-09-03,Apparel,58.05,0.1,0,52.24,20.32,5.78,26.14
181,32,2024-11-15,Apparel,89.78,0.0,0,89.78,31.42,6.35,52.01
182,32,2024-12-03,Accessories,30.68,0.0,0,30.68,9.21,5.46,16.01
183,32,2024-12-03,Home,144.5,0.1,0,130.05,69.36,6.95,53.74
184,32,2025-02-18,Home,195.53,0.2,0,156.42,93.85,7.35,55.22
185,32,2025-03-25,Accessories,58.06,0.1,1,0.0,0.0,12.78,-12.78
186,32,2025-03-09,Electronics,303.66,0.1,0,273.3,218.64,9.1,45.56
187,33,2024-03-28,Apparel,73.13,0.05,0,69.47,25.59,6.04,37.84
188,33,2024-04-11,Home,61.47,0.2,0,49.18,29.51,5.74,13.93
189,33,2024-06-14,Apparel,66.7,0.1,0,60.03,23.35,5.9,30.78
190,33,2024-07-12,Home,76.62,0.0,0,76.62,36.78,6.15,33.69
191,33,2024-08-04,Electronics,175.62,0.1,0,158.06,126.44,7.37,24.25
192,33,2024-10-17,Apparel,86.61,0.05,0,82.28,30.31,6.23,45.74
193,33,2025-03-17,Apparel,51.39,0.0,0,51.39,17.99,5.77,27.63
194,34,2024-07-16,Home,103.71,0.2,0,82.97,49.78,6.24,26.95
195,34,2024-08-18,Apparel,40.21,0.1,0,36.19,14.07,5.54,16.58
196,34,2024-09-11,Apparel,41.81,0.2,0,33.45,14.64,5.5,13.31
197,34,2024-10-16,Home,75.26,0.05,0,71.5,36.12,6.07,29.31
198,34,2024-10-07,Apparel,39.82,0.0,0,39.82,13.94,5.6,20.28
199,34,2024-10-08,Home,90.87,0.05,0,86.32,43.62,6.29,36.41
200,34,2024-11-04,Electronics,165.98,0.1,0,149.38,119.51,7.24,22.63
201,34,2024-11-20,Electronics,185.73,0.05,0,176.44,133.72,7.65,35.07
202,34,2024-12-10,Home,95.6,0.0,0,95.6,45.89,6.43,43.28
203,34,2024-12-10,Apparel,42.45,0.1,0,38.2,14.86,5.57,17.77
204,34,2025-01-16,Home,125.05,0.1,0,112.54,60.02,6.69,45.83
205,34,2025-02-22,Electronics,182.78,0.0,0,182.78,131.6,7.74,43.44
206,34,2025-03-24,Apparel,47.63,0.0,1,0.0,0.0,12.71,-12.71
207,34,2025-06-15,Electronics,190.92,0.0,0,190.92,137.46,7.86,45.6
208,36,2024-02-26,Accessories,31.55,0.2,0,25.24,9.47,5.38,10.39
209,37,2024-10-15,Accessories,78.56,0.05,0,74.63,23.57,6.12,44.94
210,37,2025-03-10,Home,53.08,0.05,0,50.43,25.48,5.76,19.19
211,37,2025-03-03,Home,200.13,0.05,0,190.13,96.06,7.85,86.22
212,38,2024-10-11,Home,92.87,0.0,0,92.87,44.58,6.39,41.9
213,38,2024-12-06,Home,75.26,0.0,0,75.26,36.12,6.13,33.01
214,38,2025-06-27,Accessories,33.33,0.0,1,0.0,0.0,12.5,-12.5
215,38,2025-06-15,Electronics,481.22,0.0,0,481.22,346.48,12.22,122.52
216,39,2024-02-13,Accessories,31.84,0.05,0,30.25,9.55,5.45,15.25
217,39,2024-03-26,Apparel,61.45,0.0,0,61.45,21.51,5.92,34.02
218,39,2024-04-12,Accessories,45.9,0.05,1,0.0,0.0,12.65,-12.65
219,39,2024-06-02,Home,95.09,0.05,0,90.33,45.64,6.35,38.34
220,39,2024-08-27,Home,65.53,0.05,0,62.26,31.46,5.93,24.87
221,39,2024-09-09,Home,49.59,0.1,0,44.63,23.81,5.67,15.15
222,39,2025-03-27,Electronics,478.02,0.2,0,382.41,344.17,10.74,27.5
223,39,2025-06-17,Apparel,52.34,0.05,0,49.73,18.32,5.75,25.66
224,41,2024-07-18,Home,82.46,0.0,0,82.46,39.58,6.24,36.64
225,41,2024-07-18,Accessories,70.62,0.1,0,63.56,21.19,5.95,36.42
226,41,2024-08-23,Accessories,26.97,0.0,0,26.97,8.09,5.4,13.48
227,41,2024-09-24,Home,94.5,0.1,0,85.05,45.36,6.28,33.41
228,41,2024-11-05,Home,72.78,0.1,0,65.5,34.93,5.98,24.59
229,41,2024-11-26,Accessories,35.71,0.05,0,33.93,10.71,5.51,17.71
230,41,2024-11-16,Electronics,465.23,0.1,0,418.71,334.97,11.28,72.46
231,41,2025-01-23,Apparel,123.21,0.1,0,110.88,43.12,6.66,61.1
232,41,2025-02-25,Home,184.28,0.2,0,147.42,88.45,7.21,51.76
233,41,2025-04-23,Accessories,26.69,0.0,0,26.69,8.01,5.4,13.28
234,41,2025-06-14,Electronics,181.04,0.05,0,171.99,130.35,7.58,34.06
235,41,2025-06-02,Electronics,145.1,0.2,1,0.0,0.0,13.74,-13.74
236,41,2025-06-03,Electronics,314.27,0.05,0,298.56,226.28,9.48,62.8
237,42,2024-04-15,Apparel,103.2,0.0,1,0.0,0.0,13.55,-13.55
238,42,2024-04-28,Electronics,512.91,0.2,0,410.33,369.3,11.15,29.88
239,42,2024-09-03,Electronics,147.37,0.05,0,140.0,106.1,7.1,26.8
240,42,2024-10-14,Accessories,34.11,0.1,0,30.7,10.23,5.46,15.01
241,42,2024-10-02,Accessories,70.32,0.0,0,70.32,21.1,6.05,43.17
242,42,2025-01-12,Apparel,65.71,0.0,1,0.0,0.0,12.99,-12.99
243,43,2024-05-26,Electronics,169.59,0.05,0,161.11,122.1,7.42,31.59
244,43,2024-05-19,Accessories,35.97,0.1,0,32.37,10.79,5.49,16.09
245,43,2024-12-02,Apparel,52.74,0.0,0,52.74,18.46,5.79,28.49
246,44,2024-06-20,Home,59.47,0.0,0,59.47,28.54,5.89,25.04
247,44,2024-12-27,Electronics,182.05,0.0,0,182.05,131.08,7.73,43.24
248,44,2025-05-11,Apparel,56.63,0.05,1,0.0,0.0,12.81,-12.81
249,44,2025-05-17,Accessories,41.44,0.0,0,41.44,12.43,5.62,23.39
250,45,2024-10-04,Apparel,111.78,0.2,0,89.42,39.12,6.34,43.96
251,45,2025-03-11,Home,133.85,0.1,1,0.0,0.0,13.81,-13.81
252,46,2024-09-18,Apparel,66.35,0.0,0,66.35,23.22,6.0,37.13
253,46,2024-11-21,Home,99.09,0.05,0,94.14,47.56,6.41,40.17
254,46,2025-05-07,Accessories,47.05,0.2,0,37.64,14.11,5.56,17.97
255,46,2025-05-08,Apparel,113.04,0.2,0,90.43,39.56,6.36,44.51
256,47,2024-07-10,Electronics,185.22,0.2,0,148.18,133.36,7.22,7.6
257,47,2024-09-16,Apparel,20.91,0.0,0,20.91,7.32,5.31,8.28
258,47,2024-10-19,Electronics,99.2,0.05,0,94.24,71.42,6.41,16.41
259,47,2024-11-11,Electronics,107.36,0.0,0,107.36,77.3,6.61,23.45
260,47,2025-01-05,Electronics,173.38,0.1,0,156.05,124.84,7.34,23.87
261,47,2025-02-19,Electronics,217.9,0.1,1,0.0,0.0,14.94,-14.94
262,47,2025-03-11,Electronics,210.69,0.1,0,189.62,151.7,7.84,30.08
263,47,2025-03-26,Home,41.48,0.0,0,41.48,19.91,5.62,15.95
264,47,2025-05-24,Accessories,28.34,0.05,0,26.92,8.5,5.4,13.02
265,47,2025-06-11,Home,72.08,0.1,0,64.88,34.6,5.97,24.31
266,47,2025-06-24,Electronics,188.86,0.1,0,169.97,135.98,7.55,26.44
267,48,2024-01-14,Apparel,80.64,0.1,0,72.58,28.22,6.09,38.27
268,48,2024-01-18,Electronics,529.45,0.05,0,502.98,381.2,12.54,109.24
269,48,2024-01-17,Electronics,135.22,0.0,0,135.22,97.36,7.03,30.83
270,48,2024-02-01,Apparel,38.26,0.0,0,38.26,13.39,5.57,19.3
271,48,2024-03-16,Electronics,341.14,0.1,0,307.03,245.62,9.61,51.8
272,48,2024-05-14,Apparel,38.31,0.0,0,38.31,13.41,5.57,19.33
273,48,2024-07-07,Electronics,224.05,0.05,0,212.85,161.32,8.19,43.34
274,48,2024-11-15,Electronics,402.68,0.1,0,362.42,289.93,10.44,62.05
275,48,2024-11-14,Accessories,72.25,0.1,0,65.02,21.67,5.98,37.37
276,48,2024-11-12,Home,112.08,0.1,0,100.87,53.8,6.51,40.56
277,48,2025-01-15,Electronics,355.93,0.0,0,355.93,256.27,10.34,89.32
278,48,2025-03-21,Accessories,56.75,0.05,0,53.91,17.03,5.81,31.07
279,48,2025-03-28,Accessories,60.75,0.05,0,57.71,18.22,5.87,33.62
280,48,2025-06-12,Electronics,166.31,0.1,0,149.68,119.74,7.25,22.69
281,49,2024-04-02,Accessories,42.51,0.05,0,40.39,12.75,5.61,22.03
282,49,2024-10-01,Electronics,140.45,0.1,0,126.4,101.12,6.9,18.38
283,49,2024-12-24,Accessories,103.68,0.05,0,98.49,31.1,6.48,60.91
284,49,2025-01-17,Accessories,40.49,0.0,0,40.49,12.15,5.61,22.73
285,49,2025-04-15,Apparel,44.42,0.0,0,44.42,15.55,5.67,23.2
286,49,2025-05-01,Home,117.17,0.1,0,105.45,56.24,6.58,42.63
287,49,2025-05-28,Home,55.33,0.1,0,49.79,26.56,5.75,17.48
288,50,2024-07-03,Accessories,41.76,0.0,0,41.76,12.53,5.63,23.6
289,50,2024-07-05,Apparel,63.51,0.1,1,0.0,0.0,12.86,-12.86
290,50,2024-07-01,Accessories,95.13,0.0,0,95.13,28.54,6.43,60.16
291,50,2024-08-19,Accessories,31.29,0.0,0,31.29,9.39,5.47,16.43
292,50,2024-08-13,Apparel,67.74,0.05,0,64.36,23.71,5.97,34.68
293,50,2025-02-14,Electronics,239.0,0.1,0,215.1,172.08,8.23,34.79
294,51,2024-06-02,Electronics,197.98,0.05,0,188.08,142.54,7.82,37.72
295,51,2024-06-27,Home,71.78,0.1,0,64.6,34.46,5.97,24.17
296,51,2024-07-22,Home,97.6,0.05,0,92.72,46.85,6.39,39.48
297,51,2024-07-24,Electronics,102.25,0.0,0,102.25,73.62,6.53,22.1
298,51,2024-08-09,Home,134.28,0.0,0,134.28,64.45,7.01,62.82
299,51,2024-09-24,Apparel,64.64,0.05,1,0.0,0.0,12.92,-12.92
300,51,2024-10-21,Home,97.43,0.1,0,87.69,46.77,6.32,34.6
301,51,2024-10-13,Apparel,55.12,0.0,0,55.12,19.29,5.83,30.0
302,51,2024-11-20,Home,53.77,0.0,0,53.77,25.81,5.81,22.15
303,51,2025-01-24,Apparel,50.89,0.05,0,48.35,17.81,5.73,24.81
304,51,2025-01-16,Accessories,24.48,0.0,1,0.0,0.0,12.37,-12.37
305,51,2025-05-09,Electronics,199.56,0.1,0,179.6,143.68,7.69,28.23
306,52,2024-09-21,Apparel,34.47,0.05,0,32.74,12.06,5.49,15.19
307,52,2024-11-04,Apparel,44.8,0.0,1,0.0,0.0,12.67,-12.67
308,52,2024-12-14,Electronics,198.7,0.1,0,178.83,143.07,7.68,28.08
309,52,2025-02-11,Home,40.81,0.05,0,38.77,19.59,5.58,13.6
310,52,2025-03-27,Home,91.13,0.2,1,0.0,0.0,13.09,-13.09
311,53,2024-10-25,Apparel,36.18,0.0,0,36.18,12.66,5.54,17.98
312,53,2025-02-22,Apparel,62.3,0.0,1,0.0,0.0,12.93,-12.93
313,53,2025-02-22,Accessories,49.28,0.05,0,46.81,14.78,5.7,26.33
314,53,2025-03-05,Home,99.2,0.0,0,99.2,47.62,6.49,45.09
315,53,2025-05-10,Apparel,56.98,0.0,0,56.98,19.94,5.85,31.19
316,54,2024-03-18,Accessories,22.23,0.1,0,20.01,6.67,5.3,8.04
317,54,2024-03-13,Electronics,179.45,0.2,0,143.56,129.2,7.15,7.21
318,54,2024-06-21,Accessories,21.83,0.0,0,21.83,6.55,5.33,9.95
319,54,2025-03-07,Apparel,92.6,0.05,0,87.97,32.41,6.32,49.24
320,54,2025-03-21,Accessories,42.05,0.2,0,33.64,12.62,5.5,15.52
321,55,2024-05-08,Electronics,125.69,0.0,0,125.69,90.49,6.89,28.31
322,55,2024-08-13,Electronics,125.94,0.05,0,119.64,90.68,6.79,22.17
323,55,2024-09-25,Electronics,165.05,0.05,0,156.8,118.84,7.35,30.61
324,55,2024-11-12,Accessories,75.38,0.0,0,75.38,22.61,6.13,46.64
325,55,2025-02-23,Accessories,50.42,0.1,0,45.38,15.13,5.68,24.57
326,55,2025-02-08,Accessories,20.06,0.1,0,18.05,6.02,5.27,6.76
327,55,2025-04-01,Home,60.74,0.05,0,57.7,29.16,5.87,22.67
328,55,2025-05-10,Home,46.3,0.0,0,46.3,22.22,5.69,18.39
329,56,2024-04-24,Accessories,91.48,0.1,0,82.33,27.44,6.23,48.66
330,56,2024-05-07,Home,128.79,0.2,0,103.03,61.82,6.55,34.66
331,56,2024-06-18,Electronics,223.35,0.2,0,178.68,160.81,7.68,10.19
332,56,2024-07-08,Accessories,28.03,0.1,0,25.23,8.41,5.38,11.44
333,56,2024-07-22,Accessories,58.87,0.05,0,55.92,17.66,5.84,32.42
334,56,2024-09-25,Accessories,68.38,0.1,0,61.55,20.52,5.92,35.11
335,56,2024-09-22,Home,95.82,0.05,0,91.03,45.99,6.37,38.67
336,56,2024-11-23,Apparel,135.39,0.1,0,121.85,47.38,6.83,67.64
337,56,2025-01-03,Electronics,152.88,0.1,0,137.59,110.07,7.06,20.46
338,56,2025-02-21,Apparel,62.13,0.0,0,62.13,21.75,5.93,34.45
339,56,2025-02-12,Apparel,39.92,0.1,1,0.0,0.0,12.54,-12.54
340,57,2024-05-12,Apparel,60.93,0.1,0,54.84,21.33,5.82,27.69
341,57,2024-08-02,Home,89.99,0.0,0,89.99,43.2,6.35,40.44
342,57,2024-10-27,Electronics,223.04,0.1,0,200.74,160.59,8.01,32.14
343,57,2024-10-09,Apparel,65.16,0.0,0,65.16,22.8,5.98,36.38
344,57,2024-11-04,Accessories,20.09,0.05,0,19.08,6.03,5.29,7.76
345,57,2024-12-15,Home,76.38,0.0,0,76.38,36.66,6.15,33.57
346,57,2025-01-24,Accessories,98.96,0.05,0,94.01,29.69,6.41,57.91
347,57,2025-02-07,Accessories,147.48,0.0,0,147.48,44.25,7.21,96.02
348,57,2025-04-28,Home,134.58,0.0,0,134.58,64.6,7.02,62.96
349,58,2024-02-25,Home,164.57,0.0,0,164.57,79.0,7.47,78.1
350,58,2024-03-27,Home,84.19,0.05,0,79.98,40.41,6.2,33.37
351,58,2024-05-23,Home,247.88,0.0,0,247.88,118.98,8.72,120.18
352,58,2024-10-25,Accessories,47.77,0.0,0,47.77,14.33,5.72,27.72
353,58,2025-02-20,Electronics,209.11,0.0,0,209.11,150.56,8.14,50.41
354,58,2025-02-15,Home,98.7,0.0,0,98.7,47.37,6.48,44.85
355,58,2025-04-17,Accessories,34.27,0.1,0,30.84,10.28,5.46,15.1
356,58,2025-04-13,Home,74.92,0.0,0,74.92,35.96,6.12,32.84
357,59,2024-01-10,Electronics,205.79,0.05,0,195.5,148.17,7.93,39.4
358,59,2024-03-26,Apparel,82.4,0.0,0,82.4,28.84,6.24,47.32
359,59,2024-03-07,Home,66.93,0.0,0,66.93,32.13,6.0,28.8
360,59,2024-06-24,Apparel,79.46,0.05,1,0.0,0.0,13.13,-13.13
361,59,2025-02-24,Home,65.18,0.1,0,58.66,31.28,5.88,21.5
362,60,2024-02-22,Apparel,58.65,0.1,0,52.79,20.53,5.79,26.47
363,60,2024-06-25,Home,135.2,0.2,0,108.16,64.89,6.62,36.65
364,60,2024-12-10,Electronics,163.83,0.0,0,163.83,117.95,7.46,38.42
365,60,2025-05-19,Electronics,255.34,0.1,0,229.8,183.84,8.45,37.51
366,61,2024-07-17,Home,96.37,0.0,0,96.37,46.26,6.45,43.66
367,61,2024-07-26,Apparel,25.33,0.1,0,22.8,8.87,5.34,8.59
368,62,2024-07-02,Accessories,42.52,0.05,0,40.39,12.76,5.61,22.02
369,62,2024-07-05,Apparel,114.89,0.05,0,109.15,40.21,6.64,62.3
370,62,2024-10-04,Accessories,31.67,0.1,0,28.5,9.5,5.43,13.57
371,62,2024-10-07,Electronics,288.63,0.1,0,259.77,207.82,8.9,43.05
372,62,2024-11-11,Apparel,55.79,0.1,0,50.22,19.53,5.75,24.94
373,62,2025-03-08,Electronics,189.23,0.2,0,151.39,136.25,7.27,7.87
374,62,2025-03-20,Electronics,124.64,0.2,0,99.71,89.74,6.5,3.47
375,63,2025-02-15,Home,96.76,0.1,0,87.09,46.45,6.31,34.33
376,63,2025-05-02,Electronics,316.51,0.05,0,300.69,227.89,9.51,63.29
377,64,2024-05-11,Apparel,33.04,0.1,1,0.0,0.0,12.45,-12.45
378,64,2024-05-16,Apparel,157.72,0.1,0,141.95,55.2,7.13,79.62
379,64,2024-12-08,Electronics,164.28,0.05,0,156.06,118.28,7.34,30.44
380,64,2025-04-27,Electronics,293.33,0.1,0,264.0,211.2,8.96,43.84
381,65,2024-06-18,Accessories,33.84,0.1,0,30.46,10.15,5.46,14.85
382,65,2024-07-16,Home,81.3,0.05,0,77.23,39.02,6.16,32.05
383,65,2024-07-25,Electronics,274.17,0.1,0,246.75,197.4,8.7,40.65
384,65,2024-07-07,Apparel,64.01,0.1,1,0.0,0.0,12.86,-12.86
385,65,2024-08-08,Accessories,32.32,0.1,0,29.09,9.7,5.44,13.95
386,65,2024-09-06,Home,68.3,0.0,0,68.3,32.78,6.02,29.5
387,65,2024-10-17,Home,131.08,0.05,0,124.53,62.92,6.87,54.74
388,65,2024-11-27,Home,76.16,0.0,0,76.16,36.56,6.14,33.46
389,65,2025-02-16,Apparel,119.51,0.0,0,119.51,41.83,6.79,70.89
390,65,2025-03-10,Electronics,133.32,0.05,0,126.66,95.99,6.9,23.77
391,65,2025-04-06,Electronics,114.23,0.0,0,114.23,82.25,6.71,25.27
392,65,2025-04-24,Electronics,223.76,0.0,0,223.76,161.11,8.36,54.29
393,66,2024-09-18,Home,185.46,0.05,0,176.19,89.02,7.64,79.53
394,66,2024-10-20,Accessories,48.78,0.05,1,0.0,0.0,12.7,-12.7
395,66,2024-11-22,Accessories,24.98,0.2,0,19.99,7.49,5.3,7.2
396,66,2024-11-12,Home,104.91,0.0,0,104.91,50.35,6.57,47.99
397,66,2024-12-04,Accessories,42.59,0.1,0,38.33,12.78,5.57,19.98
398,66,2025-01-19,Electronics,211.56,0.1,0,190.41,152.32,7.86,30.23
399,66,2025-02-10,Electronics,75.74,0.2,0,60.59,54.53,5.91,0.15
400,66,2025-03-19,Home,51.6,0.0,0,51.6,24.77,5.77,21.06
401,66,2025-03-26,Electronics,197.92,0.2,0,158.34,142.51,7.38,8.45
402,66,2025-06-22,Accessories,44.3,0.1,0,39.87,13.29,5.6,20.98
403,67,2024-09-14,Apparel,35.37,0.0,0,35.37,12.38,5.53,17.46
404,67,2024-10-08,Accessories,31.0,0.1,0,27.9,9.3,5.42,13.18
405,67,2024-11-09,Apparel,61.01,0.1,0,54.91,21.35,5.82,27.74
406,67,2025-01-18,Apparel,44.65,0.05,0,42.42,15.63,5.64,21.15
407,68,2024-10-11,Home,73.16,0.0,0,73.16,35.12,6.1,31.94
408,68,2024-10-10,Accessories,50.11,0.05,0,47.61,15.03,5.71,26.87
409,68,2024-12-11,Accessories,37.49,0.05,0,35.61,11.25,5.53,18.83
410,68,2024-12-01,Electronics,57.25,0.1,1,0.0,0.0,12.77,-12.77
411,68,2025-02-19,Apparel,38.98,0.0,1,0.0,0.0,12.58,-12.58
412,68,2025-02-13,Home,153.85,0.2,0,123.08,73.85,6.85,42.38
413,68,2025-03-01,Electronics,194.11,0.0,0,194.11,139.76,7.91,46.44
414,68,2025-04-12,Accessories,43.17,0.0,1,0.0,0.0,12.65,-12.65
415,68,2025-04-05,Accessories,28.09,0.0,0,28.09,8.43,5.42,14.24
416,68,2025-06-10,Apparel,52.2,0.05,0,49.59,18.27,5.74,25.58
417,69,2024-07-13,Apparel,61.25,0.2,0,49.0,21.44,5.73,21.83
418,69,2024-08-20,Electronics,149.96,0.05,0,142.46,107.97,7.14,27.35
419,69,2024-10-12,Electronics,261.23,0.05,0,248.17,188.09,8.72,51.36
420,69,2024-10-01,Apparel,47.92,0.0,0,47.92,16.77,5.72,25.43
421,69,2024-12-23,Accessories,48.03,0.05,0,45.63,14.41,5.68,25.54
422,69,2025-01-22,Home,114.04,0.0,0,114.04,54.74,6.71,52.59
423,69,2025-02-22,Electronics,209.99,0.0,0,209.99,151.19,8.15,50.65
424,69,2025-02-21,Accessories,63.5,0.0,0,63.5,19.05,5.95,38.5
425,69,2025-06-06,Apparel,75.02,0.1,0,67.52,26.26,6.01,35.25
426,69,2025-06-26,Home,50.59,0.1,0,45.53,24.28,5.68,15.57
427,70,2024-10-23,Electronics,143.58,0.2,0,114.87,103.38,6.72,4.77
428,70,2024-12-15,Electronics,171.76,0.05,0,163.18,123.67,7.45,32.06
429,70,2025-01-09,Electronics,255.67,0.05,0,242.88,184.08,8.64,50.16
430,71,2024-10-15,Apparel,59.92,0.0,0,59.92,20.97,5.9,33.05
431,71,2024-12-21,Accessories,69.55,0.0,0,69.55,20.87,6.04,42.64
432,71,2025-04-03,Apparel,57.33,0.0,1,0.0,0.0,12.86,-12.86
433,71,2025-06-11,Accessories,74.02,0.05,0,70.32,22.21,6.05,42.06
434,72,2024-02-17,Electronics,116.39,0.0,0,116.39,83.8,6.75,25.84
435,72,2024-06-06,Electronics,179.57,0.05,0,170.59,129.29,7.56,33.74
436,72,2024-07-13,Accessories,28.73,0.1,0,25.86,8.62,5.39,11.85
437,73,2024-11-06,Home,97.59,0.05,0,92.71,46.84,6.39,39.48
438,73,2024-11-24,Accessories,38.84,0.1,0,34.96,11.65,5.52,17.79
439,73,2025-03-21,Apparel,31.83,0.05,0,30.24,11.14,5.45,13.65
440,73,2025-05-13,Home,113.7,0.1,0,102.33,54.58,6.54,41.21
441,73,2025-05-16,Home,133.86,0.0,0,133.86,64.25,7.01,62.6
442,74,2024-04-13,Electronics,145.1,0.05,1,0.0,0.0,14.07,-14.07
443,75,2024-06-26,Accessories,19.58,0.2,0,15.66,5.87,5.23,4.56
444,76,2024-01-23,Accessories,41.61,0.0,0,41.61,12.48,5.62,23.51
445,76,2024-02-21,Accessories,37.87,0.05,0,35.98,11.36,5.54,19.08
446,76,2024-04-17,Accessories,22.16,0.1,0,19.94,6.65,5.3,7.99
447,77,2024-04-17,Electronics,159.25,0.0,0,159.25,114.66,7.39,37.2
448,77,2024-05-23,Apparel,79.24,0.05,1,0.0,0.0,13.13,-13.13
449,77,2024-05-15,Accessories,25.86,0.05,0,24.57,7.76,5.37,11.44
450,77,2024-05-04,Electronics,100.46,0.1,0,90.41,72.33,6.36,11.72
451,77,2024-06-11,Apparel,67.62,0.2,0,54.09,23.67,5.81,24.61
452,77,2024-07-21,Accessories,23.76,0.0,0,23.76,7.13,5.36,11.27
453,77,2024-08-03,Apparel,72.99,0.0,0,72.99,25.55,6.09,41.35
454,77,2024-08-07,Apparel,94.0,0.2,0,75.2,32.9,6.13,36.17
455,77,2024-09-13,Accessories,32.23,0.1,0,29.01,9.67,5.44,13.9
456,77,2024-09-23,Apparel,56.42,0.0,0,56.42,19.75,5.85,30.82
457,77,2024-12-22,Accessories,40.02,0.2,0,32.02,12.01,5.48,14.53
458,77,2024-12-11,Home,42.55,0.0,0,42.55,20.42,5.64,16.49
459,77,2025-02-07,Home,94.67,0.05,0,89.94,45.44,6.35,38.15
460,77,2025-06-17,Electronics,115.46,0.0,0,115.46,83.13,6.73,25.6
461,78,2024-08-19,Apparel,33.93,0.0,0,33.93,11.88,5.51,16.54
462,78,2025-01-13,Home,62.43,0.1,0,56.19,29.97,5.84,20.38
463,78,2025-06-09,Accessories,20.41,0.1,0,18.37,6.12,5.28,6.97
464,78,2025-06-09,Accessories,58.19,0.1,0,52.37,17.46,5.79,29.12
465,79,2024-03-02,Electronics,164.86,0.2,0,131.89,118.7,6.98,6.21
466,80,2024-09-13,Electronics,215.72,0.05,0,204.93,155.32,8.07,41.54
467,80,2025-03-19,Electronics,190.32,0.1,0,171.29,137.03,7.57,26.69
468,81,2024-06-24,Apparel,48.62,0.0,0,48.62,17.02,5.73,25.87
469,81,2024-08-16,Electronics,232.11,0.2,0,185.69,167.12,7.79,10.78
470,81,2025-06-01,Home,97.73,0.0,0,97.73,46.91,6.47,44.35
471,82,2024-05-19,Accessories,27.48,0.2,0,21.98,8.24,5.33,8.41
472,83,2024-06-05,Electronics,220.67,0.1,0,198.6,158.88,7.98,31.74
473,83,2024-07-09,Home,91.28,0.1,0,82.15,43.81,6.23,32.11
474,83,2024-12-22,Accessories,49.95,0.0,0,49.95,14.98,5.75,29.22
475,83,2025-01-20,Accessories,21.74,0.05,0,20.65,6.52,5.31,8.82
476,83,2025-05-28,Electronics,403.64,0.1,0,363.28,290.62,10.45,62.21
477,83,2025-05-04,Home,100.32,0.05,0,95.31,48.15,6.43,40.73
478,84,2024-02-09,Home,104.92,0.0,0,104.92,50.36,6.57,47.99
479,84,2024-03-05,Electronics,64.68,0.05,1,0.0,0.0,12.92,-12.92
480,84,2024-03-09,Home,195.96,0.05,0,186.16,94.06,7.79,84.31
481,84,2024-09-17,Apparel,47.44,0.1,1,0.0,0.0,12.64,-12.64
482,84,2024-12-23,Accessories,29.93,0.2,0,23.95,8.98,5.36,9.61
483,84,2024-12-26,Accessories,63.46,0.0,0,63.46,19.04,5.95,38.47
484,84,2025-03-18,Electronics,121.32,0.05,0,115.26,87.35,6.73,21.18
485,85,2024-10-04,Electronics,256.13,0.0,0,256.13,184.41,8.84,62.88
486,85,2024-11-16,Apparel,96.2,0.0,1,0.0,0.0,13.44,-13.44
487,85,2025-01-22,Accessories,15.88,0.0,0,15.88,4.76,5.24,5.88
488,85,2025-04-24,Accessories,41.97,0.1,0,37.77,12.59,5.57,19.61
489,86,2025-04-05,Accessories,41.77,0.0,0,41.77,12.53,5.63,23.61
490,86,2025-05-03,Accessories,56.99,0.05,0,54.14,17.1,5.81,31.23
491,86,2025-05-05,Apparel,48.68,0.05,0,46.24,17.04,5.69,23.51
492,87,2024-01-27,Apparel,38.72,0.0,0,38.72,13.55,5.58,19.59
493,87,2024-04-02,Accessories,41.1,0.0,0,41.1,12.33,5.62,23.15
494,87,2024-07-07,Accessories,65.37,0.05,0,62.1,19.61,5.93,36.56
495,87,2024-07-22,Accessories,22.65,0.2,0,18.12,6.8,5.27,6.05
496,87,2024-08-03,Apparel,74.57,0.0,0,74.57,26.1,6.12,42.35
497,87,2025-01-17,Home,172.81,0.1,0,155.53,82.95,7.33,65.25
498,87,2025-06-08,Apparel,48.74,0.05,0,46.3,17.06,5.69,23.55
499,88,2024-05-05,Apparel,66.71,0.05,0,63.37,23.35,5.95,34.07
500,88,2024-06-23,Home,101.39,0.05,0,96.32,48.67,6.44,41.21
501,88,2024-06-26,Electronics,259.04,0.05,0,246.09,186.51,8.69,50.89
502,88,2024-06-27,Electronics,160.55,0.05,0,152.53,115.6,7.29,29.64
503,88,2025-02-16,Apparel,80.98,0.0,0,80.98,28.34,6.21,46.43
504,88,2025-02-01,Apparel,31.62,0.0,0,31.62,11.07,5.47,15.08
505,88,2025-04-27,Accessories,61.32,0.1,0,55.19,18.4,5.83,30.96
506,88,2025-04-18,Apparel,50.35,0.0,0,50.35,17.62,5.76,26.97
507,88,2025-04-28,Accessories,36.31,0.05,1,0.0,0.0,12.52,-12.52
508,89,2024-11-03,Apparel,68.9,0.2,0,55.12,24.12,5.83,25.17
509,89,2024-11-12,Accessories,42.55,0.1,0,38.29,12.76,5.57,19.96
510,89,2025-01-19,Accessories,91.23,0.1,0,82.11,27.37,6.23,48.51
511,89,2025-01-07,Apparel,78.92,0.2,0,63.14,27.62,5.95,29.57
512,89,2025-03-14,Home,125.43,0.2,1,0.0,0.0,13.51,-13.51
513,89,2025-04-28,Electronics,248.52,0.05,1,0.0,0.0,15.54,-15.54
514,90,2024-09-19,Home,64.06,0.1,0,57.66,30.75,5.86,21.05
515,90,2025-02-21,Apparel,55.89,0.0,0,55.89,19.56,5.84,30.49
516,90,2025-02-15,Home,60.91,0.05,0,57.87,29.24,5.87,22.76
517,90,2025-06-06,Home,160.69,0.0,0,160.69,77.13,7.41,76.15
518,91,2024-06-11,Apparel,48.94,0.2,0,39.15,17.13,5.59,16.43
519,91,2024-06-06,Accessories,33.43,0.2,1,0.0,0.0,12.4,-12.4
520,91,2024-06-14,Apparel,28.54,0.1,0,25.69,9.99,5.39,10.31
521,91,2025-06-23,Home,77.8,0.0,0,77.8,37.35,6.17,34.28
522,92,2024-03-28,Electronics,203.37,0.1,0,183.03,146.42,7.75,28.86
523,92,2025-02-15,Accessories,90.1,0.1,0,81.09,27.03,6.22,47.84
524,92,2025-02-22,Electronics,462.79,0.05,0,439.65,333.21,11.59,94.85
525,92,2025-02-17,Electronics,376.17,0.2,0,300.93,270.84,9.51,20.58
526,93,2024-11-22,Accessories,65.53,0.1,0,58.98,19.66,5.88,33.44
527,93,2025-01-15,Home,69.86,0.05,0,66.37,33.53,6.0,26.84
528,93,2025-02-17,Home,185.37,0.1,0,166.83,88.98,7.5,70.35
529,93,2025-03-17,Electronics,58.54,0.2,0,46.83,42.15,5.7,-1.02
530,93,2025-03-22,Home,62.68,0.2,0,50.15,30.09,5.75,14.31
531,93,2025-04-02,Electronics,146.38,0.05,0,139.06,105.4,7.09,26.57
532,94,2024-10-09,Apparel,38.42,0.2,0,30.73,13.45,5.46,11.82
533,94,2025-04-05,Accessories,20.72,0.1,1,0.0,0.0,12.28,-12.28
534,95,2024-07-07,Accessories,42.29,0.1,1,0.0,0.0,12.57,-12.57
535,95,2025-01-04,Home,273.85,0.0,0,273.85,131.45,9.11,133.29
536,96,2024-02-12,Home,120.68,0.1,0,108.62,57.93,6.63,44.06
537,96,2024-03-14,Apparel,50.43,0.05,0,47.91,17.65,5.72,24.54
538,96,2024-04-13,Accessories,56.88,0.0,0,56.88,17.06,5.85,33.97
539,96,2024-05-22,Apparel,74.6,0.0,1,0.0,0.0,13.12,-13.12
540,96,2024-06-16,Electronics,184.08,0.0,0,184.08,132.54,7.76,43.78
541,96,2024-07-11,Apparel,68.54,0.05,0,65.11,23.99,5.98,35.14
542,96,2024-10-23,Accessories,63.75,0.0,1,0.0,0.0,12.96,-12.96
543,96,2024-11-06,Electronics,173.61,0.0,0,173.61,125.0,7.6,41.01
544,96,2025-02-07,Apparel,144.54,0.1,1,0.0,0.0,13.95,-13.95
545,96,2025-03-01,Accessories,53.5,0.0,1,0.0,0.0,12.8,-12.8
546,97,2024-06-22,Apparel,135.38,0.1,1,0.0,0.0,13.83,-13.83
547,97,2024-07-03,Electronics,156.22,0.05,0,148.41,112.48,7.23,28.7
548,97,2024-08-08,Apparel,93.39,0.0,0,93.39,32.69,6.4,54.3
549,97,2024-09-12,Accessories,37.15,0.2,0,29.72,11.14,5.45,13.13
550,98,2024-09-23,Apparel,56.99,0.1,0,51.29,19.95,5.77,25.57
551,98,2025-04-25,Electronics,344.65,0.0,0,344.65,248.15,10.17,86.33
552,98,2025-04-05,Accessories,66.43,0.2,0,53.14,19.93,5.8,27.41
553,99,2024-09-07,Apparel,111.55,0.2,0,89.24,39.04,6.34,43.86
554,99,2024-11-17,Apparel,78.47,0.05,0,74.54,27.46,6.12,40.96
555,99,2025-04-25,Electronics,185.12,0.1,0,166.61,133.29,7.5,25.82
556,99,2025-04-05,Apparel,80.05,0.0,0,80.05,28.02,6.2,45.83
557,100,2024-07-12,Accessories,46.26,0.0,0,46.26,13.88,5.69,26.69
558,100,2024-10-27,Accessories,44.26,0.0,0,44.26,13.28,5.66,25.32
559,101,2024-05-24,Apparel,107.8,0.0,1,0.0,0.0,13.62,-13.62
560,101,2024-05-23,Accessories,51.94,0.1,0,46.75,15.58,5.7,25.47
561,101,2025-02-09,Apparel,101.71,0.0,0,101.71,35.6,6.53,59.58
562,101,2025-06-24,Home,109.62,0.05,0,104.14,52.62,6.56,44.96
563,102,2024-05-19,Apparel,46.77,0.0,0,46.77,16.37,5.7,24.7
564,102,2024-07-16,Apparel,88.07,0.0,0,88.07,30.83,6.32,50.92
565,102,2024-08-23,Electronics,376.7,0.2,0,301.36,271.23,9.52,20.61
566,102,2024-10-18,Electronics,160.84,0.05,0,152.8,115.8,7.29,29.71
567,102,2024-10-21,Accessories,38.6,0.05,1,0.0,0.0,12.55,-12.55
568,102,2024-12-14,Electronics,162.94,0.1,0,146.64,117.31,7.2,22.13
569,102,2025-02-14,Electronics,345.88,0.2,0,276.7,249.03,9.15,18.52
570,102,2025-02-12,Electronics,237.59,0.0,0,237.59,171.07,8.56,57.96
571,102,2025-02-12,Electronics,142.01,0.0,0,142.01,102.25,7.13,32.63
572,102,2025-03-14,Apparel,96.58,0.2,0,77.27,33.8,6.16,37.31
573,102,2025-05-13,Accessories,81.47,0.0,0,81.47,24.44,6.22,50.81
574,103,2024-01-10,Electronics,214.99,0.05,0,204.24,154.79,8.06,41.39
575,103,2024-03-06,Apparel,37.77,0.05,0,35.88,13.22,5.54,17.12
576,103,2024-03-03,Accessories,25.58,0.1,0,23.02,7.67,5.35,10.0
577,103,2024-03-15,Accessories,60.46,0.0,0,60.46,18.14,5.91,36.41
578,103,2024-11-10,Apparel,64.71,0.0,0,64.71,22.65,5.97,36.09
579,103,2025-01-09,Accessories,71.46,0.0,0,71.46,21.44,6.07,43.95
580,103,2025-01-19,Electronics,299.41,0.1,0,269.47,215.57,9.04,44.86
581,103,2025-01-05,Home,157.06,0.1,0,141.35,75.39,7.12,58.84
582,103,2025-02-07,Electronics,229.93,0.0,0,229.93,165.55,8.45,55.93
583,103,2025-02-19,Home,59.43,0.0,0,59.43,28.53,5.89,25.01
584,103,2025-03-24,Accessories,26.2,0.1,0,23.58,7.86,5.35,10.37
585,103,2025-03-17,Home,118.72,0.0,0,118.72,56.99,6.78,54.95
586,103,2025-03-14,Accessories,63.31,0.1,0,56.98,18.99,5.85,32.14
587,103,2025-05-03,Apparel,147.52,0.0,0,147.52,51.63,7.21,88.68
588,104,2024-06-06,Home,119.79,0.05,0,113.8,57.5,6.71,49.59
589,104,2024-07-05,Accessories,23.27,0.05,0,22.11,6.98,5.33,9.8
590,104,2024-07-10,Apparel,52.62,0.1,1,0.0,0.0,12.71,-12.71
591,104,2025-01-07,Electronics,150.24,0.1,0,135.22,108.17,7.03,20.02
592,104,2025-01-14,Accessories,44.79,0.1,0,40.31,13.44,5.6,21.27
593,105,2024-02-02,Apparel,59.28,0.0,0,59.28,20.75,5.89,32.64
594,105,2024-03-20,Accessories,39.55,0.05,0,37.57,11.86,5.56,20.15
595,105,2024-05-05,Apparel,89.88,0.1,0,80.89,31.46,6.21,43.22
596,105,2024-05-09,Home,77.18,0.05,0,73.32,37.05,6.1,30.17
597,105,2024-06-05,Accessories,57.87,0.05,0,54.98,17.36,5.82,31.8
598,105,2024-07-17,Home,81.75,0.05,0,77.66,39.24,6.16,32.26
599,105,2024-08-05,Home,69.89,0.1,0,62.9,33.55,5.94,23.41
600,105,2024-09-07,Electronics,92.97,0.1,0,83.67,66.94,6.26,10.47
601,105,2024-10-26,Accessories,31.41,0.05,0,29.84,9.42,5.45,14.97
602,105,2024-10-24,Apparel,74.94,0.1,0,67.44,26.23,6.01,35.2
603,105,2024-11-28,Electronics,286.33,0.0,0,286.33,206.16,9.3,70.87
604,105,2024-12-27,Electronics,175.26,0.2,0,140.21,126.19,7.1,6.92
605,105,2025-06-09,Home,64.11,0.05,1,0.0,0.0,12.91,-12.91
606,106,2024-02-06,Electronics,99.43,0.05,0,94.46,71.59,6.42,16.45
607,106,2024-04-05,Apparel,29.91,0.05,0,28.42,10.47,5.43,12.52
608,106,2024-04-05,Accessories,58.64,0.1,0,52.78,17.59,5.79,29.4
609,106,2024-04-15,Home,48.07,0.0,0,48.07,23.08,5.72,19.27
610,106,2024-04-20,Electronics,126.09,0.1,0,113.48,90.78,6.7,16.0
611,106,2024-11-24,Apparel,57.91,0.05,0,55.02,20.27,5.83,28.92
612,106,2025-05-23,Home,78.61,0.0,0,78.61,37.73,6.18,34.7
613,107,2024-04-25,Home,40.13,0.1,0,36.12,19.26,5.54,11.32
614,107,2024-05-02,Apparel,69.88,0.0,0,69.88,24.46,6.05,39.37
615,107,2024-08-12,Apparel,85.37,0.05,1,0.0,0.0,13.22,-13.22
616,107,2024-10-16,Accessories,28.97,0.0,0,28.97,8.69,5.43,14.85
617,107,2024-11-19,Accessories,53.27,0.1,1,0.0,0.0,12.72,-12.72
618,107,2024-11-10,Home,113.11,0.1,0,101.8,54.29,6.53,40.98
619,107,2025-01-12,Home,90.64,0.05,0,86.11,43.51,6.29,36.31
620,107,2025-02-16,Accessories,91.86,0.0,0,91.86,27.56,6.38,57.92
621,107,2025-06-27,Home,77.26,0.05,0,73.39,37.08,6.1,30.21
622,108,2024-05-10,Apparel,52.1,0.1,0,46.89,18.24,5.7,22.95
623,108,2024-05-28,Apparel,79.89,0.0,0,79.89,27.96,6.2,45.73
624,108,2024-05-05,Accessories,25.13,0.05,0,23.87,7.54,5.36,10.97
625,108,2024-06-07,Accessories,33.98,0.0,0,33.98,10.19,5.51,18.28
626,108,2024-06-08,Apparel,60.43,0.05,1,0.0,0.0,12.86,-12.86
627,108,2024-07-18,Accessories,35.53,0.0,0,35.53,10.66,5.53,19.34
628,108,2024-08-09,Home,74.68,0.2,0,59.74,35.85,5.9,17.99
629,108,2024-12-23,Apparel,47.42,0.0,0,47.42,16.6,5.71,25.11
630,108,2025-02-05,Home,110.21,0.0,1,0.0,0.0,13.65,-13.65
631,109,2024-06-24,Electronics,74.92,0.0,0,74.92,53.94,6.12,14.86
632,109,2025-06-22,Home,85.48,0.2,0,68.39,41.03,6.03,21.33
633,109,2025-06-15,Electronics,143.22,0.1,0,128.9,103.12,6.93,18.85
634,110,2024-03-10,Home,105.51,0.2,0,84.41,50.65,6.27,27.49
635,110,2024-05-05,Home,35.67,0.05,1,0.0,0.0,12.51,-12.51
636,110,2024-11-05,Electronics,278.08,0.05,0,264.18,200.22,8.96,55.0
637,110,2024-11-21,Accessories,32.41,0.1,0,29.17,9.72,5.44,14.01
638,110,2024-12-06,Apparel,62.58,0.05,1,0.0,0.0,12.89,-12.89
639,110,2025-02-09,Accessories,59.51,0.1,0,53.56,17.85,5.8,29.91
640,110,2025-06-13,Home,81.04,0.1,0,72.94,38.9,6.09,27.95
641,111,2024-09-07,Apparel,24.95,0.2,0,19.96,8.73,5.3,5.93
642,111,2024-09-23,Apparel,80.41,0.05,0,76.39,28.14,6.15,42.1
643,111,2024-10-21,Apparel,28.71,0.1,0,25.84,10.05,5.39,10.4
644,111,2025-03-25,Apparel,39.01,0.0,1,0.0,0.0,12.59,-12.59
645,111,2025-06-27,Accessories,49.88,0.05,0,47.39,14.96,5.71,26.72
646,111,2025-06-03,Accessories,40.76,0.0,0,40.76,12.23,5.61,22.92
647,112,2024-06-19,Apparel,28.03,0.1,0,25.22,9.81,5.38,10.03
648,112,2024-07-15,Apparel,56.52,0.1,0,50.87,19.78,5.76,25.33
649,112,2025-02-01,Apparel,75.38,0.2,0,60.31,26.38,5.9,28.03
650,112,2025-04-16,Accessories,72.95,0.0,1,0.0,0.0,13.09,-13.09
651,113,2024-05-17,Home,83.65,0.1,0,75.29,40.15,6.13,29.01
652,113,2024-06-23,Apparel,106.48,0.2,0,85.19,37.27,6.28,41.64
653,113,2024-08-25,Electronics,267.26,0.0,0,267.26,192.43,9.01,65.82
654,113,2024-08-09,Home,80.65,0.0,0,80.65,38.71,6.21,35.73
655,113,2024-10-06,Home,200.69,0.0,0,200.69,96.33,8.01,96.35
656,113,2024-11-27,Home,248.67,0.05,1,0.0,0.0,15.54,-15.54
657,113,2024-11-22,Accessories,34.34,0.0,0,34.34,10.3,5.52,18.52
658,113,2025-01-27,Home,53.71,0.0,0,53.71,25.78,5.81,22.12
659,113,2025-01-28,Accessories,54.29,0.2,0,43.43,16.29,5.65,21.49
660,113,2025-02-25,Electronics,202.31,0.1,0,182.08,145.67,7.73,28.68
661,113,2025-02-26,Electronics,169.66,0.0,0,169.66,122.15,7.54,39.97
662,113,2025-04-24,Home,90.15,0.0,0,90.15,43.27,6.35,40.53
663,113,2025-04-02,Accessories,19.76,0.05,0,18.77,5.93,5.28,7.56
664,113,2025-05-01,Electronics,104.38,0.0,0,104.38,75.15,6.57,22.66
665,114,2024-03-05,Apparel,155.32,0.05,0,147.56,54.36,7.21,85.99
666,114,2024-05-16,Electronics,181.68,0.0,0,181.68,130.81,7.73,43.14
667,114,2024-07-15,Home,65.88,0.2,0,52.7,31.62,5.79,15.29
668,114,2024-08-18,Electronics,224.82,0.05,0,213.58,161.87,8.2,43.51
669,114,2024-10-27,Home,95.53,0.0,0,95.53,45.85,6.43,43.25
670,114,2024-10-04,Home,148.3,0.0,0,148.3,71.19,7.22,69.89
671,114,2024-10-27,Electronics,157.12,0.05,0,149.27,113.13,7.24,28.9
672,115,2024-04-17,Accessories,45.26,0.1,0,40.73,13.58,5.61,21.54
673,115,2024-08-27,Electronics,237.48,0.0,0,237.48,170.99,8.56,57.93
674,115,2024-11-20,Electronics,269.28,0.0,0,269.28,193.88,9.04,66.36
675,115,2025-06-25,Home,116.63,0.05,0,110.8,55.98,6.66,48.16
676,115,2025-06-13,Home,154.47,0.05,0,146.75,74.15,7.2,65.4
677,115,2025-06-15,Apparel,41.43,0.05,0,39.36,14.5,5.59,19.27
678,116,2024-05-21,Home,68.81,0.05,0,65.37,33.03,5.98,26.36
679,117,2024-07-04,Home,112.57,0.0,0,112.57,54.04,6.69,51.84
680,117,2024-08-01,Electronics,284.59,0.05,0,270.36,204.9,9.06,56.4
681,117,2024-08-28,Electronics,556.87,0.1,0,501.18,400.95,12.52,87.71
682,117,2024-09-06,Home,145.19,0.1,0,130.68,69.69,6.96,54.03
683,117,2024-10-12,Electronics,163.96,0.05,0,155.76,118.05,7.34,30.37
684,117,2024-12-07,Apparel,40.08,0.05,0,38.08,14.03,5.57,18.48
685,117,2025-01-07,Electronics,78.85,0.2,0,63.08,56.77,5.95,0.36
686,117,2025-02-26,Accessories,24.15,0.05,0,22.94,7.24,5.34,10.36
687,117,2025-04-26,Accessories,26.37,0.0,0,26.37,7.91,5.4,13.06
688,117,2025-04-12,Home,57.78,0.2,0,46.23,27.74,5.69,12.8
689,117,2025-06-23,Home,90.64,0.2,0,72.51,43.51,6.09,22.91
690,118,2024-01-22,Accessories,44.48,0.05,0,42.26,13.35,5.63,23.28
691,118,2024-10-08,Accessories,36.04,0.1,1,0.0,0.0,12.49,-12.49
692,118,2024-10-06,Accessories,50.47,0.2,0,40.38,15.14,5.61,19.63
693,118,2025-01-13,Home,150.05,0.05,0,142.54,72.02,7.14,63.38
694,118,2025-01-11,Apparel,44.89,0.0,1,0.0,0.0,12.67,-12.67
695,119,2024-03-22,Accessories,62.39,0.1,0,56.15,18.72,5.84,31.59
696,119,2024-03-27,Home,97.48,0.05,0,92.61,46.79,6.39,39.43
697,119,2024-09-23,Electronics,202.52,0.2,0,162.01,145.81,7.43,8.77
698,119,2025-03-10,Home,111.34,0.1,0,100.21,53.45,6.5,40.26
699,119,2025-06-25,Home,199.11,0.2,0,159.28,95.57,7.39,56.32
700,120,2024-09-12,Accessories,58.84,0.1,0,52.96,17.65,5.79,29.52
701,120,2025-01-20,Accessories,44.29,0.0,0,44.29,13.29,5.66,25.34
702,120,2025-01-19,Apparel,78.24,0.05,0,74.33,27.38,6.11,40.84
703,120,2025-02-28,Apparel,36.18,0.1,0,32.56,12.66,5.49,14.41
704,120,2025-02-27,Electronics,125.57,0.2,0,100.46,90.41,6.51,3.54
705,120,2025-05-18,Apparel,91.15,0.0,0,91.15,31.9,6.37,52.88
706,121,2024-05-12,Apparel,27.22,0.2,0,21.78,9.53,5.33,6.92
707,121,2024-11-01,Accessories,30.87,0.1,0,27.79,9.26,5.42,13.11
708,121,2024-12-02,Apparel,45.05,0.0,0,45.05,15.77,5.68,23.6
709,121,2025-05-22,Home,191.54,0.1,0,172.38,91.94,7.59,72.85
710,121,2025-06-22,Electronics,588.85,0.0,0,588.85,423.97,13.83,151.05
711,122,2024-09-12,Electronics,314.41,0.1,0,282.97,226.38,9.24,47.35
712,122,2024-11-11,Home,93.19,0.05,0,88.53,44.73,6.33,37.47
713,122,2025-02-28,Electronics,355.87,0.1,0,320.28,256.22,9.8,54.26
714,122,2025-03-26,Apparel,35.0,0.0,0,35.0,12.25,5.53,17.22
715,122,2025-04-04,Accessories,49.85,0.0,0,49.85,14.95,5.75,29.15
716,122,2025-05-16,Home,106.51,0.1,0,95.86,51.12,6.44,38.3
717,122,2025-05-15,Apparel,30.04,0.05,1,0.0,0.0,12.43,-12.43
718,123,2024-06-08,Accessories,31.56,0.1,0,28.41,9.47,5.43,13.51
719,123,2024-06-03,Accessories,89.46,0.0,0,89.46,26.84,6.34,56.28
720,123,2024-09-25,Accessories,26.04,0.0,0,26.04,7.81,5.39,12.84
721,123,2024-10-11,Apparel,25.25,0.05,1,0.0,0.0,12.36,-12.36
722,123,2025-03-06,Accessories,70.95,0.05,0,67.4,21.28,6.01,40.11
723,123,2025-04-16,Home,126.12,0.0,0,126.12,60.54,6.89,58.69
724,123,2025-05-11,Electronics,382.2,0.0,0,382.2,275.18,10.73,96.29
725,124,2024-05-11,Home,85.08,0.1,0,76.57,40.84,6.15,29.58
726,125,2024-10-21,Electronics,252.71,0.05,0,240.07,181.95,8.6,49.52
727,125,2025-04-25,Apparel,56.7,0.05,0,53.87,19.85,5.81,28.21
728,125,2025-04-07,Electronics,166.52,0.1,0,149.87,119.89,7.25,22.73
729,125,2025-05-15,Accessories,57.89,0.05,0,55.0,17.37,5.82,31.81
730,125,2025-06-08,Apparel,90.35,0.05,0,85.84,31.62,6.29,47.93
731,126,2024-07-12,Home,112.11,0.2,0,89.69,53.81,6.35,29.53
732,126,2024-10-18,Apparel,103.67,0.1,0,93.3,36.28,6.4,50.62
733,127,2024-02-22,Home,65.56,0.0,0,65.56,31.47,5.98,28.11
734,127,2024-03-19,Electronics,321.0,0.2,0,256.8,231.12,8.85,16.83
735,127,2024-07-15,Accessories,35.49,0.1,0,31.94,10.65,5.48,15.81
736,127,2024-07-20,Apparel,67.11,0.2,0,53.69,23.49,5.81,24.39
737,127,2024-09-02,Electronics,242.15,0.2,0,193.72,174.35,7.91,11.46
738,127,2024-09-21,Apparel,44.55,0.0,1,0.0,0.0,12.67,-12.67
739,127,2024-10-01,Electronics,149.63,0.2,0,119.7,107.73,6.8,5.17
740,127,2024-11-20,Accessories,42.68,0.1,0,38.41,12.8,5.58,20.03
741,127,2025-01-02,Accessories,34.44,0.1,0,30.99,10.33,5.46,15.2
742,127,2025-05-03,Electronics,142.96,0.2,0,114.37,102.93,6.72,4.72
743,127,2025-06-27,Accessories,29.96,0.05,0,28.46,8.99,5.43,14.04
744,128,2024-10-16,Home,117.39,0.1,0,105.65,56.35,6.58,42.72
745,128,2024-10-23,Electronics,205.06,0.0,0,205.06,147.64,8.08,49.34
746,128,2024-11-12,Electronics,205.31,0.2,0,164.25,147.82,7.46,8.97
747,128,2025-01-18,Accessories,50.49,0.05,1,0.0,0.0,12.72,-12.72
748,129,2024-08-14,Electronics,139.29,0.1,0,125.36,100.29,6.88,18.19
749,129,2024-09-24,Accessories,40.01,0.05,1,0.0,0.0,12.57,-12.57
750,129,2024-11-24,Accessories,26.39,0.1,0,23.75,7.92,5.36,10.47
751,129,2025-04-04,Electronics,149.39,0.0,0,149.39,107.56,7.24,34.59
752,129,2025-04-19,Electronics,318.71,0.05,0,302.78,229.47,9.54,63.77
753,130,2024-09-08,Home,105.04,0.0,0,105.04,50.42,6.58,48.04
754,130,2024-10-28,Home,111.03,0.0,0,111.03,53.3,6.67,51.06
755,130,2024-11-28,Accessories,52.09,0.0,0,52.09,15.63,5.78,30.68
756,130,2024-12-12,Electronics,136.96,0.2,0,109.57,98.61,6.64,4.32
757,130,2025-02-07,Apparel,42.71,0.0,0,42.71,14.95,5.64,22.12
758,130,2025-02-15,Electronics,98.58,0.2,0,78.86,70.98,6.18,1.7
759,130,2025-03-07,Apparel,37.4,0.0,0,37.4,13.09,5.56,18.75
760,130,2025-03-06,Electronics,287.81,0.0,0,287.81,207.22,9.32,71.27
761,130,2025-04-20,Home,40.43,0.05,1,0.0,0.0,12.58,-12.58
762,130,2025-05-18,Apparel,24.81,0.1,0,22.33,8.68,5.33,8.32
763,132,2024-09-19,Electronics,259.9,0.2,0,207.92,187.13,8.12,12.67
764,132,2024-10-10,Apparel,106.67,0.05,0,101.34,37.33,6.52,57.49
765,132,2024-12-09,Accessories,27.81,0.0,0,27.81,8.34,5.42,14.05
766,132,2025-02-05,Apparel,54.04,0.05,0,51.34,18.91,5.77,26.66
767,132,2025-02-24,Electronics,311.7,0.1,0,280.53,224.42,9.21,46.9
768,132,2025-02-12,Home,82.15,0.05,0,78.04,39.43,6.17,32.44
769,132,2025-05-05,Home,45.93,0.0,0,45.93,22.05,5.69,18.19
770,132,2025-05-21,Home,79.66,0.05,0,75.68,38.24,6.14,31.3
771,133,2024-05-14,Home,78.95,0.05,0,75.0,37.9,6.13,30.97
772,133,2024-08-28,Home,94.68,0.1,0,85.21,45.45,6.28,33.48
773,133,2025-03-17,Accessories,97.24,0.0,0,97.24,29.17,6.46,61.61
774,133,2025-03-22,Electronics,234.54,0.1,0,211.09,168.87,8.17,34.05
775,134,2024-02-17,Electronics,375.22,0.2,0,300.17,270.16,9.5,20.51
776,134,2024-02-05,Accessories,30.53,0.2,0,24.42,9.16,5.37,9.89
777,134,2024-04-26,Electronics,219.77,0.2,0,175.82,158.23,7.64,9.95
778,134,2024-05-03,Accessories,21.87,0.05,0,20.78,6.56,5.31,8.91
779,134,2024-07-04,Accessories,32.67,0.05,0,31.04,9.8,5.47,15.77
780,134,2024-08-26,Apparel,37.57,0.05,0,35.69,13.15,5.54,17.0
781,134,2024-09-24,Home,94.53,0.05,0,89.8,45.37,6.35,38.08
782,134,2024-11-13,Apparel,64.59,0.2,1,0.0,0.0,12.78,-12.78
783,134,2024-11-17,Electronics,148.61,0.1,0,133.75,107.0,7.01,19.74
784,134,2025-01-04,Home,122.68,0.05,0,116.54,58.88,6.75,50.91
785,134,2025-02-24,Accessories,31.24,0.2,0,24.99,9.37,5.37,10.25
786,134,2025-04-12,Home,104.18,0.2,0,83.35,50.01,6.25,27.09
787,134,2025-04-18,Electronics,140.78,0.05,0,133.74,101.36,7.01,25.37
788,134,2025-05-18,Home,68.97,0.0,0,68.97,33.11,6.03,29.83
789,134,2025-05-14,Apparel,63.58,0.05,1,0.0,0.0,12.91,-12.91
790,135,2024-09-06,Apparel,60.03,0.05,1,0.0,0.0,12.86,-12.86
791,135,2024-09-12,Accessories,44.33,0.1,0,39.9,13.3,5.6,21.0
792,136,2024-05-15,Apparel,90.32,0.0,0,90.32,31.61,6.35,52.36
793,136,2024-05-10,Accessories,39.91,0.0,1,0.0,0.0,12.6,-12.6
794,136,2024-09-13,Electronics,318.94,0.2,0,255.16,229.64,8.83,16.69
795,136,2024-09-19,Accessories,40.26,0.0,0,40.26,12.08,5.6,22.58
796,136,2024-10-25,Home,106.83,0.2,0,85.47,51.28,6.28,27.91
797,137,2024-10-11,Apparel,48.4,0.05,0,45.98,16.94,5.69,23.35
798,137,2024-11-12,Electronics,291.81,0.05,0,277.22,210.1,9.16,57.96
799,137,2024-11-24,Home,30.66,0.0,0,30.66,14.71,5.46,10.49
800,137,2025-02-23,Home,114.34,0.0,0,114.34,54.89,6.72,52.73
801,137,2025-02-13,Apparel,66.78,0.2,0,53.42,23.37,5.8,24.25
802,137,2025-03-17,Apparel,43.87,0.0,0,43.87,15.36,5.66,22.85
803,138,2024-05-01,Home,61.82,0.1,0,55.64,29.67,5.83,20.14
804,138,2024-07-19,Apparel,92.0,0.1,0,82.8,32.2,6.24,44.36
805,138,2024-07-25,Accessories,26.18,0.1,0,23.56,7.85,5.35,10.36
806,139,2024-10-25,Electronics,281.69,0.0,0,281.69,202.81,9.23,69.65
807,139,2025-03-23,Electronics,424.08,0.1,0,381.67,305.34,10.73,65.6
808,139,2025-05-23,Home,67.39,0.0,0,67.39,32.35,6.01,29.03
809,140,2024-02-07,Accessories,92.29,0.0,0,92.29,27.69,6.38,58.22
810,140,2024-03-23,Home,69.53,0.05,0,66.05,33.37,5.99,26.69
811,140,2024-04-28,Accessories,96.38,0.0,0,96.38,28.91,6.45,61.02
812,140,2024-05-15,Accessories,40.2,0.0,0,40.2,12.06,5.6,22.54
813,140,2024-05-02,Home,94.31,0.2,0,75.45,45.27,6.13,24.05
814,140,2024-06-10,Accessories,62.23,0.0,0,62.23,18.67,5.93,37.63
815,140,2024-07-22,Apparel,33.34,0.05,0,31.68,11.67,5.48,14.53
816,140,2024-07-17,Apparel,69.08,0.0,0,69.08,24.18,6.04,38.86
817,140,2024-09-17,Electronics,113.95,0.0,0,113.95,82.04,6.71,25.2
818,140,2024-10-17,Accessories,25.02,0.05,0,23.76,7.5,5.36,10.9
819,140,2024-10-26,Apparel,34.59,0.05,1,0.0,0.0,12.49,-12.49
820,140,2025-02-04,Home,62.62,0.0,0,62.62,30.06,5.94,26.62
821,140,2025-04-12,Accessories,59.34,0.0,0,59.34,17.8,5.89,35.65
822,140,2025-04-17,Accessories,100.19,0.1,0,90.17,30.06,6.35,53.76
823,140,2025-05-07,Home,172.23,0.0,0,172.23,82.67,7.58,81.98
824,140,2025-06-24,Home,114.9,0.0,0,114.9,55.15,6.72,53.03
825,140,2025-06-14,Apparel,46.59,0.1,0,41.93,16.31,5.63,19.99
826,141,2024-05-05,Electronics,221.97,0.2,0,177.58,159.82,7.66,10.1
827,141,2024-06-24,Accessories,43.15,0.05,0,41.0,12.95,5.61,22.44
828,141,2024-06-28,Apparel,48.02,0.0,1,0.0,0.0,12.72,-12.72
829,141,2024-07-02,Accessories,68.42,0.05,0,65.0,20.53,5.97,38.5
830,141,2024-08-17,Apparel,61.69,0.2,0,49.36,21.59,5.74,22.03
831,141,2024-09-19,Home,94.41,0.1,0,84.97,45.32,6.27,33.38
832,141,2024-10-22,Home,97.92,0.05,0,93.02,47.0,6.4,39.62
833,141,2024-11-21,Electronics,294.25,0.0,0,294.25,211.86,9.41,72.98
834,141,2024-11-28,Home,122.47,0.0,0,122.47,58.79,6.84,56.84
835,141,2024-12-22,Accessories,71.94,0.2,0,57.55,21.58,5.86,30.11
836,141,2025-01-05,Apparel,95.81,0.0,0,95.81,33.53,6.44,55.84
837,141,2025-03-25,Electronics,330.74,0.2,1,0.0,0.0,15.97,-15.97
838,141,2025-04-24,Accessories,33.27,0.1,0,29.95,9.98,5.45,14.52
839,141,2025-05-05,Apparel,58.6,0.0,0,58.6,20.51,5.88,32.21
840,142,2024-01-23,Accessories,35.15,0.2,0,28.12,10.55,5.42,12.15
841,142,2024-02-10,Home,101.35,0.0,0,101.35,48.65,6.52,46.18
842,142,2024-03-08,Apparel,88.32,0.2,0,70.65,30.91,6.06,33.68
843,142,2024-03-17,Accessories,38.55,0.2,0,30.84,11.56,5.46,13.82
844,142,2024-06-27,Electronics,130.42,0.1,0,117.38,93.9,6.76,16.72
845,142,2025-02-17,Home,51.87,0.05,0,49.28,24.9,5.74,18.64
846,143,2024-08-15,Apparel,51.68,0.05,0,49.1,18.09,5.74,25.27
847,143,2024-11-13,Accessories,34.12,0.05,0,32.42,10.24,5.49,16.69
848,143,2024-12-16,Accessories,67.81,0.0,0,67.81,20.34,6.02,41.45
849,144,2024-07-01,Home,104.46,0.2,0,83.57,50.14,6.25,27.18
850,144,2024-11-11,Electronics,303.92,0.0,0,303.92,218.82,9.56,75.54
851,144,2025-05-01,Apparel,43.61,0.05,0,41.43,15.26,5.62,20.55
852,144,2025-05-01,Accessories,46.9,0.0,0,46.9,14.07,5.7,27.13
853,145,2024-08-24,Accessories,49.5,0.2,0,39.6,14.85,5.59,19.16
854,145,2024-09-03,Electronics,267.7,0.05,0,254.31,192.74,8.81,52.76
855,145,2024-10-28,Home,72.08,0.0,0,72.08,34.6,6.08,31.4
856,145,2024-12-26,Apparel,99.6,0.1,0,89.64,34.86,6.34,48.44
857,145,2025-05-05,Electronics,131.14,0.0,0,131.14,94.42,6.97,29.75
858,146,2024-10-02,Accessories,57.2,0.05,0,54.34,17.16,5.82,31.36
859,146,2024-10-14,Accessories,88.73,0.05,0,84.3,26.62,6.26,51.42
860,146,2025-02-15,Accessories,40.17,0.1,0,36.15,12.05,5.54,18.56
861,146,2025-05-05,Home,121.46,0.05,0,115.39,58.3,6.73,50.36
862,146,2025-05-23,Electronics,172.48,0.0,0,172.48,124.19,7.59,40.7
863,146,2025-06-16,Accessories,71.77,0.1,0,64.6,21.53,5.97,37.1
864,146,2025-06-18,Apparel,84.58,0.0,1,0.0,0.0,13.27,-13.27
865,147,2024-10-21,Home,59.16,0.0,0,59.16,28.4,5.89,24.87
866,147,2024-11-10,Home,71.28,0.0,0,71.28,34.22,6.07,30.99
867,147,2025-02-13,Electronics,214.4,0.05,0,203.68,154.37,8.06,41.25
868,147,2025-02-09,Electronics,138.21,0.1,0,124.39,99.51,6.87,18.01
869,147,2025-03-25,Accessories,37.51,0.0,1,0.0,0.0,12.56,-12.56
870,147,2025-03-08,Accessories,44.08,0.0,1,0.0,0.0,12.66,-12.66
871,147,2025-06-27,Accessories,50.53,0.2,0,40.42,15.16,5.61,19.65
872,147,2025-06-16,Home,85.26,0.1,0,76.73,40.92,6.15,29.66
873,148,2024-05-08,Apparel,102.79,0.0,0,102.79,35.98,6.54,60.27
874,148,2024-06-08,Accessories,23.0,0.05,0,21.85,6.9,5.33,9.62
875,148,2024-06-09,Electronics,198.49,0.0,0,198.49,142.91,7.98,47.6
876,148,2024-07-26,Apparel,82.35,0.2,0,65.88,28.82,5.99,31.07
877,148,2024-11-09,Home,155.54,0.1,0,139.99,74.66,7.1,58.23
878,148,2024-11-14,Accessories,75.21,0.2,0,60.17,22.56,5.9,31.71
879,148,2025-03-01,Electronics,256.02,0.0,0,256.02,184.34,8.84,62.84
880,148,2025-04-02,Apparel,80.44,0.05,0,76.41,28.15,6.15,42.11
881,149,2024-05-03,Apparel,92.43,0.2,0,73.94,32.35,6.11,35.48
882,149,2025-05-16,Accessories,43.11,0.0,0,43.11,12.93,5.65,24.53
883,149,2025-06-22,Apparel,102.92,0.1,0,92.63,36.02,6.39,50.22
884,150,2024-09-09,Accessories,62.7,0.05,1,0.0,0.0,12.89,-12.89
885,150,2024-10-21,Home,122.3,0.0,0,122.3,58.7,6.83,56.77
886,151,2024-01-27,Home,95.35,0.1,0,85.82,45.77,6.29,33.76
887,151,2024-02-25,Apparel,56.21,0.0,0,56.21,19.67,5.84,30.7
888,151,2024-05-09,Apparel,134.1,0.1,0,120.69,46.94,6.81,66.94
889,151,2024-09-02,Electronics,187.63,0.2,0,150.1,135.09,7.25,7.76
890,151,2024-10-21,Home,38.28,0.0,0,38.28,18.37,5.57,14.34
891,151,2025-02-04,Accessories,17.93,0.1,0,16.13,5.38,5.24,5.51
892,151,2025-03-18,Home,131.98,0.2,0,105.59,63.35,6.58,35.66
893,151,2025-04-05,Accessories,69.57,0.1,0,62.61,20.87,5.94,35.8
894,151,2025-06-20,Electronics,312.86,0.0,0,312.86,225.26,9.69,77.91
895,152,2024-06-23,Accessories,50.64,0.1,0,45.57,15.19,5.68,24.7
896,152,2024-06-07,Apparel,24.75,0.0,0,24.75,8.66,5.37,10.72
897,152,2024-07-13,Apparel,102.13,0.0,1,0.0,0.0,13.53,-13.53
898,152,2024-12-13,Apparel,46.02,0.2,0,36.82,16.11,5.55,15.16
899,152,2025-06-23,Home,41.46,0.05,0,39.39,19.9,5.59,13.9
900,152,2025-06-18,Accessories,33.55,0.2,0,26.84,10.06,5.4,11.38
901,153,2024-03-17,Electronics,198.77,0.2,0,159.02,143.12,7.39,8.51
902,153,2024-07-22,Accessories,60.38,0.05,0,57.36,18.11,5.86,33.39
903,153,2024-10-03,Electronics,250.71,0.2,0,200.57,180.51,8.01,12.05
904,153,2025-03-26,Apparel,130.49,0.05,0,123.96,45.67,6.86,71.43
905,153,2025-03-16,Electronics,133.88,0.05,0,127.19,96.4,6.91,23.88
906,153,2025-03-25,Apparel,31.5,0.0,0,31.5,11.03,5.47,15.0
907,154,2024-09-24,Accessories,64.01,0.0,0,64.01,19.2,5.96,38.85
908,154,2024-10-14,Electronics,149.45,0.2,1,0.0,0.0,13.79,-13.79
909,154,2024-12-23,Electronics,243.21,0.0,0,243.21,175.11,8.65,59.45
910,154,2025-01-25,Electronics,134.43,0.1,0,120.98,96.79,6.81,17.38
911,154,2025-05-11,Accessories,26.36,0.0,0,26.36,7.91,5.4,13.05
912,154,2025-05-10,Electronics,177.36,0.05,0,168.49,127.7,7.53,33.26
913,154,2025-05-19,Apparel,79.83,0.1,0,71.85,27.94,6.08,37.83
914,155,2024-05-02,Electronics,253.8,0.05,0,241.11,182.74,8.62,49.75
915,155,2024-10-04,Home,78.33,0.2,0,62.67,37.6,5.94,19.13
916,155,2024-11-05,Apparel,31.0,0.1,0,27.9,10.85,5.42,11.63
917,155,2024-11-03,Electronics,312.29,0.0,1,0.0,0.0,16.68,-16.68
918,155,2024-12-18,Electronics,211.67,0.0,0,211.67,152.4,8.18,51.09
919,155,2025-01-25,Home,95.99,0.1,0,86.39,46.07,6.3,34.02
920,155,2025-01-23,Apparel,53.89,0.0,0,53.89,18.86,5.81,29.22
921,155,2025-01-08,Apparel,42.1,0.2,1,0.0,0.0,12.51,-12.51
922,155,2025-03-16,Home,69.62,0.05,0,66.14,33.42,5.99,26.73
923,155,2025-03-20,Electronics,210.91,0.1,0,189.82,151.86,7.85,30.11
924,155,2025-06-23,Accessories,59.9,0.0,0,59.9,17.97,5.9,36.03
925,155,2025-06-16,Electronics,201.59,0.1,0,181.43,145.14,7.72,28.57
926,156,2024-11-13,Electronics,203.14,0.0,0,203.14,146.26,8.05,48.83
927,156,2025-03-06,Electronics,198.2,0.0,0,198.2,142.71,7.97,47.52
928,157,2024-11-01,Home,61.07,0.0,0,61.07,29.31,5.92,25.84
929,157,2025-02-19,Accessories,56.01,0.0,0,56.01,16.8,5.84,33.37
930,157,2025-06-26,Electronics,213.71,0.0,1,0.0,0.0,15.21,-15.21
931,158,2024-06-25,Electronics,150.01,0.0,0,150.01,108.01,7.25,34.75
932,159,2024-07-16,Apparel,38.68,0.1,0,34.81,13.54,5.52,15.75
933,159,2024-08-06,Accessories,50.16,0.1,1,0.0,0.0,12.68,-12.68
934,159,2024-09-01,Accessories,32.4,0.0,0,32.4,9.72,5.49,17.19
935,159,2024-09-20,Home,70.02,0.0,0,70.02,33.61,6.05,30.36
936,159,2024-10-02,Home,97.95,0.2,0,78.36,47.02,6.18,25.16
937,159,2024-10-01,Electronics,203.05,0.05,0,192.9,146.2,7.89,38.81
938,159,2024-11-06,Home,61.39,0.0,0,61.39,29.47,5.92,26.0
939,159,2024-12-19,Electronics,413.16,0.05,0,392.5,297.47,10.89,84.14
940,159,2025-02-17,Electronics,188.18,0.1,0,169.36,135.49,7.54,26.33
941,159,2025-04-02,Electronics,109.82,0.05,0,104.33,79.07,6.56,18.7
942,159,2025-04-14,Electronics,164.29,0.2,0,131.43,118.29,6.97,6.17
943,159,2025-04-24,Apparel,54.1,0.2,0,43.28,18.93,5.65,18.7
944,159,2025-06-06,Accessories,38.45,0.0,0,38.45,11.54,5.58,21.33
945,160,2024-08-16,Electronics,311.57,0.0,0,311.57,224.33,9.67,77.57
946,160,2024-09-03,Accessories,73.97,0.05,0,70.28,22.19,6.05,42.04
947,160,2024-11-09,Electronics,186.77,0.05,0,177.43,134.48,7.66,35.29
948,160,2024-12-07,Electronics,150.17,0.0,0,150.17,108.12,7.25,34.8
949,160,2024-12-11,Home,104.47,0.0,0,104.47,50.14,6.57,47.76
950,160,2025-01-01,Apparel,43.4,0.0,0,43.4,15.19,5.65,22.56
951,160,2025-03-10,Accessories,66.31,0.0,0,66.31,19.89,5.99,40.43
952,160,2025-04-04,Accessories,43.45,0.2,0,34.76,13.04,5.52,16.2
953,161,2024-08-20,Accessories,23.6,0.1,0,21.24,7.08,5.32,8.84
954,161,2024-09-26,Electronics,182.21,0.05,0,173.1,131.19,7.6,34.31
955,161,2024-10-28,Home,71.3,0.0,0,71.3,34.22,6.07,31.01
956,161,2024-10-01,Electronics,293.46,0.05,0,278.79,211.29,9.18,58.32
957,161,2024-10-25,Apparel,56.51,0.0,0,56.51,19.78,5.85,30.88
958,161,2025-04-17,Apparel,39.43,0.2,0,31.54,13.8,5.47,12.27
959,161,2025-04-05,Apparel,37.03,0.1,0,33.32,12.96,5.5,14.86
960,162,2024-04-12,Home,79.12,0.2,0,63.29,37.98,5.95,19.36
961,162,2024-07-12,Accessories,74.49,0.0,0,74.49,22.35,6.12,46.02
962,162,2025-03-07,Electronics,111.45,0.0,0,111.45,80.24,6.67,24.54
963,162,2025-03-15,Accessories,52.07,0.0,0,52.07,15.62,5.78,30.67
964,162,2025-05-24,Home,106.42,0.2,0,85.14,51.08,6.28,27.78
965,163,2024-06-22,Apparel,48.37,0.05,0,45.95,16.93,5.69,23.33
966,163,2024-09-14,Apparel,78.22,0.05,0,74.31,27.38,6.11,40.82
967,163,2024-10-09,Electronics,157.06,0.0,0,157.06,113.09,7.36,36.61
968,163,2024-10-17,Electronics,220.96,0.0,0,220.96,159.09,8.31,53.56
969,163,2025-03-20,Apparel,34.89,0.0,1,0.0,0.0,12.52,-12.52
970,163,2025-03-16,Electronics,260.49,0.0,0,260.49,187.55,8.91,64.03
971,163,2025-04-07,Home,70.24,0.05,0,66.73,33.72,6.0,27.01
972,163,2025-04-04,Apparel,77.02,0.0,0,77.02,26.96,6.16,43.9
973,163,2025-04-03,Home,86.15,0.1,1,0.0,0.0,13.16,-13.16
974,164,2024-05-09,Accessories,63.41,0.0,0,63.41,19.02,5.95,38.44
975,165,2024-10-16,Electronics,243.34,0.0,0,243.34,175.2,8.65,59.49
976,165,2024-10-14,Home,49.06,0.1,0,44.16,23.55,5.66,14.95
977,165,2024-11-17,Electronics,153.81,0.0,0,153.81,110.74,7.31,35.76
978,165,2025-01-24,Accessories,39.31,0.0,0,39.31,11.79,5.59,21.93
979,165,2025-02-27,Home,66.94,0.2,0,53.55,32.13,5.8,15.62
980,165,2025-03-21,Electronics,287.23,0.1,0,258.51,206.81,8.88,42.82
981,165,2025-04-25,Home,72.59,0.0,0,72.59,34.84,6.09,31.66
982,165,2025-04-02,Home,110.97,0.2,0,88.78,53.27,6.33,29.18
983,165,2025-06-01,Home,123.49,0.05,0,117.31,59.27,6.76,51.28
984,166,2024-01-08,Home,111.97,0.0,0,111.97,53.74,6.68,51.55
985,166,2024-01-09,Home,77.24,0.0,0,77.24,37.07,6.16,34.01
986,166,2024-02-19,Electronics,166.9,0.1,0,150.21,120.17,7.25,22.79
987,166,2024-04-24,Accessories,49.82,0.0,0,49.82,14.95,5.75,29.12
988,166,2024-07-28,Accessories,74.61,0.1,0,67.15,22.38,6.01,38.76
989,166,2024-08-22,Home,222.22,0.0,0,222.22,106.67,8.33,107.22
990,166,2024-11-14,Electronics,219.08,0.0,0,219.08,157.74,8.29,53.05
991,166,2024-11-12,Apparel,59.72,0.1,0,53.75,20.9,5.81,27.04
992,166,2024-12-04,Home,119.18,0.05,0,113.22,57.21,6.7,49.31
993,166,2024-12-26,Accessories,53.13,0.2,0,42.51,15.94,5.64,20.93
994,166,2025-01-27,Apparel,64.74,0.05,0,61.5,22.66,5.92,32.92
995,166,2025-05-03,Accessories,29.77,0.05,0,28.29,8.93,5.42,13.94
996,167,2024-01-19,Home,60.59,0.2,0,48.47,29.08,5.73,13.66
997,167,2024-09-04,Accessories,45.64,0.2,0,36.51,13.69,5.55,17.27
998,167,2024-12-25,Electronics,236.28,0.05,0,224.47,170.12,8.37,45.98
999,167,2024-12-25,Home,175.62,0.0,0,175.62,84.3,7.63,83.69
1000,167,2025-01-14,Apparel,53.72,0.0,0,53.72,18.8,5.81,29.11
1001,167,2025-01-20,Accessories,45.16,0.05,0,42.9,13.55,5.64,23.71
1002,167,2025-04-17,Home,94.76,0.1,0,85.28,45.48,6.28,33.52
1003,168,2024-01-15,Accessories,73.1,0.2,0,58.48,21.93,5.88,30.67
1004,168,2024-03-08,Electronics,445.73,0.0,0,445.73,320.93,11.69,113.11
1005,168,2024-04-22,Home,101.97,0.2,0,81.58,48.95,6.22,26.41
1006,168,2024-05-22,Apparel,63.64,0.05,0,60.46,22.28,5.91,32.27
1007,168,2024-05-13,Home,41.43,0.2,0,33.15,19.89,5.5,7.76
1008,168,2025-01-22,Accessories,60.32,0.0,0,60.32,18.1,5.9,36.32
1009,169,2024-07-23,Electronics,515.06,0.0,0,515.06,370.84,12.73,131.49
1010,169,2024-08-05,Accessories,26.25,0.0,0,26.25,7.87,5.39,12.99
1011,169,2024-10-17,Home,75.11,0.1,0,67.6,36.05,6.01,25.54
1012,169,2024-12-25,Electronics,359.04,0.2,0,287.24,258.51,9.31,19.42
1013,170,2024-08-23,Accessories,33.13,0.05,0,31.48,9.94,5.47,16.07
1014,170,2024-11-18,Electronics,310.33,0.1,0,279.29,223.43,9.19,46.67
1015,170,2024-11-04,Electronics,221.52,0.05,0,210.45,159.5,8.16,42.79
1016,170,2024-12-09,Apparel,55.56,0.1,0,50.0,19.45,5.75,24.8
1017,170,2025-03-26,Accessories,31.15,0.0,0,31.15,9.35,5.47,16.33
1018,171,2024-07-15,Apparel,80.06,0.0,0,80.06,28.02,6.2,45.84
1019,171,2024-07-02,Accessories,21.69,0.1,0,19.52,6.51,5.29,7.72
1020,171,2024-08-20,Accessories,36.23,0.2,0,28.99,10.87,5.43,12.69
1021,171,2024-08-07,Electronics,147.92,0.05,0,140.53,106.5,7.11,26.92
1022,171,2024-11-05,Electronics,138.09,0.05,0,131.19,99.43,6.97,24.79
1023,171,2024-12-22,Electronics,240.61,0.0,0,240.61,173.24,8.61,58.76
1024,171,2025-01-19,Home,93.52,0.1,1,0.0,0.0,13.26,-13.26
1025,171,2025-01-10,Apparel,43.99,0.0,1,0.0,0.0,12.66,-12.66
1026,171,2025-02-06,Apparel,94.45,0.0,0,94.45,33.06,6.42,54.97
1027,171,2025-06-13,Accessories,61.97,0.1,0,55.77,18.59,5.84,31.34
1028,172,2024-02-19,Accessories,55.79,0.1,0,50.21,16.74,5.75,27.72
1029,172,2024-03-06,Electronics,186.85,0.2,0,149.48,134.53,7.24,7.71
1030,172,2024-03-06,Apparel,42.03,0.2,0,33.63,14.71,5.5,13.42
1031,172,2024-05-24,Accessories,48.97,0.0,1,0.0,0.0,12.73,-12.73
1032,172,2024-06-21,Home,71.09,0.1,0,63.98,34.12,5.96,23.9
1033,172,2024-06-02,Home,113.75,0.1,0,102.37,54.6,6.54,41.23
1034,172,2024-08-09,Apparel,67.0,0.0,0,67.0,23.45,6.0,37.55
1035,172,2024-09-02,Apparel,56.68,0.0,0,56.68,19.84,5.85,30.99
1036,172,2024-12-27,Accessories,46.13,0.05,0,43.82,13.84,5.66,24.32
1037,172,2025-01-19,Electronics,337.35,0.0,0,337.35,242.9,10.06,84.39
1038,172,2025-01-22,Electronics,150.97,0.05,0,143.42,108.7,7.15,27.57
1039,172,2025-01-19,Accessories,30.73,0.0,0,30.73,9.22,5.46,16.05
1040,173,2024-10-15,Home,63.39,0.05,0,60.22,30.43,5.9,23.89
1041,173,2024-11-27,Accessories,66.08,0.1,0,59.47,19.82,5.89,33.76
1042,173,2024-11-09,Accessories,27.14,0.05,0,25.78,8.14,5.39,12.25
1043,173,2024-11-22,Electronics,122.28,0.0,0,122.28,88.04,6.83,27.41
1044,173,2024-12-12,Apparel,130.64,0.1,0,117.58,45.72,6.76,65.1
1045,173,2025-02-19,Apparel,84.05,0.05,1,0.0,0.0,13.2,-13.2
1046,173,2025-05-28,Home,169.93,0.0,0,169.93,81.57,7.55,80.81
1047,174,2024-02-09,Electronics,230.66,0.0,0,230.66,166.07,8.46,56.13
1048,174,2024-11-11,Apparel,82.64,0.1,1,0.0,0.0,13.12,-13.12
1049,174,2024-11-24,Electronics,181.88,0.0,0,181.88,130.95,7.73,43.2
1050,174,2025-02-27,Accessories,30.51,0.1,0,27.46,9.15,5.41,12.9
1051,175,2024-08-02,Apparel,91.89,0.05,0,87.29,32.16,6.31,48.82
1052,175,2024-09-24,Electronics,175.26,0.05,0,166.49,126.18,7.5,32.81
1053,175,2024-12-28,Home,104.22,0.1,0,93.79,50.02,6.41,37.36
1054,175,2025-01-15,Electronics,280.71,0.2,0,224.57,202.11,8.37,14.09
1055,175,2025-01-09,Electronics,278.26,0.1,0,250.43,200.35,8.76,41.32
1056,175,2025-02-14,Accessories,21.96,0.05,0,20.86,6.59,5.31,8.96
1057,175,2025-02-04,Accessories,32.59,0.2,0,26.07,9.78,5.39,10.9
1058,176,2024-05-23,Accessories,71.48,0.05,1,0.0,0.0,13.02,-13.02
1059,176,2024-07-18,Apparel,36.19,0.05,1,0.0,0.0,12.52,-12.52
1060,176,2024-07-28,Electronics,190.93,0.0,0,190.93,137.47,7.86,45.6
1061,176,2024-11-06,Accessories,74.42,0.05,0,70.7,22.33,6.06,42.31
1062,176,2024-12-21,Electronics,185.96,0.0,0,185.96,133.89,7.79,44.28
1063,176,2024-12-20,Home,65.35,0.1,0,58.82,31.37,5.88,21.57
1064,176,2025-01-15,Accessories,39.21,0.05,0,37.25,11.76,5.56,19.93
1065,176,2025-04-10,Electronics,185.98,0.0,0,185.98,133.91,7.79,44.28
1066,176,2025-06-13,Home,171.13,0.1,0,154.02,82.14,7.31,64.57
1067,177,2024-07-06,Home,118.09,0.05,0,112.18,56.68,6.68,48.82
1068,177,2024-11-04,Electronics,118.44,0.0,0,118.44,85.28,6.78,26.38
1069,177,2024-11-10,Apparel,47.13,0.1,0,42.42,16.5,5.64,20.28
1070,178,2024-06-25,Accessories,38.75,0.0,0,38.75,11.63,5.58,21.54
1071,178,2024-06-20,Accessories,22.65,0.1,0,20.39,6.8,5.31,8.28
1072,178,2024-07-07,Home,109.34,0.0,0,109.34,52.48,6.64,50.22
1073,178,2024-10-26,Home,95.09,0.0,0,95.09,45.64,6.43,43.02
1074,178,2024-10-15,Electronics,163.09,0.1,0,146.78,117.43,7.2,22.15
1075,178,2024-12-05,Home,173.61,0.1,0,156.25,83.33,7.34,65.58
1076,178,2024-12-10,Home,50.94,0.0,0,50.94,24.45,5.76,20.73
1077,178,2025-01-02,Apparel,40.17,0.1,0,36.16,14.06,5.54,16.56
1078,178,2025-05-10,Home,108.59,0.0,0,108.59,52.12,6.63,49.84
1079,179,2024-08-24,Accessories,95.37,0.05,0,90.6,28.61,6.36,55.63
1080,180,2024-01-02,Apparel,54.76,0.05,0,52.02,19.16,5.78,27.08
1081,180,2024-04-27,Electronics,327.53,0.2,0,262.02,235.82,8.93,17.27
1082,180,2024-11-01,Home,53.2,0.0,0,53.2,25.53,5.8,21.87
1083,180,2024-11-10,Accessories,31.95,0.2,0,25.56,9.58,5.38,10.6
1084,180,2025-01-11,Apparel,58.73,0.05,0,55.79,20.56,5.84,29.39
1085,180,2025-01-12,Electronics,359.92,0.0,0,359.92,259.14,10.4,90.38
1086,180,2025-02-12,Home,121.22,0.0,0,121.22,58.19,6.82,56.21
1087,180,2025-02-20,Apparel,105.93,0.05,0,100.63,37.07,6.51,57.05
1088,181,2024-09-03,Apparel,70.68,0.0,0,70.68,24.74,6.06,39.88
1089,181,2024-12-05,Home,117.5,0.0,0,117.5,56.4,6.76,54.34
1090,181,2025-01-21,Home,121.15,0.2,0,96.92,58.15,6.45,32.32
1091,182,2024-09-06,Accessories,36.83,0.0,0,36.83,11.05,5.55,20.23
1092,182,2025-02-10,Accessories,40.39,0.0,0,40.39,12.12,5.61,22.66
1093,182,2025-04-16,Electronics,342.48,0.05,0,325.36,246.59,9.88,68.89
1094,182,2025-04-25,Apparel,45.74,0.1,0,41.16,16.01,5.62,19.53
1095,182,2025-05-11,Electronics,267.75,0.05,0,254.37,192.78,8.82,52.77
1096,182,2025-05-21,Apparel,44.15,0.0,0,44.15,15.45,5.66,23.04
1097,183,2024-04-20,Apparel,48.76,0.0,0,48.76,17.06,5.73,25.97
1098,183,2024-05-19,Electronics,173.46,0.2,0,138.77,124.89,7.08,6.8
1099,183,2024-12-28,Apparel,70.12,0.1,0,63.1,24.54,5.95,32.61
1100,183,2025-04-25,Home,91.4,0.1,0,82.26,43.87,6.23,32.16
1101,184,2024-02-18,Apparel,97.41,0.0,0,97.41,34.09,6.46,56.86
1102,185,2024-04-05,Apparel,63.76,0.1,0,57.38,22.32,5.86,29.2
1103,185,2024-04-02,Electronics,166.7,0.0,0,166.7,120.03,7.5,39.17
1104,185,2024-06-13,Electronics,148.97,0.05,0,141.52,107.26,7.12,27.14
1105,185,2024-07-07,Electronics,223.57,0.1,0,201.21,160.97,8.02,32.22
1106,185,2024-11-06,Apparel,29.16,0.1,0,26.24,10.21,5.39,10.64
1107,185,2024-12-19,Apparel,61.0,0.0,0,61.0,21.35,5.92,33.73
1108,185,2024-12-05,Electronics,187.87,0.0,0,187.87,135.27,7.82,44.78
1109,185,2024-12-28,Apparel,45.38,0.1,0,40.84,15.88,5.61,19.35
1110,185,2025-01-03,Accessories,26.39,0.05,0,25.07,7.92,5.38,11.77
1111,185,2025-04-05,Apparel,124.46,0.0,0,124.46,43.56,6.87,74.03
1112,185,2025-05-04,Apparel,37.46,0.2,0,29.97,13.11,5.45,11.41
1113,186,2024-10-17,Home,78.78,0.2,0,63.03,37.82,5.95,19.26
1114,186,2025-01-12,Apparel,42.1,0.1,0,37.89,14.73,5.57,17.59
1115,186,2025-02-10,Apparel,50.46,0.1,0,45.42,17.66,5.68,22.08
1116,186,2025-05-11,Electronics,189.85,0.2,0,151.88,136.69,7.28,7.91
1117,187,2024-08-27,Apparel,66.41,0.1,0,59.77,23.24,5.9,30.63
1118,187,2024-10-03,Apparel,62.01,0.1,0,55.81,21.7,5.84,28.27
1119,188,2024-10-28,Accessories,18.06,0.05,0,17.16,5.42,5.26,6.48
1120,188,2024-11-25,Accessories,28.05,0.2,0,22.44,8.42,5.34,8.68
1121,188,2024-11-27,Electronics,200.87,0.0,1,0.0,0.0,15.01,-15.01
1122,188,2024-11-09,Electronics,219.62,0.05,0,208.64,158.13,8.13,42.38
1123,188,2024-12-18,Apparel,127.5,0.05,0,121.12,44.62,6.82,69.68
1124,188,2025-02-10,Electronics,258.26,0.05,0,245.35,185.95,8.68,50.72
1125,188,2025-04-03,Apparel,72.55,0.0,0,72.55,25.39,6.09,41.07
1126,188,2025-06-14,Home,120.56,0.0,0,120.56,57.87,6.81,55.88
1127,189,2024-07-17,Apparel,69.65,0.0,1,0.0,0.0,13.04,-13.04
1128,189,2024-09-24,Home,108.45,0.0,0,108.45,52.06,6.63,49.76
1129,189,2025-03-06,Apparel,28.84,0.0,0,28.84,10.09,5.43,13.32
1130,189,2025-04-11,Accessories,54.64,0.0,0,54.64,16.39,5.82,32.43
1131,189,2025-04-13,Home,63.77,0.1,0,57.4,30.61,5.86,20.93
1132,189,2025-05-14,Home,85.79,0.1,0,77.21,41.18,6.16,29.87
1133,189,2025-05-14,Electronics,244.96,0.0,0,244.96,176.37,8.67,59.92
1134,190,2024-08-16,Home,104.88,0.0,0,104.88,50.34,6.57,47.97
1135,190,2024-11-23,Apparel,61.62,0.0,0,61.62,21.57,5.92,34.13
1136,190,2025-02-02,Accessories,31.72,0.0,0,31.72,9.52,5.48,16.72
1137,191,2024-03-14,Accessories,96.73,0.2,0,77.39,29.02,6.16,42.21
1138,191,2024-03-15,Accessories,23.59,0.1,0,21.23,7.08,5.32,8.83
1139,191,2024-10-21,Home,80.73,0.05,0,76.7,38.75,6.15,31.8
1140,191,2024-10-19,Accessories,118.44,0.0,0,118.44,35.53,6.78,76.13
1141,191,2025-01-12,Electronics,411.64,0.0,0,411.64,296.38,11.17,104.09
1142,191,2025-02-05,Apparel,56.98,0.1,0,51.28,19.94,5.77,25.57
1143,191,2025-02-05,Apparel,108.94,0.05,0,103.49,38.13,6.55,58.81
1144,191,2025-02-24,Apparel,78.1,0.2,0,62.48,27.34,5.94,29.2
1145,191,2025-03-13,Apparel,63.77,0.0,1,0.0,0.0,12.96,-12.96
1146,191,2025-03-26,Home,73.55,0.1,0,66.2,35.31,5.99,24.9
1147,192,2024-01-10,Electronics,234.7,0.05,0,222.97,168.99,8.34,45.64
1148,192,2024-01-24,Apparel,52.55,0.0,0,52.55,18.39,5.79,28.37
1149,192,2024-04-14,Electronics,280.78,0.05,0,266.74,202.16,9.0,55.58
1150,192,2024-11-07,Apparel,68.8,0.0,0,68.8,24.08,6.03,38.69
1151,192,2024-12-25,Electronics,195.35,0.2,1,0.0,0.0,14.34,-14.34
1152,192,2025-02-13,Apparel,78.4,0.0,0,78.4,27.44,6.18,44.78
1153,192,2025-03-11,Accessories,41.85,0.2,0,33.48,12.56,5.5,15.42
1154,192,2025-03-19,Electronics,225.76,0.1,0,203.18,162.55,8.05,32.58
1155,192,2025-05-21,Electronics,246.24,0.0,0,246.24,177.29,8.69,60.26
1156,193,2025-03-23,Accessories,42.83,0.0,0,42.83,12.85,5.64,24.34
1157,193,2025-06-06,Apparel,53.73,0.1,0,48.36,18.81,5.73,23.82
1158,193,2025-06-15,Home,67.56,0.1,1,0.0,0.0,12.91,-12.91
1159,194,2024-09-07,Accessories,40.73,0.1,0,36.66,12.22,5.55,18.89
1160,194,2025-01-12,Apparel,66.41,0.0,0,66.41,23.24,6.0,37.17
1161,194,2025-02-04,Electronics,181.47,0.0,0,181.47,130.66,7.72,43.09
1162,194,2025-03-10,Accessories,57.02,0.1,0,51.31,17.1,5.77,28.44
1163,194,2025-04-23,Accessories,51.34,0.2,0,41.07,15.4,5.62,20.05
1164,194,2025-05-25,Electronics,130.19,0.05,0,123.68,93.73,6.86,23.09
1165,195,2024-10-01,Electronics,176.38,0.1,0,158.74,126.99,7.38,24.37
1166,195,2024-12-16,Accessories,55.29,0.05,0,52.52,16.59,5.79,30.14
1167,195,2025-02-11,Home,75.07,0.0,0,75.07,36.04,6.13,32.9
1168,195,2025-02-05,Accessories,29.88,0.0,0,29.88,8.96,5.45,15.47
1169,195,2025-02-04,Home,82.85,0.0,0,82.85,39.77,6.24,36.84
1170,196,2024-12-10,Home,36.23,0.0,0,36.23,17.39,5.54,13.3
1171,196,2025-02-18,Home,202.42,0.0,0,202.42,97.16,8.04,97.22
1172,196,2025-02-27,Home,84.75,0.2,0,67.8,40.68,6.02,21.1
1173,197,2024-08-11,Electronics,173.04,0.0,0,173.04,124.59,7.6,40.85
1174,197,2024-08-02,Home,109.03,0.1,0,98.13,52.34,6.47,39.32
1175,197,2024-10-15,Accessories,28.38,0.0,0,28.38,8.51,5.43,14.44
1176,197,2024-10-25,Apparel,56.33,0.2,0,45.06,19.71,5.68,19.67
1177,198,2024-04-11,Accessories,39.3,0.05,0,37.34,11.79,5.56,19.99
1178,198,2024-06-28,Apparel,38.63,0.0,0,38.63,13.52,5.58,19.53
1179,198,2024-06-26,Accessories,27.73,0.0,0,27.73,8.32,5.42,13.99
1180,198,2024-06-25,Electronics,109.26,0.2,0,87.41,78.67,6.31,2.43
1181,198,2024-11-27,Home,86.97,0.05,0,82.62,41.74,6.24,34.64
1182,198,2024-11-09,Electronics,241.87,0.2,0,193.5,174.15,7.9,11.45
1183,198,2025-02-27,Apparel,47.22,0.0,0,47.22,16.53,5.71,24.98
1184,198,2025-04-25,Apparel,59.34,0.2,0,47.47,20.77,5.71,20.99
1185,199,2024-01-08,Electronics,191.58,0.05,0,182.0,137.94,7.73,36.33
1186,199,2024-03-09,Electronics,203.18,0.05,0,193.02,146.29,7.9,38.83
1187,199,2024-03-22,Apparel,56.96,0.0,0,56.96,19.94,5.85,31.17
1188,199,2024-04-19,Apparel,63.28,0.1,1,0.0,0.0,12.85,-12.85
1189,199,2024-04-16,Electronics,276.96,0.1,0,249.27,199.41,8.74,41.12
1190,199,2024-05-13,Apparel,80.84,0.1,0,72.75,28.29,6.09,38.37
1191,199,2024-06-10,Home,96.14,0.0,0,96.14,46.15,6.44,43.55
1192,199,2024-06-13,Home,129.35,0.1,0,116.42,62.09,6.75,47.58
1193,199,2024-08-09,Apparel,67.26,0.2,0,53.81,23.54,5.81,24.46
1194,199,2024-09-14,Electronics,206.97,0.05,0,196.62,149.02,7.95,39.65
1195,199,2024-10-28,Electronics,166.26,0.0,0,166.26,119.7,7.49,39.07
1196,199,2024-11-11,Home,94.17,0.1,0,84.75,45.2,6.27,33.28
1197,199,2024-11-06,Home,82.14,0.0,0,82.14,39.43,6.23,36.48
1198,199,2024-12-28,Home,50.62,0.1,0,45.55,24.3,5.68,15.57
1199,199,2025-03-04,Electronics,176.2,0.05,1,0.0,0.0,14.51,-14.51
1200,199,2025-04-08,Electronics,171.2,0.1,0,154.08,123.26,7.31,23.51
1201,200,2024-10-15,Home,62.47,0.1,1,0.0,0.0,12.84,-12.84
1202,200,2025-01-23,Electronics,116.79,0.1,0,105.11,84.09,6.58,14.44
1203,200,2025-02-20,Electronics,120.79,0.05,1,0.0,0.0,13.72,-13.72
1204,200,2025-03-19,Apparel,101.21,0.0,1,0.0,0.0,13.52,-13.52
1205,200,2025-03-08,Home,47.61,0.2,0,38.09,22.85,5.57,9.67
1206,200,2025-04-04,Accessories,47.27,0.1,0,42.54,14.18,5.64,22.72
1207,200,2025-05-22,Electronics,165.43,0.05,0,157.16,119.11,7.36,30.69
1208,201,2024-08-03,Electronics,231.49,0.0,0,231.49,166.67,8.47,56.35
1209,202,2024-04-04,Accessories,43.04,0.05,0,40.89,12.91,5.61,22.37
1210,202,2024-04-23,Accessories,52.9,0.1,0,47.61,15.87,5.71,26.03
1211,202,2024-05-08,Home,79.68,0.0,0,79.68,38.24,6.2,35.24
1212,202,2024-05-05,Home,256.4,0.1,0,230.76,123.07,8.46,99.23
1213,202,2024-06-20,Electronics,291.7,0.1,0,262.53,210.03,8.94,43.56
1214,202,2024-06-06,Accessories,39.25,0.1,1,0.0,0.0,12.53,-12.53
1215,202,2024-06-07,Electronics,142.12,0.1,0,127.91,102.33,6.92,18.66
1216,202,2024-09-13,Apparel,30.81,0.0,0,30.81,10.78,5.46,14.57
1217,202,2024-11-06,Accessories,38.91,0.05,1,0.0,0.0,12.55,-12.55
1218,202,2024-12-15,Electronics,149.23,0.1,0,134.3,107.44,7.01,19.85
1219,202,2024-12-09,Electronics,397.13,0.05,0,377.28,285.94,10.66,80.68
1220,202,2024-12-28,Home,97.61,0.0,0,97.61,46.85,6.46,44.3
1221,202,2025-01-28,Accessories,66.98,0.1,0,60.28,20.09,5.9,34.29
1222,202,2025-03-05,Apparel,44.6,0.0,0,44.6,15.61,5.67,23.32
1223,202,2025-06-06,Home,126.44,0.1,0,113.79,60.69,6.71,46.39
1224,203,2024-08-23,Accessories,44.5,0.05,0,42.27,13.35,5.63,23.29
1225,203,2024-08-01,Apparel,22.35,0.0,0,22.35,7.82,5.34,9.19
1226,203,2024-09-02,Electronics,216.61,0.1,0,194.95,155.96,7.92,31.07
1227,204,2024-02-14,Apparel,93.42,0.05,0,88.75,32.7,6.33,49.72
1228,204,2024-07-12,Apparel,44.81,0.0,0,44.81,15.68,5.67,23.46
1229,204,2025-04-24,Apparel,32.11,0.1,0,28.9,11.24,5.43,12.23
1230,205,2024-10-06,Home,118.63,0.1,0,106.77,56.94,6.6,43.23
1231,205,2025-01-17,Apparel,31.21,0.2,0,24.97,10.92,5.37,8.68
1232,205,2025-06-10,Home,74.0,0.0,0,74.0,35.52,6.11,32.37
1233,206,2024-07-21,Apparel,66.68,0.05,0,63.35,23.34,5.95,34.06
1234,206,2024-07-03,Accessories,19.99,0.0,1,0.0,0.0,12.3,-12.3
1235,206,2024-08-12,Accessories,53.71,0.1,0,48.34,16.11,5.73,26.5
1236,206,2025-01-06,Apparel,58.57,0.05,0,55.64,20.5,5.83,29.31
1237,206,2025-01-13,Electronics,133.38,0.1,1,0.0,0.0,13.8,-13.8
1238,206,2025-02-10,Electronics,128.68,0.0,0,128.68,92.65,6.93,29.1
1239,206,2025-03-07,Apparel,59.43,0.1,1,0.0,0.0,12.8,-12.8
1240,206,2025-03-09,Electronics,182.34,0.05,0,173.23,131.29,7.6,34.34
1241,206,2025-04-10,Accessories,35.54,0.2,0,28.43,10.66,5.43,12.34
1242,206,2025-04-18,Electronics,191.11,0.05,0,181.56,137.6,7.72,36.24
1243,207,2024-03-15,Home,54.32,0.2,0,43.45,26.07,5.65,11.73
1244,207,2024-04-09,Electronics,464.98,0.2,0,371.98,334.78,10.58,26.62
1245,207,2024-06-20,Apparel,66.17,0.0,0,66.17,23.16,5.99,37.02
1246,207,2024-07-15,Apparel,37.74,0.0,0,37.74,13.21,5.57,18.96
1247,207,2024-07-02,Electronics,72.01,0.05,0,68.41,51.85,6.03,10.53
1248,207,2024-07-07,Electronics,213.09,0.05,0,202.44,153.43,8.04,40.97
1249,207,2024-08-14,Accessories,29.77,0.0,0,29.77,8.93,5.45,15.39
1250,207,2024-08-11,Home,240.76,0.1,0,216.69,115.57,8.25,92.87
1251,207,2024-10-04,Electronics,172.6,0.2,0,138.08,124.27,7.07,6.74
1252,207,2024-10-21,Apparel,54.21,0.0,0,54.21,18.97,5.81,29.43
1253,207,2024-11-12,Electronics,223.15,0.1,1,0.0,0.0,15.01,-15.01
1254,207,2025-01-01,Accessories,32.34,0.2,1,0.0,0.0,12.39,-12.39
1255,207,2025-06-27,Accessories,69.86,0.2,0,55.89,20.96,5.84,29.09
1256,208,2024-09-20,Apparel,36.32,0.05,0,34.5,12.71,5.52,16.27
1257,208,2024-11-06,Electronics,286.63,0.05,0,272.3,206.38,9.08,56.84
1258,208,2025-01-25,Home,124.57,0.2,0,99.65,59.79,6.49,33.37
1259,209,2024-10-10,Apparel,49.7,0.2,0,39.76,17.39,5.6,16.77
1260,209,2024-11-21,Apparel,52.61,0.2,1,0.0,0.0,12.63,-12.63
1261,209,2024-11-15,Apparel,35.89,0.0,0,35.89,12.56,5.54,17.79
1262,209,2025-05-07,Home,100.66,0.0,0,100.66,48.32,6.51,45.83
1263,209,2025-06-18,Accessories,32.85,0.0,0,32.85,9.85,5.49,17.51
1264,210,2024-07-14,Electronics,152.54,0.0,0,152.54,109.83,7.29,35.42
1265,210,2024-08-12,Home,81.51,0.0,0,81.51,39.13,6.22,36.16
1266,210,2024-10-21,Accessories,58.68,0.1,0,52.81,17.6,5.79,29.42
1267,210,2025-03-19,Accessories,42.3,0.0,0,42.3,12.69,5.63,23.98
1268,210,2025-04-24,Electronics,144.65,0.05,0,137.42,104.15,7.06,26.21
1269,210,2025-04-26,Apparel,65.62,0.0,0,65.62,22.97,5.98,36.67
1270,211,2024-07-18,Electronics,282.33,0.0,0,282.33,203.28,9.24,69.81
1271,211,2024-07-08,Home,63.44,0.1,0,57.09,30.45,5.86,20.78
1272,212,2024-02-02,Home,80.72,0.0,0,80.72,38.75,6.21,35.76
1273,212,2024-03-08,Electronics,144.4,0.1,0,129.96,103.97,6.95,19.04
1274,213,2024-01-05,Apparel,52.68,0.05,1,0.0,0.0,12.75,-12.75
1275,213,2024-01-05,Apparel,74.74,0.05,0,71.01,26.16,6.07,38.78
1276,213,2024-01-07,Home,79.12,0.1,0,71.2,37.98,6.07,27.15
1277,213,2024-02-18,Accessories,47.46,0.1,1,0.0,0.0,12.64,-12.64
1278,213,2024-03-11,Electronics,164.15,0.0,0,164.15,118.19,7.46,38.5
1279,213,2024-07-17,Home,195.0,0.0,0,195.0,93.6,7.93,93.47
1280,213,2024-09-27,Home,158.98,0.05,0,151.03,76.31,7.27,67.45
1281,213,2024-10-19,Accessories,80.56,0.2,0,64.45,24.17,5.97,34.31
1282,213,2025-01-20,Home,70.41,0.0,0,70.41,33.79,6.06,30.56
1283,213,2025-01-14,Electronics,220.37,0.0,0,220.37,158.67,8.31,53.39
1284,213,2025-03-01,Electronics,158.59,0.05,0,150.66,114.19,7.26,29.21
1285,213,2025-05-04,Home,113.39,0.1,0,102.05,54.43,6.53,41.09
1286,214,2024-09-12,Home,47.79,0.0,0,47.79,22.94,5.72,19.13
1287,214,2024-12-15,Apparel,30.61,0.0,0,30.61,10.71,5.46,14.44
1288,215,2024-04-21,Electronics,268.01,0.05,0,254.61,192.96,8.82,52.83
1289,215,2024-05-10,Accessories,39.85,0.05,0,37.85,11.95,5.57,20.33
1290,215,2024-08-06,Electronics,129.17,0.0,0,129.17,93.0,6.94,29.23
1291,215,2024-10-28,Apparel,30.63,0.05,0,29.1,10.72,5.44,12.94
1292,215,2025-03-21,Apparel,86.6,0.05,0,82.27,30.31,6.23,45.73
1293,215,2025-05-24,Home,80.23,0.1,0,72.2,38.51,6.08,27.61
1294,216,2024-03-24,Home,82.03,0.0,0,82.03,39.37,6.23,36.43
1295,217,2024-04-08,Accessories,34.99,0.2,0,27.99,10.5,5.42,12.07
1296,217,2025-02-03,Accessories,52.27,0.0,0,52.27,15.68,5.78,30.81
1297,217,2025-02-02,Accessories,124.12,0.05,0,117.91,37.24,6.77,73.9
1298,218,2024-03-01,Apparel,81.13,0.0,0,81.13,28.39,6.22,46.52
1299,218,2024-08-08,Apparel,43.37,0.2,0,34.7,15.18,5.52,14.0
1300,218,2024-11-03,Apparel,71.03,0.2,1,0.0,0.0,12.85,-12.85
1301,219,2024-08-26,Apparel,49.94,0.0,0,49.94,17.48,5.75,26.71
1302,219,2024-08-16,Accessories,33.86,0.0,0,33.86,10.16,5.51,18.19
1303,219,2024-09-16,Electronics,269.67,0.1,0,242.7,194.16,8.64,39.9
1304,219,2024-12-05,Electronics,110.85,0.0,0,110.85,79.81,6.66,24.38
1305,219,2025-03-16,Apparel,54.04,0.05,0,51.34,18.92,5.77,26.65
1306,219,2025-03-07,Home,122.89,0.2,0,98.31,58.99,6.47,32.85
1307,219,2025-03-04,Apparel,63.85,0.0,0,63.85,22.35,5.96,35.54
1308,220,2024-02-15,Home,56.92,0.1,0,51.23,27.32,5.77,18.14
1309,221,2024-05-16,Electronics,197.46,0.0,0,197.46,142.17,7.96,47.33
1310,222,2024-05-07,Home,124.79,0.1,0,112.31,59.9,6.68,45.73
1311,222,2024-05-12,Home,55.6,0.05,0,52.82,26.69,5.79,20.34
1312,222,2024-06-13,Apparel,73.29,0.05,0,69.63,25.65,6.04,37.94
1313,222,2024-07-11,Home,76.1,0.05,0,72.3,36.53,6.08,29.69
1314,222,2024-07-17,Home,68.14,0.2,0,54.51,32.71,5.82,15.98
1315,222,2024-09-01,Home,85.9,0.2,0,68.72,41.23,6.03,21.46
1316,222,2024-11-05,Apparel,42.86,0.0,0,42.86,15.0,5.64,22.22
1317,222,2024-12-02,Electronics,167.48,0.1,1,0.0,0.0,14.26,-14.26
1318,222,2025-03-08,Electronics,196.68,0.0,0,196.68,141.61,7.95,47.12
1319,223,2024-02-10,Home,180.31,0.0,0,180.31,86.55,7.7,86.06
1320,223,2024-04-11,Accessories,58.98,0.05,0,56.03,17.69,5.84,32.5
1321,223,2024-04-15,Home,59.12,0.1,0,53.21,28.38,5.8,19.03
1322,223,2024-08-13,Electronics,189.74,0.05,0,180.25,136.61,7.7,35.94
1323,223,2024-08-27,Apparel,60.56,0.2,0,48.45,21.2,5.73,21.52
1324,223,2024-10-13,Electronics,178.45,0.1,0,160.6,128.48,7.41,24.71
1325,223,2024-11-17,Home,56.04,0.0,0,56.04,26.9,5.84,23.3
1326,223,2024-12-17,Accessories,37.85,0.1,0,34.07,11.36,5.51,17.2
1327,224,2024-06-15,Electronics,181.84,0.05,0,172.75,130.93,7.59,34.23
1328,224,2024-08-24,Accessories,65.17,0.2,0,52.13,19.55,5.78,26.8
1329,224,2024-10-20,Accessories,55.42,0.0,0,55.42,16.63,5.83,32.96
1330,224,2024-10-07,Electronics,178.78,0.05,0,169.84,128.72,7.55,33.57
1331,224,2025-01-03,Electronics,436.22,0.0,0,436.22,314.08,11.54,110.6
1332,224,2025-02-28,Apparel,102.79,0.0,0,102.79,35.98,6.54,60.27
1333,225,2024-08-27,Accessories,40.6,0.1,0,36.54,12.18,5.55,18.81
1334,225,2025-04-12,Home,52.06,0.1,0,46.86,24.99,5.7,16.17
1335,225,2025-04-17,Electronics,294.99,0.0,0,294.99,212.39,9.42,73.18
1336,225,2025-05-20,Home,101.71,0.05,0,96.62,48.82,6.45,41.35
1337,225,2025-05-23,Accessories,32.4,0.1,0,29.16,9.72,5.44,14.0
1338,225,2025-05-17,Accessories,70.9,0.1,0,63.81,21.27,5.96,36.58
1339,225,2025-06-22,Apparel,52.83,0.1,0,47.55,18.49,5.71,23.35
1340,225,2025-06-14,Home,55.28,0.2,0,44.23,26.54,5.66,12.03
1341,226,2024-08-13,Electronics,258.54,0.1,0,232.68,186.15,8.49,38.04
1342,226,2024-09-08,Accessories,53.03,0.05,0,50.37,15.91,5.76,28.7
1343,226,2024-09-11,Accessories,52.45,0.05,0,49.83,15.74,5.75,28.34
1344,226,2024-10-23,Home,161.14,0.05,0,153.08,77.35,7.3,68.43
1345,226,2024-11-09,Electronics,223.55,0.0,0,223.55,160.96,8.35,54.24
1346,226,2024-11-16,Home,88.69,0.05,0,84.26,42.57,6.26,35.43
1347,226,2025-02-07,Apparel,58.34,0.2,0,46.67,20.42,5.7,20.55
1348,226,2025-04-23,Home,133.46,0.05,0,126.79,64.06,6.9,55.83
1349,226,2025-05-06,Apparel,84.81,0.1,0,76.33,29.68,6.14,40.51
1350,226,2025-06-26,Home,74.56,0.1,0,67.1,35.79,6.01,25.3
1351,227,2024-09-04,Electronics,240.66,0.0,0,240.66,173.28,8.61,58.77
1352,227,2024-09-21,Apparel,62.9,0.1,0,56.61,22.02,5.85,28.74
1353,227,2024-10-15,Electronics,166.31,0.0,0,166.31,119.74,7.49,39.08
1354,227,2024-10-11,Accessories,82.48,0.2,0,65.98,24.74,5.99,35.25
1355,227,2024-11-02,Accessories,30.87,0.05,0,29.33,9.26,5.44,14.63
1356,227,2024-12-04,Accessories,26.91,0.0,0,26.91,8.07,5.4,13.44
1357,228,2024-08-17,Home,84.61,0.1,0,76.15,40.61,6.14,29.4
1358,228,2024-08-02,Electronics,285.54,0.0,0,285.54,205.59,9.28,70.67
1359,228,2025-06-02,Apparel,40.66,0.1,0,36.6,14.23,5.55,16.82
1360,229,2024-06-12,Home,169.93,0.1,0,152.94,81.57,7.29,64.08
1361,229,2024-09-25,Electronics,140.3,0.05,0,133.29,101.02,7.0,25.27
1362,229,2024-09-21,Electronics,81.64,0.0,0,81.64,58.78,6.22,16.64
1363,229,2025-01-23,Accessories,26.18,0.0,0,26.18,7.85,5.39,12.94
1364,229,2025-02-28,Home,44.56,0.0,0,44.56,21.39,5.67,17.5
1365,230,2024-10-20,Apparel,65.32,0.05,0,62.05,22.86,5.93,33.26
1366,230,2024-10-17,Apparel,119.61,0.2,0,95.68,41.86,6.44,47.38
1367,230,2024-11-11,Accessories,47.8,0.1,0,43.02,14.34,5.65,23.03
1368,230,2025-01-14,Accessories,26.85,0.1,0,24.17,8.06,5.36,10.75
1369,230,2025-02-26,Electronics,490.05,0.05,0,465.55,352.84,11.98,100.73
1370,230,2025-02-16,Home,50.32,0.0,0,50.32,24.15,5.75,20.42
1371,230,2025-05-23,Accessories,23.43,0.05,0,22.26,7.03,5.33,9.9
1372,231,2024-01-08,Electronics,144.63,0.05,0,137.39,104.13,7.06,26.2
1373,231,2024-04-25,Home,40.28,0.2,0,32.22,19.33,5.48,7.41
1374,231,2024-04-14,Electronics,307.14,0.1,0,276.43,221.14,9.15,46.14
1375,231,2024-08-08,Accessories,51.12,0.0,0,51.12,15.34,5.77,30.01
1376,231,2024-08-01,Apparel,44.35,0.1,0,39.91,15.52,5.6,18.79
1377,231,2024-08-08,Home,117.55,0.0,0,117.55,56.43,6.76,54.36
1378,232,2024-04-11,Electronics,496.13,0.0,0,496.13,357.21,12.44,126.48
1379,232,2024-06-10,Electronics,208.89,0.0,1,0.0,0.0,15.13,-15.13
1380,232,2024-07-09,Electronics,138.2,0.2,0,110.56,99.5,6.66,4.4
1381,232,2024-07-09,Accessories,58.52,0.05,0,55.59,17.56,5.83,32.2
1382,232,2024-07-28,Accessories,37.47,0.1,0,33.73,11.24,5.51,16.98
1383,232,2024-08-13,Home,168.92,0.05,0,160.47,81.08,7.41,71.98
1384,232,2024-10-08,Electronics,135.83,0.0,0,135.83,97.8,7.04,30.99
1385,232,2024-12-03,Apparel,37.41,0.0,1,0.0,0.0,12.56,-12.56
1386,232,2025-01-08,Apparel,131.0,0.0,0,131.0,45.85,6.97,78.18
1387,232,2025-01-09,Electronics,154.12,0.05,0,146.42,110.97,7.2,28.25
1388,233,2024-08-21,Electronics,127.1,0.0,0,127.1,91.51,6.91,28.68
1389,233,2024-09-18,Accessories,46.63,0.0,0,46.63,13.99,5.7,26.94
1390,233,2024-11-25,Electronics,205.94,0.05,0,195.64,148.28,7.93,39.43
1391,233,2024-11-24,Electronics,134.12,0.0,0,134.12,96.57,7.01,30.54
1392,233,2025-06-16,Home,133.28,0.0,0,133.28,63.97,7.0,62.31
1393,234,2024-10-28,Accessories,48.21,0.1,0,43.39,14.46,5.65,23.28
1394,234,2024-12-28,Electronics,316.17,0.05,0,300.36,227.64,9.51,63.21
1395,234,2025-05-10,Electronics,376.39,0.1,0,338.75,271.0,10.08,57.67
1396,235,2024-10-25,Accessories,33.56,0.05,1,0.0,0.0,12.48,-12.48
1397,235,2024-10-24,Accessories,59.82,0.0,0,59.82,17.95,5.9,35.97
1398,235,2024-10-12,Home,79.28,0.0,0,79.28,38.05,6.19,35.04
1399,235,2024-12-18,Apparel,67.42,0.05,0,64.05,23.6,5.96,34.49
1400,235,2024-12-10,Electronics,140.89,0.0,0,140.89,101.44,7.11,32.34
1401,235,2025-01-20,Electronics,167.64,0.0,0,167.64,120.7,7.51,39.43
1402,235,2025-03-11,Home,72.17,0.0,0,72.17,34.64,6.08,31.45
1403,235,2025-04-26,Apparel,53.81,0.2,1,0.0,0.0,12.65,-12.65
1404,235,2025-04-13,Apparel,109.2,0.05,1,0.0,0.0,13.56,-13.56
1405,235,2025-04-26,Accessories,80.52,0.0,0,80.52,24.15,6.21,50.16
1406,235,2025-06-15,Accessories,39.43,0.0,0,39.43,11.83,5.59,22.01
1407,235,2025-06-10,Apparel,42.96,0.0,0,42.96,15.04,5.64,22.28
1408,236,2024-02-05,Accessories,19.34,0.05,0,18.37,5.8,5.28,7.29
1409,236,2024-11-18,Accessories,69.48,0.2,0,55.59,20.84,5.83,28.92
1410,236,2025-05-01,Accessories,38.57,0.1,0,34.71,11.57,5.52,17.62
1411,237,2024-05-09,Electronics,159.66,0.05,0,151.68,114.95,7.28,29.45
1412,238,2024-07-28,Home,89.27,0.05,0,84.8,42.85,6.27,35.68
1413,238,2024-07-03,Electronics,253.62,0.2,0,202.89,182.6,8.04,12.25
1414,238,2024-07-23,Home,99.48,0.1,0,89.53,47.75,6.34,35.44
1415,238,2024-07-08,Home,76.33,0.05,0,72.51,36.64,6.09,29.78
1416,238,2024-12-02,Home,75.71,0.0,0,75.71,36.34,6.14,33.23
1417,238,2024-12-20,Accessories,45.5,0.0,0,45.5,13.65,5.68,26.17
1418,238,2024-12-16,Accessories,26.52,0.0,0,26.52,7.96,5.4,13.16
1419,238,2025-01-09,Home,115.6,0.1,0,104.04,55.49,6.56,41.99
1420,238,2025-02-08,Accessories,36.5,0.0,0,36.5,10.95,5.55,20.0
1421,238,2025-03-28,Accessories,70.09,0.05,0,66.58,21.03,6.0,39.55
1422,238,2025-03-02,Home,87.78,0.05,0,83.39,42.14,6.25,35.0
1423,238,2025-04-23,Accessories,73.12,0.05,0,69.46,21.93,6.04,41.49
1424,238,2025-05-21,Apparel,85.67,0.0,0,85.67,29.98,6.29,49.4
1425,238,2025-05-01,Electronics,459.85,0.0,0,459.85,331.09,11.9,116.86
1426,238,2025-06-06,Home,62.44,0.0,0,62.44,29.97,5.94,26.53
1427,238,2025-06-07,Home,85.32,0.0,0,85.32,40.95,6.28,38.09
1428,239,2024-01-19,Home,127.53,0.1,0,114.78,61.21,6.72,46.85
1429,239,2024-03-15,Home,80.41,0.2,0,64.33,38.6,5.96,19.77
1430,239,2024-04-19,Accessories,35.91,0.05,0,34.11,10.77,5.51,17.83
1431,239,2025-03-13,Electronics,170.33,0.05,0,161.81,122.63,7.43,31.75
1432,240,2024-04-18,Home,83.42,0.0,0,83.42,40.04,6.25,37.13
1433,240,2024-06-25,Accessories,54.94,0.2,0,43.95,16.48,5.66,21.81
1434,240,2024-06-13,Apparel,36.1,0.05,0,34.29,12.63,5.51,16.15
1435,240,2024-07-02,Home,82.47,0.0,0,82.47,39.59,6.24,36.64
1436,240,2024-09-26,Electronics,215.43,0.05,0,204.66,155.11,8.07,41.48
1437,240,2024-09-26,Home,82.25,0.1,0,74.02,39.48,6.11,28.43
1438,240,2024-09-25,Accessories,41.79,0.1,0,37.61,12.54,5.56,19.51
1439,240,2024-10-13,Accessories,30.91,0.0,0,30.91,9.27,5.46,16.18
1440,240,2024-11-15,Electronics,389.17,0.1,0,350.26,280.21,10.25,59.8
1441,240,2024-11-20,Electronics,88.15,0.1,0,79.33,63.46,6.19,9.68
1442,240,2024-12-22,Electronics,258.51,0.2,1,0.0,0.0,15.1,-15.1
1443,240,2024-12-07,Apparel,83.52,0.05,0,79.34,29.23,6.19,43.92
1444,240,2025-01-07,Home,75.73,0.0,0,75.73,36.35,6.14,33.24
1445,240,2025-01-04,Electronics,390.0,0.05,0,370.5,280.8,10.56,79.14
1446,240,2025-01-13,Home,156.38,0.0,0,156.38,75.06,7.35,73.97
1447,240,2025-03-18,Apparel,128.35,0.05,0,121.93,44.92,6.83,70.18
1448,240,2025-05-16,Electronics,242.69,0.0,0,242.69,174.73,8.64,59.32
1449,240,2025-06-14,Apparel,27.51,0.0,0,27.51,9.63,5.41,12.47
1450,240,2025-06-25,Home,53.34,0.05,0,50.67,25.6,5.76,19.31
1451,241,2024-04-01,Home,95.36,0.0,0,95.36,45.77,6.43,43.16
1452,241,2024-04-06,Electronics,205.35,0.0,0,205.35,147.85,8.08,49.42
1453,241,2024-05-02,Apparel,56.7,0.05,0,53.86,19.84,5.81,28.21
1454,241,2024-05-20,Electronics,213.75,0.1,0,192.37,153.9,7.89,30.58
1455,241,2025-04-17,Accessories,51.02,0.0,0,51.02,15.31,5.77,29.94
1456,241,2025-04-23,Home,188.46,0.1,0,169.62,90.46,7.54,71.62
1457,242,2024-04-28,Electronics,208.22,0.1,0,187.4,149.92,7.81,29.67
1458,242,2024-05-21,Accessories,40.67,0.0,0,40.67,12.2,5.61,22.86
1459,242,2024-05-10,Apparel,104.25,0.05,0,99.04,36.49,6.49,56.06
1460,242,2024-06-21,Electronics,196.51,0.05,0,186.68,141.48,7.8,37.4
1461,242,2024-07-09,Electronics,105.32,0.0,0,105.32,75.83,6.58,22.91
1462,242,2024-08-19,Accessories,31.17,0.2,0,24.93,9.35,5.37,10.21
1463,242,2024-10-22,Home,134.03,0.1,0,120.62,64.33,6.81,49.48
1464,242,2024-11-18,Electronics,148.97,0.05,0,141.52,107.26,7.12,27.14
1465,242,2024-12-04,Electronics,133.93,0.2,0,107.14,96.43,6.61,4.1
1466,242,2025-04-27,Electronics,85.27,0.0,0,85.27,61.39,6.28,17.6
1467,242,2025-05-06,Electronics,194.13,0.05,0,184.43,139.78,7.77,36.88
1468,243,2024-06-17,Electronics,175.3,0.1,0,157.77,126.22,7.37,24.18
1469,243,2024-07-17,Apparel,59.79,0.1,0,53.81,20.93,5.81,27.07
1470,243,2024-09-23,Accessories,49.57,0.2,0,39.65,14.87,5.59,19.19
1471,243,2024-10-05,Electronics,225.02,0.0,0,225.02,162.02,8.38,54.62
1472,243,2025-02-04,Home,107.03,0.0,0,107.03,51.37,6.61,49.05
1473,243,2025-02-25,Apparel,44.7,0.0,1,0.0,0.0,12.67,-12.67
1474,243,2025-02-28,Apparel,50.91,0.1,0,45.82,17.82,5.69,22.31
1475,243,2025-06-03,Electronics,133.96,0.05,0,127.26,96.45,6.91,23.9
1476,244,2024-08-18,Home,71.0,0.0,0,71.0,34.08,6.06,30.86
1477,244,2024-12-27,Home,72.7,0.0,0,72.7,34.9,6.09,31.71
1478,244,2025-01-09,Electronics,173.4,0.0,0,173.4,124.85,7.6,40.95
1479,244,2025-01-22,Accessories,72.56,0.05,0,68.93,21.77,6.03,41.13
1480,244,2025-04-24,Electronics,211.79,0.2,0,169.43,152.49,7.54,9.4
1481,244,2025-04-04,Apparel,52.86,0.05,0,50.22,18.5,5.75,25.97
1482,244,2025-04-08,Home,51.92,0.05,0,49.33,24.92,5.74,18.67
1483,245,2024-06-19,Accessories,73.5,0.1,0,66.15,22.05,5.99,38.11
1484,245,2024-07-26,Home,61.02,0.0,0,61.02,29.29,5.92,25.81
1485,245,2024-10-03,Home,119.38,0.0,0,119.38,57.3,6.79,55.29
1486,245,2024-10-27,Home,82.16,0.1,0,73.94,39.44,6.11,28.39
1487,245,2024-10-01,Accessories,62.6,0.05,0,59.47,18.78,5.89,34.8
1488,245,2024-11-17,Home,116.86,0.05,0,111.02,56.1,6.67,48.25
1489,245,2024-11-17,Apparel,55.55,0.1,0,49.99,19.44,5.75,24.8
1490,246,2024-04-22,Electronics,336.67,0.1,0,303.01,242.4,9.55,51.06
1491,246,2024-08-27,Electronics,195.5,0.2,0,156.4,140.76,7.35,8.29
1492,246,2024-12-16,Electronics,284.55,0.0,0,284.55,204.88,9.27,70.4
1493,246,2024-12-03,Electronics,186.7,0.1,0,168.03,134.42,7.52,26.09
1494,246,2024-12-17,Accessories,58.42,0.2,1,0.0,0.0,12.7,-12.7
1495,246,2025-02-22,Home,176.92,0.1,0,159.23,84.92,7.39,66.92
1496,246,2025-02-25,Apparel,48.52,0.2,0,38.81,16.98,5.58,16.25
1497,246,2025-04-14,Home,49.75,0.0,0,49.75,23.88,5.75,20.12
1498,247,2024-01-14,Apparel,34.59,0.1,0,31.14,12.11,5.47,13.56
1499,247,2024-02-12,Apparel,28.76,0.0,0,28.76,10.07,5.43,13.26
1500,247,2024-04-05,Home,112.05,0.05,0,106.45,53.78,6.6,46.07
1501,247,2024-05-28,Home,62.4,0.0,0,62.4,29.95,5.94,26.51
1502,247,2024-06-07,Apparel,60.95,0.0,0,60.95,21.33,5.91,33.71
1503,247,2024-08-25,Home,114.0,0.0,0,114.0,54.72,6.71,52.57
1504,247,2024-12-04,Home,96.5,0.05,0,91.68,46.32,6.38,38.98
1505,248,2024-09-01,Apparel,76.78,0.0,0,76.78,26.87,6.15,43.76
1506,248,2024-12-02,Home,39.12,0.1,0,35.21,18.78,5.53,10.9
1507,249,2024-04-16,Electronics,274.3,0.0,0,274.3,197.5,9.11,67.69
1508,249,2024-07-08,Electronics,287.67,0.0,0,287.67,207.12,9.32,71.23
1509,249,2024-09-17,Accessories,69.28,0.2,1,0.0,0.0,12.83,-12.83
1510,249,2025-02-17,Accessories,30.5,0.0,0,30.5,9.15,5.46,15.89
1511,249,2025-05-21,Apparel,122.61,0.0,1,0.0,0.0,13.84,-13.84
1512,250,2024-03-07,Electronics,271.24,0.05,1,0.0,0.0,15.87,-15.87
1513,250,2024-03-23,Accessories,24.34,0.0,0,24.34,7.3,5.37,11.67
1514,250,2024-04-13,Electronics,456.32,0.0,0,456.32,328.55,11.84,115.93
1515,250,2024-05-11,Home,94.5,0.0,1,0.0,0.0,13.42,-13.42
1516,250,2024-06-25,Accessories,59.03,0.05,0,56.08,17.71,5.84,32.53
1517,250,2024-06-07,Home,56.34,0.05,0,53.52,27.04,5.8,20.68
1518,250,2024-09-16,Apparel,131.25,0.05,0,124.68,45.94,6.87,71.87
1519,250,2024-10-05,Home,78.11,0.0,0,78.11,37.49,6.17,34.45
1520,250,2024-10-09,Electronics,142.38,0.05,0,135.26,102.51,7.03,25.72
1521,250,2024-10-21,Accessories,46.22,0.05,0,43.91,13.87,5.66,24.38
1522,250,2024-12-24,Home,54.61,0.05,1,0.0,0.0,12.78,-12.78
1523,250,2024-12-20,Electronics,504.09,0.0,0,504.09,362.95,12.56,128.58
1524,250,2024-12-03,Accessories,110.09,0.1,0,99.08,33.03,6.49,59.56
1525,250,2024-12-02,Apparel,48.24,0.0,1,0.0,0.0,12.72,-12.72
1526,250,2025-01-10,Accessories,44.49,0.0,0,44.49,13.35,5.67,25.47
1527,250,2025-01-22,Accessories,20.36,0.0,0,20.36,6.11,5.31,8.94
1528,250,2025-06-28,Apparel,73.55,0.1,0,66.2,25.74,5.99,34.47
1529,250,2025-06-25,Home,97.24,0.1,0,87.52,46.68,6.31,34.53
1530,251,2024-09-01,Electronics,249.38,0.0,0,249.38,179.55,8.74,61.09
1531,251,2025-01-21,Apparel,24.28,0.1,0,21.85,8.5,5.33,8.02
1532,251,2025-02-16,Home,140.44,0.1,0,126.4,67.41,6.9,52.09
1533,251,2025-03-17,Apparel,61.14,0.0,0,61.14,21.4,5.92,33.82
1534,251,2025-06-01,Accessories,37.53,0.1,0,33.77,11.26,5.51,17.0
1535,251,2025-06-15,Home,62.64,0.05,0,59.51,30.07,5.89,23.55
1536,252,2024-02-20,Apparel,52.11,0.0,0,52.11,18.24,5.78,28.09
1537,252,2024-02-13,Apparel,33.97,0.1,0,30.57,11.89,5.46,13.22
1538,252,2024-03-07,Accessories,48.97,0.0,0,48.97,14.69,5.73,28.55
1539,252,2024-04-26,Apparel,98.42,0.05,0,93.5,34.45,6.4,52.65
1540,252,2024-05-15,Apparel,38.25,0.1,0,34.43,13.39,5.52,15.52
1541,252,2024-06-16,Home,24.65,0.2,0,19.72,11.83,5.3,2.59
1542,252,2024-08-17,Electronics,153.58,0.0,0,153.58,110.57,7.3,35.71
1543,252,2024-08-01,Electronics,235.9,0.2,0,188.72,169.85,7.83,11.04
1544,252,2024-08-21,Electronics,253.61,0.0,0,253.61,182.6,8.8,62.21
1545,252,2024-10-24,Accessories,110.97,0.0,0,110.97,33.29,6.66,71.02
1546,252,2024-12-02,Home,61.93,0.05,0,58.83,29.72,5.88,23.23
1547,252,2025-01-06,Apparel,39.93,0.0,0,39.93,13.98,5.6,20.35
1548,252,2025-03-28,Electronics,173.35,0.2,1,0.0,0.0,14.08,-14.08
1549,252,2025-04-15,Home,114.34,0.0,0,114.34,54.88,6.72,52.74
1550,252,2025-06-24,Home,119.54,0.05,0,113.57,57.38,6.7,49.49
1551,252,2025-06-15,Accessories,40.82,0.05,0,38.78,12.25,5.58,20.95
1552,253,2024-02-08,Apparel,53.64,0.2,0,42.91,18.77,5.64,18.5
1553,253,2024-03-25,Accessories,61.95,0.0,0,61.95,18.58,5.93,37.44
1554,253,2024-10-12,Apparel,46.63,0.0,0,46.63,16.32,5.7,24.61
1555,253,2025-01-15,Home,89.44,0.0,0,89.44,42.93,6.34,40.17
1556,253,2025-01-23,Apparel,37.0,0.1,0,33.3,12.95,5.5,14.85
1557,253,2025-02-19,Accessories,52.77,0.1,0,47.49,15.83,5.71,25.95
1558,254,2024-10-05,Home,110.7,0.0,0,110.7,53.14,6.66,50.9
1559,254,2024-10-28,Apparel,33.68,0.05,1,0.0,0.0,12.48,-12.48
1560,254,2024-11-09,Accessories,30.81,0.05,0,29.27,9.24,5.44,14.59
1561,254,2025-03-15,Accessories,55.34,0.2,0,44.28,16.6,5.66,22.02
1562,255,2024-10-07,Home,57.79,0.0,1,0.0,0.0,12.87,-12.87
1563,255,2025-02-22,Accessories,80.13,0.0,0,80.13,24.04,6.2,49.89
1564,255,2025-03-28,Apparel,54.67,0.1,0,49.21,19.14,5.74,24.33
1565,255,2025-03-12,Accessories,14.3,0.0,0,14.3,4.29,5.21,4.8
1566,256,2024-01-04,Electronics,198.24,0.0,0,198.24,142.73,7.97,47.54
1567,256,2024-02-13,Electronics,244.15,0.1,0,219.73,175.79,8.3,35.64
1568,256,2024-03-07,Apparel,74.78,0.05,1,0.0,0.0,13.07,-13.07
1569,256,2024-03-28,Accessories,96.17,0.05,1,0.0,0.0,13.37,-13.37
1570,256,2024-04-19,Home,64.8,0.05,0,61.56,31.11,5.92,24.53
1571,256,2024-04-17,Apparel,67.12,0.0,0,67.12,23.49,6.01,37.62
1572,256,2024-06-04,Apparel,47.78,0.2,0,38.22,16.72,5.57,15.93
1573,256,2024-06-26,Electronics,107.76,0.05,0,102.37,77.58,6.54,18.25
1574,256,2024-07-16,Accessories,46.77,0.05,0,44.43,14.03,5.67,24.73
1575,256,2025-02-07,Accessories,60.94,0.0,0,60.94,18.28,5.91,36.75
1576,257,2024-05-01,Electronics,195.11,0.05,0,185.35,140.48,7.78,37.09
1577,257,2024-07-21,Apparel,61.13,0.0,0,61.13,21.4,5.92,33.81
1578,257,2024-08-13,Home,102.9,0.0,0,102.9,49.39,6.54,46.97
1579,257,2024-11-11,Electronics,325.13,0.05,0,308.88,234.09,9.63,65.16
1580,257,2024-11-15,Accessories,37.91,0.0,0,37.91,11.37,5.57,20.97
1581,257,2025-01-24,Electronics,176.75,0.05,0,167.92,127.26,7.52,33.14
1582,257,2025-06-03,Home,39.27,0.1,0,35.35,18.85,5.53,10.97
1583,257,2025-06-04,Apparel,27.73,0.0,0,27.73,9.71,5.42,12.6
1584,258,2024-08-15,Accessories,29.97,0.1,0,26.97,8.99,5.4,12.58
1585,258,2025-06-28,Home,66.02,0.0,0,66.02,31.69,5.99,28.34
1586,259,2024-02-06,Accessories,59.88,0.1,0,53.89,17.96,5.81,30.12
1587,259,2024-02-16,Apparel,52.45,0.2,0,41.96,18.36,5.63,17.97
1588,259,2024-07-10,Electronics,276.5,0.2,1,0.0,0.0,15.32,-15.32
1589,259,2024-07-09,Electronics,175.11,0.05,0,166.35,126.08,7.5,32.77
1590,260,2024-09-15,Home,65.61,0.05,0,62.33,31.49,5.93,24.91
1591,260,2025-05-09,Apparel,71.57,0.0,0,71.57,25.05,6.07,40.45
1592,260,2025-06-03,Accessories,36.47,0.2,0,29.17,10.94,5.44,12.79
1593,261,2024-02-21,Electronics,227.2,0.1,0,204.48,163.59,8.07,32.82
1594,261,2024-03-24,Apparel,64.08,0.2,0,51.27,22.43,5.77,23.07
1595,261,2024-04-06,Home,116.63,0.0,0,116.63,55.98,6.75,53.9
1596,261,2024-04-17,Apparel,45.19,0.2,0,36.15,15.82,5.54,14.79
1597,261,2024-06-26,Accessories,36.94,0.05,0,35.09,11.08,5.53,18.48
1598,261,2024-06-03,Apparel,60.76,0.2,0,48.61,21.27,5.73,21.61
1599,261,2024-10-03,Accessories,44.23,0.1,0,39.81,13.27,5.6,20.94
1600,261,2025-01-10,Electronics,193.94,0.0,0,193.94,139.64,7.91,46.39
1601,261,2025-03-13,Apparel,72.3,0.2,0,57.84,25.3,5.87,26.67
1602,261,2025-04-03,Home,47.81,0.1,0,43.03,22.95,5.65,14.43
1603,262,2024-02-11,Electronics,312.95,0.0,0,312.95,225.33,9.69,77.93
1604,262,2024-05-10,Apparel,72.87,0.0,0,72.87,25.5,6.09,41.28
1605,262,2024-05-16,Accessories,36.05,0.1,0,32.45,10.82,5.49,16.14
1606,262,2024-11-06,Electronics,192.85,0.2,0,154.28,138.85,7.31,8.12
1607,262,2024-12-04,Apparel,69.9,0.0,1,0.0,0.0,13.05,-13.05
1608,262,2025-04-03,Electronics,100.38,0.05,0,95.36,72.27,6.43,16.66
1609,262,2025-04-02,Home,84.09,0.0,0,84.09,40.37,6.26,37.46
1610,263,2024-02-19,Accessories,30.63,0.05,0,29.1,9.19,5.44,14.47
1611,263,2024-03-03,Accessories,31.51,0.0,0,31.51,9.45,5.47,16.59
1612,263,2024-03-22,Electronics,253.62,0.0,0,253.62,182.61,8.8,62.21
1613,263,2024-04-08,Apparel,58.62,0.0,0,58.62,20.52,5.88,32.22
1614,263,2024-06-04,Electronics,162.9,0.1,0,146.61,117.29,7.2,22.12
1615,263,2024-08-26,Home,57.1,0.0,0,57.1,27.41,5.86,23.83
1616,263,2025-01-22,Apparel,86.41,0.0,0,86.41,30.24,6.3,49.87
1617,263,2025-01-12,Electronics,216.32,0.05,0,205.51,155.75,8.08,41.68
1618,263,2025-04-04,Home,221.5,0.1,0,199.35,106.32,7.99,85.04
1619,263,2025-06-28,Accessories,31.63,0.05,0,30.05,9.49,5.45,15.11
1620,264,2024-06-03,Electronics,115.95,0.0,0,115.95,83.49,6.74,25.72
1621,264,2024-07-25,Apparel,80.53,0.0,0,80.53,28.18,6.21,46.14
1622,264,2024-08-15,Home,100.44,0.05,0,95.42,48.21,6.43,40.78
1623,264,2024-10-12,Apparel,41.16,0.0,1,0.0,0.0,12.62,-12.62
1624,264,2024-10-18,Electronics,146.23,0.1,0,131.61,105.28,6.97,19.36
1625,264,2025-01-18,Home,108.32,0.2,0,86.65,51.99,6.3,28.36
1626,264,2025-02-22,Accessories,51.19,0.05,0,48.63,15.36,5.73,27.54
1627,264,2025-04-24,Apparel,84.26,0.0,0,84.26,29.49,6.26,48.51
1628,264,2025-06-05,Accessories,23.52,0.1,0,21.17,7.06,5.32,8.79
1629,265,2024-09-10,Accessories,68.1,0.05,0,64.69,20.43,5.97,38.29
1630,265,2024-11-27,Apparel,105.24,0.1,0,94.72,36.83,6.42,51.47
1631,266,2024-07-23,Accessories,59.14,0.0,0,59.14,17.74,5.89,35.51
1632,266,2024-08-23,Accessories,65.72,0.1,1,0.0,0.0,12.89,-12.89
1633,266,2024-08-05,Home,72.88,0.1,0,65.59,34.98,5.98,24.63
1634,266,2024-09-14,Accessories,70.24,0.2,0,56.19,21.07,5.84,29.28
1635,266,2024-11-13,Electronics,269.56,0.05,0,256.08,194.08,8.84,53.16
1636,266,2024-12-13,Accessories,24.34,0.2,1,0.0,0.0,12.29,-12.29
1637,266,2025-03-23,Electronics,136.89,0.0,1,0.0,0.0,14.05,-14.05
1638,266,2025-03-28,Electronics,209.42,0.05,0,198.94,150.78,7.98,40.18
1639,267,2024-11-16,Electronics,145.19,0.0,0,145.19,104.54,7.18,33.47
1640,267,2025-01-14,Electronics,205.54,0.1,1,0.0,0.0,14.77,-14.77
1641,267,2025-01-25,Electronics,124.48,0.2,0,99.59,89.63,6.49,3.47
1642,267,2025-02-07,Apparel,35.7,0.0,1,0.0,0.0,12.54,-12.54
1643,267,2025-05-08,Home,76.04,0.05,0,72.24,36.5,6.08,29.66
1644,268,2024-10-04,Home,103.49,0.0,0,103.49,49.67,6.55,47.27
1645,268,2024-11-18,Accessories,30.0,0.0,0,30.0,9.0,5.45,15.55
1646,268,2024-12-23,Apparel,99.72,0.1,0,89.74,34.9,6.35,48.49
1647,268,2025-01-02,Home,78.79,0.0,0,78.79,37.82,6.18,34.79
1648,268,2025-01-07,Accessories,29.8,0.1,0,26.82,8.94,5.4,12.48
1649,268,2025-03-04,Apparel,140.53,0.05,0,133.5,49.19,7.0,77.31
1650,269,2024-01-18,Home,102.49,0.2,0,81.99,49.2,6.23,26.56
1651,269,2024-03-12,Electronics,157.17,0.1,0,141.46,113.16,7.12,21.18
1652,270,2024-01-14,Apparel,95.7,0.2,0,76.56,33.49,6.15,36.92
1653,270,2024-02-21,Accessories,48.42,0.2,1,0.0,0.0,12.58,-12.58
1654,270,2025-04-23,Apparel,82.51,0.0,0,82.51,28.88,6.24,47.39
1655,270,2025-06-02,Home,94.77,0.0,0,94.77,45.49,6.42,42.86
1656,271,2024-08-10,Home,98.59,0.05,1,0.0,0.0,13.4,-13.4
1657,271,2024-08-07,Accessories,60.87,0.0,0,60.87,18.26,5.91,36.7
1658,271,2024-11-18,Home,150.48,0.2,0,120.39,72.23,6.81,41.35
1659,271,2025-01-11,Apparel,44.01,0.05,1,0.0,0.0,12.63,-12.63
1660,272,2024-08-18,Accessories,59.86,0.1,0,53.87,17.96,5.81,30.1
1661,272,2024-09-16,Home,102.96,0.0,0,102.96,49.42,6.54,47.0
1662,272,2024-12-18,Accessories,38.03,0.0,0,38.03,11.41,5.57,21.05
1663,272,2025-06-18,Home,26.25,0.1,0,23.63,12.6,5.35,5.68
1664,272,2025-06-20,Apparel,59.48,0.0,0,59.48,20.82,5.89,32.77
1665,272,2025-06-04,Apparel,48.35,0.1,1,0.0,0.0,12.65,-12.65
1666,273,2024-07-20,Home,86.44,0.2,0,69.16,41.49,6.04,21.63
1667,273,2025-01-03,Accessories,54.37,0.05,0,51.65,16.31,5.77,29.57
1668,273,2025-03-23,Home,138.33,0.05,0,131.41,66.4,6.97,58.04
1669,273,2025-05-06,Electronics,193.75,0.05,0,184.06,139.5,7.76,36.8
1670,274,2024-05-08,Electronics,68.43,0.1,0,61.59,49.27,5.92,6.4
1671,274,2024-08-28,Home,117.65,0.05,0,111.77,56.47,6.68,48.62
1672,274,2024-09-22,Home,79.68,0.05,0,75.69,38.24,6.14,31.31
1673,274,2024-10-23,Home,99.26,0.0,0,99.26,47.64,6.49,45.13
1674,275,2024-07-12,Home,38.66,0.2,0,30.93,18.56,5.46,6.91
1675,275,2024-08-28,Electronics,102.1,0.05,0,96.99,73.51,6.45,17.03
1676,275,2024-09-09,Apparel,119.72,0.0,0,119.72,41.9,6.8,71.02
1677,275,2024-10-23,Electronics,400.0,0.1,0,360.0,288.0,10.4,61.6
1678,275,2024-11-05,Home,77.95,0.1,0,70.16,37.42,6.05,26.69
1679,275,2025-02-10,Electronics,250.94,0.1,0,225.84,180.68,8.39,36.77
1680,276,2024-08-15,Home,94.26,0.1,0,84.84,45.25,6.27,33.32
1681,276,2024-09-26,Apparel,62.59,0.2,0,50.07,21.91,5.75,22.41
1682,276,2024-10-27,Home,42.94,0.1,0,38.65,20.61,5.58,12.46
1683,276,2025-01-02,Electronics,203.99,0.05,0,193.79,146.87,7.91,39.01
1684,276,2025-04-17,Electronics,202.1,0.1,0,181.89,145.51,7.73,28.65
1685,276,2025-04-15,Accessories,34.61,0.2,0,27.69,10.38,5.42,11.89
1686,276,2025-04-13,Home,97.88,0.0,0,97.88,46.98,6.47,44.43
1687,276,2025-06-16,Accessories,110.91,0.1,0,99.82,33.27,6.5,60.05
1688,277,2024-08-23,Accessories,35.68,0.1,0,32.11,10.7,5.48,15.93
1689,277,2024-08-27,Home,101.57,0.2,0,81.26,48.75,6.22,26.29
1690,277,2024-09-13,Apparel,91.52,0.2,0,73.22,32.03,6.1,35.09
1691,277,2024-10-27,Apparel,44.8,0.1,0,40.32,15.68,5.6,19.04
1692,277,2024-10-25,Home,97.85,0.0,0,97.85,46.97,6.47,44.41
1693,277,2024-11-08,Apparel,44.94,0.0,0,44.94,15.73,5.67,23.54
1694,277,2024-12-18,Electronics,193.39,0.2,0,154.71,139.24,7.32,8.15
1695,277,2025-01-10,Apparel,49.96,0.0,0,49.96,17.49,5.75,26.72
1696,277,2025-01-16,Electronics,200.48,0.0,0,200.48,144.35,8.01,48.12
1697,277,2025-06-25,Apparel,96.34,0.0,0,96.34,33.72,6.45,56.17
1698,278,2024-03-24,Home,41.5,0.2,0,33.2,19.92,5.5,7.78
1699,278,2024-04-27,Electronics,126.08,0.05,0,119.78,90.78,6.8,22.2
1700,278,2024-05-26,Apparel,65.48,0.1,1,0.0,0.0,12.88,-12.88
1701,278,2024-06-20,Accessories,42.44,0.0,0,42.44,12.73,5.64,24.07
1702,278,2024-06-15,Apparel,45.28,0.05,0,43.02,15.85,5.65,21.52
1703,278,2024-07-25,Home,56.95,0.0,0,56.95,27.33,5.85,23.77
1704,278,2025-01-16,Apparel,124.04,0.1,0,111.63,43.41,6.67,61.55
1705,278,2025-05-08,Electronics,174.13,0.05,0,165.42,125.37,7.48,32.57
1706,278,2025-06-24,Electronics,167.98,0.05,0,159.58,120.94,7.39,31.25
1707,278,2025-06-03,Home,137.78,0.1,0,124.01,66.14,6.86,51.01
1708,279,2024-06-10,Home,107.02,0.05,0,101.67,51.37,6.53,43.77
1709,279,2024-07-27,Accessories,77.67,0.0,0,77.67,23.3,6.17,48.2
1710,279,2024-08-22,Apparel,34.64,0.2,0,27.71,12.12,5.42,10.17
1711,279,2024-09-24,Apparel,94.77,0.0,0,94.77,33.17,6.42,55.18
1712,279,2024-12-22,Apparel,124.03,0.2,0,99.22,43.41,6.49,49.32
1713,279,2025-03-27,Home,83.97,0.0,0,83.97,40.31,6.26,37.4
1714,279,2025-05-26,Home,59.14,0.1,1,0.0,0.0,12.8,-12.8
1715,280,2024-01-11,Apparel,51.87,0.05,0,49.28,18.16,5.74,25.38
1716,280,2024-03-24,Home,138.55,0.0,0,138.55,66.5,7.08,64.97
1717,280,2024-04-24,Home,60.4,0.0,0,60.4,28.99,5.91,25.5
1718,280,2024-05-24,Electronics,238.5,0.05,0,226.57,171.72,8.4,46.45
1719,280,2024-08-14,Home,124.74,0.1,0,112.27,59.88,6.68,45.71
1720,281,2024-01-01,Electronics,132.32,0.1,0,119.08,95.27,6.79,17.02
1721,281,2024-01-09,Home,94.86,0.2,1,0.0,0.0,13.14,-13.14
1722,281,2024-03-01,Apparel,89.76,0.1,0,80.78,31.42,6.21,43.15
1723,281,2024-03-01,Apparel,35.2,0.05,0,33.44,12.32,5.5,15.62
1724,281,2024-03-20,Apparel,67.25,0.05,0,63.89,23.54,5.96,34.39
1725,281,2024-07-14,Electronics,124.67,0.05,0,118.43,89.76,6.78,21.89
1726,282,2024-08-12,Apparel,64.14,0.1,0,57.73,22.45,5.87,29.41
1727,282,2025-06-17,Accessories,78.71,0.05,0,74.77,23.61,6.12,45.04
1728,283,2024-07-20,Apparel,81.74,0.2,0,65.4,28.61,5.98,30.81
1729,283,2024-08-17,Accessories,33.04,0.05,0,31.39,9.91,5.47,16.01
1730,283,2024-08-10,Accessories,29.49,0.0,0,29.49,8.85,5.44,15.2
1731,283,2025-04-08,Electronics,262.25,0.05,0,249.14,188.82,8.74,51.58
1732,284,2024-01-18,Accessories,73.98,0.1,0,66.58,22.19,6.0,38.39
1733,284,2024-03-23,Home,161.66,0.0,0,161.66,77.6,7.42,76.64
1734,284,2024-10-17,Accessories,48.31,0.2,0,38.65,14.49,5.58,18.58
1735,284,2024-11-03,Apparel,66.86,0.0,1,0.0,0.0,13.0,-13.0
1736,284,2025-05-24,Home,127.35,0.1,0,114.61,61.13,6.72,46.76
1737,285,2024-07-14,Home,82.13,0.1,0,73.92,39.42,6.11,28.39
1738,285,2024-09-18,Accessories,19.17,0.05,0,18.21,5.75,5.27,7.19
1739,285,2024-10-21,Accessories,73.28,0.05,1,0.0,0.0,13.04,-13.04
1740,285,2024-12-18,Home,166.9,0.05,0,158.55,80.11,7.38,71.06
1741,285,2025-01-04,Electronics,188.52,0.05,0,179.1,135.74,7.69,35.67
1742,285,2025-02-11,Electronics,90.81,0.0,0,90.81,65.38,6.36,19.07
1743,286,2024-10-07,Home,50.58,0.0,1,0.0,0.0,12.76,-12.76
1744,286,2024-11-12,Accessories,56.9,0.05,0,54.05,17.07,5.81,31.17
1745,286,2024-11-12,Apparel,136.18,0.05,0,129.37,47.66,6.94,74.77
1746,286,2025-01-23,Home,99.65,0.0,1,0.0,0.0,13.49,-13.49
1747,286,2025-02-20,Apparel,66.82,0.1,0,60.13,23.39,5.9,30.84
1748,286,2025-02-23,Accessories,70.79,0.0,0,70.79,21.24,6.06,43.49
1749,286,2025-04-22,Electronics,101.95,0.0,0,101.95,73.4,6.53,22.02
1750,286,2025-06-13,Home,51.69,0.05,0,49.11,24.81,5.74,18.56
1751,286,2025-06-14,Electronics,557.21,0.0,1,0.0,0.0,20.36,-20.36
1752,287,2024-09-26,Accessories,58.02,0.05,0,55.12,17.41,5.83,31.88
1753,287,2024-12-19,Home,107.75,0.0,0,107.75,51.72,6.62,49.41
1754,288,2024-12-14,Home,108.71,0.0,0,108.71,52.18,6.63,49.9
1755,288,2025-06-01,Home,122.1,0.0,0,122.1,58.61,6.83,56.66
1756,289,2024-05-24,Apparel,52.27,0.0,0,52.27,18.29,5.78,28.2
1757,289,2024-05-09,Home,82.35,0.05,0,78.24,39.53,6.17,32.54
1758,289,2024-09-27,Apparel,61.71,0.0,0,61.71,21.6,5.93,34.18
1759,289,2025-01-19,Apparel,129.77,0.0,0,129.77,45.42,6.95,77.4
1760,289,2025-01-05,Apparel,84.87,0.1,0,76.38,29.7,6.15,40.53
1761,289,2025-01-10,Home,74.59,0.1,0,67.13,35.8,6.01,25.32
1762,289,2025-02-25,Accessories,78.51,0.1,0,70.66,23.55,6.06,41.05
1763,289,2025-02-28,Apparel,54.48,0.1,0,49.03,19.07,5.74,24.22
1764,289,2025-03-28,Accessories,57.35,0.0,0,57.35,17.2,5.86,34.29
1765,289,2025-06-08,Electronics,305.11,0.0,0,305.11,219.68,9.58,75.85
1766,290,2024-02-03,Home,96.04,0.05,0,91.23,46.1,6.37,38.76
1767,290,2024-03-19,Electronics,501.7,0.0,0,501.7,361.23,12.53,127.94
1768,290,2024-05-09,Home,92.9,0.1,0,83.61,44.59,6.25,32.77
1769,290,2024-05-17,Home,47.82,0.0,0,47.82,22.95,5.72,19.15
1770,290,2024-09-15,Electronics,411.55,0.0,0,411.55,296.31,11.17,104.07
1771,290,2024-09-22,Home,129.67,0.1,0,116.7,62.24,6.75,47.71
1772,290,2024-11-17,Accessories,57.84,0.2,0,46.27,17.35,5.69,23.23
1773,290,2024-11-26,Electronics,144.1,0.2,0,115.28,103.75,6.73,4.8
1774,291,2024-02-09,Accessories,33.77,0.05,0,32.08,10.13,5.48,16.47
1775,291,2024-04-16,Apparel,42.88,0.0,0,42.88,15.01,5.64,22.23
1776,291,2024-04-23,Apparel,69.47,0.0,0,69.47,24.31,6.04,39.12
1777,291,2024-06-22,Home,113.47,0.0,0,113.47,54.47,6.7,52.3
1778,291,2024-07-18,Accessories,55.27,0.1,0,49.74,16.58,5.75,27.41
1779,291,2024-07-09,Apparel,44.93,0.05,1,0.0,0.0,12.64,-12.64
1780,291,2024-08-26,Home,68.82,0.0,0,68.82,33.04,6.03,29.75
1781,291,2024-09-28,Accessories,54.04,0.05,0,51.34,16.21,5.77,29.36
1782,291,2024-09-27,Home,46.17,0.0,0,46.17,22.16,5.69,18.32
1783,291,2024-09-27,Home,94.95,0.0,0,94.95,45.58,6.42,42.95
1784,291,2024-09-13,Home,60.87,0.1,0,54.79,29.22,5.82,19.75
1785,291,2024-10-04,Electronics,234.56,0.0,0,234.56,168.88,8.52,57.16
1786,291,2024-12-01,Electronics,169.43,0.1,0,152.48,121.99,7.29,23.2
1787,291,2024-12-17,Accessories,25.17,0.1,0,22.66,7.55,5.34,9.77
1788,291,2025-04-07,Electronics,172.26,0.0,0,172.26,124.03,7.58,40.65
1789,292,2024-03-17,Accessories,30.24,0.2,0,24.19,9.07,5.36,9.76
1790,292,2024-08-20,Electronics,211.87,0.2,1,0.0,0.0,14.54,-14.54
1791,292,2024-11-16,Home,41.0,0.0,0,41.0,19.68,5.61,15.71
1792,292,2024-11-28,Apparel,82.76,0.0,0,82.76,28.96,6.24,47.56
1793,292,2024-12-18,Electronics,148.37,0.05,0,140.95,106.83,7.11,27.01
1794,292,2025-01-11,Apparel,67.54,0.2,1,0.0,0.0,12.81,-12.81
1795,293,2024-01-15,Home,58.73,0.1,0,52.86,28.19,5.79,18.88
1796,293,2024-01-17,Home,132.98,0.05,0,126.33,63.83,6.9,55.6
1797,293,2024-03-26,Home,71.92,0.1,0,64.73,34.52,5.97,24.24
1798,293,2024-03-12,Apparel,82.74,0.0,0,82.74,28.96,6.24,47.54
1799,293,2024-04-15,Apparel,43.47,0.05,1,0.0,0.0,12.62,-12.62
1800,293,2024-06-22,Home,110.72,0.2,0,88.58,53.15,6.33,29.1
1801,293,2024-06-26,Apparel,71.89,0.0,0,71.89,25.16,6.08,40.65
1802,293,2024-07-24,Apparel,50.35,0.05,0,47.83,17.62,5.72,24.49
1803,293,2024-07-27,Electronics,165.4,0.05,0,157.13,119.08,7.36,30.69
1804,293,2024-10-14,Apparel,82.25,0.1,0,74.02,28.79,6.11,39.12
1805,293,2025-06-01,Accessories,75.92,0.1,1,0.0,0.0,13.02,-13.02
1806,294,2024-09-19,Accessories,47.95,0.05,0,45.56,14.39,5.68,25.49
1807,294,2024-10-25,Electronics,284.81,0.1,1,0.0,0.0,15.84,-15.84
1808,294,2024-10-04,Accessories,55.36,0.05,0,52.6,16.61,5.79,30.2
1809,294,2024-12-10,Electronics,266.44,0.2,1,0.0,0.0,15.2,-15.2
1810,294,2025-04-20,Apparel,59.86,0.2,0,47.89,20.95,5.72,21.22
1811,294,2025-06-15,Home,44.41,0.0,0,44.41,21.32,5.67,17.42
1812,295,2024-05-24,Electronics,220.66,0.1,0,198.6,158.88,7.98,31.74
1813,295,2024-05-22,Apparel,46.66,0.2,0,37.33,16.33,5.56,15.44
1814,295,2024-09-02,Home,92.05,0.2,0,73.64,44.18,6.1,23.36
1815,295,2024-09-18,Electronics,195.36,0.1,0,175.82,140.66,7.64,27.52
1816,295,2024-12-26,Accessories,61.07,0.0,0,61.07,18.32,5.92,36.83
1817,295,2025-01-28,Home,71.32,0.05,0,67.75,34.23,6.02,27.5
1818,296,2024-10-17,Home,223.63,0.05,0,212.45,107.34,8.19,96.92
1819,296,2025-01-28,Electronics,235.18,0.05,0,223.42,169.33,8.35,45.74
1820,296,2025-01-03,Apparel,59.54,0.0,1,0.0,0.0,12.89,-12.89
1821,296,2025-02-10,Accessories,70.64,0.05,0,67.11,21.19,6.01,39.91
1822,296,2025-05-28,Apparel,50.25,0.1,1,0.0,0.0,12.68,-12.68
1823,296,2025-06-08,Accessories,29.77,0.05,0,28.28,8.93,5.42,13.93
1824,297,2024-10-28,Accessories,59.14,0.05,0,56.19,17.74,5.84,32.61
1825,297,2024-12-09,Accessories,60.85,0.0,0,60.85,18.26,5.91,36.68
1826,297,2025-02-14,Accessories,68.18,0.0,0,68.18,20.45,6.02,41.71
1827,297,2025-02-04,Electronics,147.13,0.05,0,139.77,105.93,7.1,26.74
1828,297,2025-03-28,Accessories,38.58,0.05,0,36.65,11.57,5.55,19.53
1829,297,2025-03-03,Home,38.9,0.1,0,35.01,18.67,5.53,10.81
1830,297,2025-05-19,Accessories,102.69,0.1,1,0.0,0.0,13.39,-13.39
1831,298,2024-01-04,Electronics,183.32,0.05,0,174.15,131.99,7.61,34.55
1832,298,2024-07-01,Apparel,62.42,0.0,0,62.42,21.85,5.94,34.63
1833,298,2024-09-24,Accessories,78.36,0.0,0,78.36,23.51,6.18,48.67
1834,298,2025-01-22,Home,56.34,0.1,0,50.71,27.04,5.76,17.91
1835,298,2025-02-27,Apparel,44.4,0.0,0,44.4,15.54,5.67,23.19
1836,298,2025-02-20,Electronics,120.9,0.05,0,114.86,87.05,6.72,21.09
1837,298,2025-04-16,Apparel,76.13,0.05,0,72.32,26.65,6.08,39.59
1838,299,2024-06-06,Apparel,90.8,0.1,0,81.72,31.78,6.23,43.71
1839,299,2024-06-27,Electronics,355.68,0.05,0,337.9,256.09,10.07,71.74
1840,299,2024-07-15,Apparel,58.57,0.2,0,46.85,20.5,5.7,20.65
1841,299,2024-08-14,Apparel,52.58,0.0,0,52.58,18.4,5.79,28.39
1842,299,2024-10-12,Home,160.77,0.05,0,152.73,77.17,7.29,68.27
1843,299,2024-11-03,Apparel,48.34,0.0,0,48.34,16.92,5.73,25.69
1844,299,2024-11-01,Electronics,174.85,0.05,0,166.11,125.89,7.49,32.73
1845,299,2025-01-17,Electronics,262.29,0.1,1,0.0,0.0,15.54,-15.54
1846,299,2025-01-23,Accessories,28.24,0.0,0,28.24,8.47,5.42,14.35
1847,299,2025-04-05,Accessories,109.1,0.05,0,103.65,32.73,6.55,64.37
1848,299,2025-04-19,Accessories,67.51,0.0,1,0.0,0.0,13.01,-13.01
1849,299,2025-04-21,Accessories,62.27,0.0,0,62.27,18.68,5.93,37.66
1850,299,2025-05-26,Home,96.62,0.2,0,77.29,46.38,6.16,24.75
1851,300,2024-01-18,Apparel,74.97,0.05,0,71.22,26.24,6.07,38.91
1852,300,2024-01-26,Electronics,334.32,0.0,0,334.32,240.71,10.01,83.6
1853,300,2024-01-20,Accessories,18.26,0.0,0,18.26,5.48,5.27,7.51
1854,300,2024-02-18,Apparel,70.14,0.0,0,70.14,24.55,6.05,39.54
1855,300,2024-03-02,Apparel,50.71,0.0,0,50.71,17.75,5.76,27.2
1856,300,2024-03-23,Home,120.99,0.1,0,108.89,58.08,6.63,44.18
1857,300,2024-04-06,Apparel,58.64,0.05,0,55.71,20.52,5.84,29.35
1858,300,2024-07-15,Home,174.66,0.0,0,174.66,83.84,7.62,83.2
1859,300,2024-08-05,Accessories,93.1,0.0,0,93.1,27.93,6.4,58.77
1860,300,2025-01-28,Home,73.68,0.2,0,58.94,35.37,5.88,17.69
1861,300,2025-01-21,Electronics,80.51,0.2,1,0.0,0.0,12.97,-12.97
1862,300,2025-01-24,Apparel,64.78,0.05,0,61.54,22.67,5.92,32.95
1863,300,2025-01-05,Home,64.37,0.2,0,51.5,30.9,5.77,14.83
1864,300,2025-05-28,Home,98.6,0.2,0,78.88,47.33,6.18,25.37
1865,301,2024-10-14,Electronics,208.29,0.0,0,208.29,149.97,8.12,50.2
1866,301,2025-02-20,Home,118.55,0.05,0,112.62,56.9,6.69,49.03
1867,301,2025-03-19,Accessories,53.63,0.0,0,53.63,16.09,5.8,31.74
1868,302,2024-04-13,Home,61.76,0.05,0,58.67,29.64,5.88,23.15
1869,302,2024-07-13,Electronics,250.67,0.1,0,225.6,180.48,8.38,36.74
1870,302,2024-11-27,Accessories,47.75,0.05,1,0.0,0.0,12.68,-12.68
1871,303,2024-03-27,Electronics,214.91,0.0,0,214.91,154.74,8.22,51.95
1872,303,2024-05-06,Apparel,60.38,0.0,0,60.38,21.13,5.91,33.34
1873,303,2024-06-25,Accessories,43.9,0.2,0,35.12,13.17,5.53,16.42
1874,303,2024-07-17,Home,86.25,0.0,0,86.25,41.4,6.29,38.56
1875,303,2024-08-16,Accessories,38.54,0.2,0,30.83,11.56,5.46,13.81
1876,303,2024-09-20,Accessories,40.98,0.0,0,40.98,12.29,5.61,23.08
1877,303,2024-09-18,Electronics,161.59,0.05,0,153.51,116.35,7.3,29.86
1878,303,2024-11-09,Electronics,182.43,0.2,0,145.95,131.35,7.19,7.41
1879,303,2025-02-09,Electronics,344.76,0.1,0,310.28,248.23,9.65,52.4
1880,303,2025-02-22,Home,105.97,0.05,0,100.67,50.86,6.51,43.3
1881,303,2025-04-10,Apparel,84.9,0.05,0,80.66,29.72,6.21,44.73
1882,303,2025-04-23,Apparel,47.59,0.2,0,38.07,16.66,5.57,15.84
1883,303,2025-04-02,Home,59.08,0.1,0,53.17,28.36,5.8,19.01
1884,304,2024-03-26,Apparel,62.99,0.0,0,62.99,22.05,5.94,35.0
1885,304,2024-06-20,Accessories,46.49,0.2,0,37.19,13.95,5.56,17.68
1886,304,2024-06-23,Home,81.16,0.1,0,73.04,38.95,6.1,27.99
1887,304,2024-07-07,Apparel,28.49,0.0,0,28.49,9.97,5.43,13.09
1888,304,2024-07-03,Electronics,99.22,0.0,0,99.22,71.44,6.49,21.29
1889,304,2024-08-16,Apparel,125.3,0.0,0,125.3,43.85,6.88,74.57
1890,304,2024-11-09,Home,129.81,0.2,0,103.85,62.31,6.56,34.98
1891,304,2025-01-08,Home,65.1,0.0,0,65.1,31.25,5.98,27.87
1892,304,2025-02-23,Home,81.94,0.05,0,77.84,39.33,6.17,32.34
1893,304,2025-02-25,Home,125.23,0.05,1,0.0,0.0,13.78,-13.78
1894,304,2025-04-13,Accessories,24.75,0.1,0,22.28,7.43,5.33,9.52
1895,305,2024-06-16,Electronics,401.47,0.0,0,401.47,289.06,11.02,101.39
1896,305,2024-08-06,Accessories,69.15,0.0,0,69.15,20.74,6.04,42.37
1897,305,2024-09-18,Electronics,123.64,0.0,0,123.64,89.02,6.85,27.77
1898,305,2024-10-18,Accessories,63.81,0.0,0,63.81,19.14,5.96,38.71
1899,305,2024-10-26,Apparel,39.11,0.0,0,39.11,13.69,5.59,19.83
1900,305,2024-11-12,Accessories,51.83,0.2,0,41.46,15.55,5.62,20.29
1901,305,2025-01-15,Apparel,50.05,0.1,0,45.05,17.52,5.68,21.85
1902,305,2025-03-25,Accessories,53.4,0.05,0,50.73,16.02,5.76,28.95
1903,305,2025-04-23,Accessories,38.57,0.1,1,0.0,0.0,12.52,-12.52
1904,305,2025-05-10,Apparel,60.38,0.05,0,57.36,21.13,5.86,30.37
1905,305,2025-06-23,Accessories,46.46,0.05,0,44.14,13.94,5.66,24.54
1906,306,2024-01-15,Home,138.72,0.0,0,138.72,66.59,7.08,65.05
1907,306,2024-04-19,Apparel,53.54,0.2,0,42.84,18.74,5.64,18.46
1908,306,2024-05-04,Accessories,27.79,0.0,0,27.79,8.34,5.42,14.03
1909,306,2024-08-13,Apparel,70.33,0.05,0,66.81,24.62,6.0,36.19
1910,306,2024-09-27,Home,96.71,0.0,0,96.71,46.42,6.45,43.84
1911,306,2024-11-01,Home,86.87,0.05,0,82.52,41.7,6.24,34.58
1912,306,2025-01-16,Electronics,225.73,0.05,0,214.45,162.53,8.22,43.7
1913,306,2025-03-10,Home,235.17,0.05,0,223.41,112.88,8.35,102.18
1914,306,2025-03-17,Home,107.14,0.05,0,101.78,51.43,6.53,43.82
1915,306,2025-05-10,Electronics,131.76,0.0,0,131.76,94.87,6.98,29.91
1916,307,2024-01-16,Accessories,52.05,0.0,0,52.05,15.62,5.78,30.65
1917,307,2024-01-04,Accessories,78.83,0.2,1,0.0,0.0,12.95,-12.95
1918,307,2024-01-10,Electronics,133.02,0.05,0,126.37,95.77,6.9,23.7
1919,307,2024-01-26,Home,42.24,0.05,0,40.13,20.27,5.6,14.26
1920,307,2024-08-07,Apparel,67.4,0.05,0,64.03,23.59,5.96,34.48
1921,307,2024-08-18,Home,94.55,0.0,0,94.55,45.38,6.42,42.75
1922,307,2024-10-05,Accessories,34.75,0.0,1,0.0,0.0,12.52,-12.52
1923,307,2024-10-23,Electronics,213.14,0.1,0,191.83,153.46,7.88,30.49
1924,307,2025-01-22,Electronics,120.94,0.05,1,0.0,0.0,13.72,-13.72
1925,307,2025-01-26,Accessories,40.56,0.1,0,36.51,12.17,5.55,18.79
1926,307,2025-02-21,Home,90.63,0.0,0,90.63,43.5,6.36,40.77
1927,307,2025-05-06,Accessories,51.81,0.0,0,51.81,15.54,5.78,30.49
1928,308,2024-06-05,Apparel,61.79,0.0,0,61.79,21.63,5.93,34.23
1929,308,2024-07-03,Apparel,63.41,0.05,0,60.24,22.19,5.9,32.15
1930,308,2024-09-24,Home,123.76,0.0,0,123.76,59.4,6.86,57.5
1931,308,2024-10-11,Apparel,55.62,0.2,0,44.5,19.47,5.67,19.36
1932,308,2024-12-22,Accessories,33.13,0.05,0,31.47,9.94,5.47,16.06
1933,308,2025-02-21,Electronics,192.89,0.1,0,173.6,138.88,7.6,27.12
1934,308,2025-03-24,Home,85.14,0.0,0,85.14,40.87,6.28,37.99
1935,308,2025-04-02,Apparel,65.98,0.2,0,52.78,23.09,5.79,23.9
1936,308,2025-06-28,Electronics,310.24,0.0,1,0.0,0.0,16.65,-16.65
1937,309,2024-04-16,Apparel,45.1,0.0,1,0.0,0.0,12.68,-12.68
1938,309,2024-06-05,Accessories,11.46,0.2,0,9.17,3.44,5.14,0.59
1939,309,2024-07-01,Home,67.55,0.1,0,60.8,32.43,5.91,22.46
1940,309,2024-09-25,Apparel,51.03,0.05,0,48.48,17.86,5.73,24.89
1941,309,2024-12-23,Apparel,51.22,0.1,0,46.09,17.93,5.69,22.47
1942,310,2024-05-17,Apparel,46.91,0.0,0,46.91,16.42,5.7,24.79
1943,310,2024-09-27,Apparel,59.67,0.0,0,59.67,20.88,5.9,32.89
1944,310,2024-09-17,Home,149.0,0.1,0,134.1,71.52,7.01,55.57
1945,311,2024-10-25,Apparel,90.63,0.0,0,90.63,31.72,6.36,52.55
1946,311,2024-10-18,Accessories,60.11,0.1,0,54.1,18.03,5.81,30.26
1947,311,2025-01-01,Home,59.36,0.05,0,56.39,28.49,5.85,22.05
1948,311,2025-02-03,Home,79.88,0.0,0,79.88,38.34,6.2,35.34
1949,311,2025-03-25,Electronics,150.82,0.0,1,0.0,0.0,14.26,-14.26
1950,311,2025-06-08,Apparel,57.14,0.1,0,51.42,20.0,5.77,25.65
1951,311,2025-06-17,Home,105.86,0.0,0,105.86,50.81,6.59,48.46
1952,312,2024-03-22,Home,60.33,0.1,0,54.3,28.96,5.81,19.53
1953,312,2024-05-22,Electronics,362.31,0.05,0,344.19,260.86,10.16,73.17
1954,312,2024-06-19,Accessories,61.99,0.05,0,58.89,18.6,5.88,34.41
1955,312,2024-08-26,Electronics,141.52,0.0,0,141.52,101.89,7.12,32.51
1956,312,2024-08-26,Electronics,409.95,0.0,1,0.0,0.0,18.15,-18.15
1957,312,2024-11-02,Electronics,216.88,0.1,0,195.2,156.16,7.93,31.11
1958,312,2024-11-04,Apparel,87.18,0.2,1,0.0,0.0,13.05,-13.05
1959,312,2024-12-06,Accessories,55.29,0.1,0,49.76,16.59,5.75,27.42
1960,312,2025-01-20,Apparel,69.35,0.0,0,69.35,24.27,6.04,39.04
1961,312,2025-03-23,Apparel,24.1,0.0,0,24.1,8.43,5.36,10.31
1962,313,2024-01-25,Accessories,48.69,0.0,0,48.69,14.61,5.73,28.35
1963,313,2024-01-10,Accessories,47.97,0.05,0,45.57,14.39,5.68,25.5
1964,313,2024-01-01,Accessories,19.51,0.0,1,0.0,0.0,12.29,-12.29
1965,313,2025-01-15,Apparel,82.35,0.0,0,82.35,28.82,6.24,47.29
1966,314,2024-06-13,Accessories,34.04,0.1,1,0.0,0.0,12.46,-12.46
1967,314,2024-06-09,Home,52.03,0.1,0,46.82,24.97,5.7,16.15
1968,314,2024-09-22,Home,42.39,0.2,0,33.91,20.35,5.51,8.05
1969,314,2024-11-07,Apparel,47.83,0.05,1,0.0,0.0,12.68,-12.68
1970,315,2024-01-11,Home,64.55,0.05,0,61.33,30.99,5.92,24.42
1971,315,2024-09-04,Apparel,77.23,0.0,1,0.0,0.0,13.16,-13.16
1972,315,2024-09-17,Home,66.21,0.1,0,59.59,31.78,5.89,21.92
1973,315,2025-02-06,Home,88.75,0.05,0,84.31,42.6,6.26,35.45
1974,316,2024-04-21,Apparel,51.94,0.1,0,46.75,18.18,5.7,22.87
1975,316,2024-08-20,Electronics,274.02,0.0,0,274.02,197.3,9.11,67.61
1976,316,2024-08-16,Home,80.99,0.05,0,76.94,38.88,6.15,31.91
1977,316,2024-09-08,Apparel,150.47,0.1,0,135.43,52.67,7.03,75.73
1978,316,2024-11-11,Apparel,79.09,0.1,1,0.0,0.0,13.07,-13.07
1979,316,2025-06-10,Accessories,17.94,0.1,0,16.15,5.38,5.24,5.53
1980,317,2024-07-19,Home,167.43,0.0,0,167.43,80.37,7.51,79.55
1981,317,2024-07-21,Electronics,226.7,0.0,0,226.7,163.23,8.4,55.07
1982,317,2024-08-14,Electronics,286.28,0.0,0,286.28,206.12,9.29,70.87
1983,317,2024-08-23,Electronics,232.48,0.2,0,185.98,167.38,7.79,10.81
1984,317,2024-09-03,Apparel,60.0,0.1,0,54.0,21.0,5.81,27.19
1985,317,2024-09-19,Home,56.42,0.0,0,56.42,27.08,5.85,23.49
1986,317,2024-10-06,Electronics,249.94,0.1,0,224.95,179.96,8.37,36.62
1987,317,2024-10-23,Home,51.37,0.0,0,51.37,24.66,5.77,20.94
1988,317,2025-01-01,Apparel,64.09,0.2,0,51.27,22.43,5.77,23.07
1989,317,2025-01-24,Apparel,41.12,0.1,0,37.01,14.39,5.56,17.06
1990,317,2025-02-25,Home,99.3,0.2,0,79.44,47.66,6.19,25.59
1991,317,2025-04-04,Home,68.59,0.1,0,61.73,32.92,5.93,22.88
1992,318,2024-05-26,Electronics,175.46,0.2,0,140.37,126.33,7.11,6.93
1993,318,2024-11-25,Electronics,179.68,0.2,0,143.75,129.37,7.16,7.22
1994,319,2024-07-28,Accessories,27.72,0.0,0,27.72,8.32,5.42,13.98
1995,319,2025-01-25,Home,82.62,0.0,0,82.62,39.66,6.24,36.72
1996,319,2025-01-17,Home,115.0,0.05,1,0.0,0.0,13.64,-13.64
1997,319,2025-02-04,Electronics,188.52,0.1,0,169.66,135.73,7.54,26.39
1998,319,2025-03-14,Electronics,112.27,0.0,0,112.27,80.83,6.68,24.76
1999,319,2025-05-27,Home,167.55,0.0,0,167.55,80.42,7.51,79.62
2000,320,2024-10-05,Apparel,35.91,0.0,1,0.0,0.0,12.54,-12.54
2001,320,2024-12-16,Apparel,71.19,0.0,0,71.19,24.92,6.07,40.2
2002,320,2025-01-09,Accessories,20.98,0.0,0,20.98,6.29,5.31,9.38
2003,320,2025-03-27,Electronics,154.85,0.05,0,147.11,111.5,7.21,28.4
2004,320,2025-03-21,Home,106.25,0.05,0,100.93,51.0,6.51,43.42
2005,320,2025-03-08,Accessories,44.7,0.05,0,42.47,13.41,5.64,23.42
2006,321,2024-07-18,Apparel,58.47,0.1,0,52.62,20.46,5.79,26.37
2007,321,2024-07-27,Accessories,66.76,0.0,0,66.76,20.03,6.0,40.73
2008,321,2024-08-16,Accessories,71.29,0.0,0,71.29,21.39,6.07,43.83
2009,321,2024-10-13,Apparel,96.54,0.1,0,86.89,33.79,6.3,46.8
2010,321,2024-12-11,Apparel,66.44,0.2,0,53.15,23.25,5.8,24.1
2011,321,2025-01-01,Apparel,77.69,0.05,0,73.81,27.19,6.11,40.51
2012,321,2025-01-28,Electronics,283.48,0.0,0,283.48,204.1,9.25,70.13
2013,321,2025-03-10,Apparel,57.61,0.1,0,51.85,20.16,5.78,25.91
2014,321,2025-03-02,Home,117.27,0.05,0,111.4,56.29,6.67,48.44
2015,321,2025-04-03,Home,101.11,0.05,0,96.06,48.54,6.44,41.08
2016,321,2025-06-09,Accessories,40.92,0.0,0,40.92,12.28,5.61,23.03
2017,321,2025-06-28,Apparel,70.15,0.0,0,70.15,24.55,6.05,39.55
2018,322,2024-05-21,Electronics,252.38,0.0,0,252.38,181.72,8.79,61.87
2019,322,2024-08-09,Home,82.13,0.0,0,82.13,39.42,6.23,36.48
2020,322,2024-08-24,Electronics,270.33,0.0,0,270.33,194.64,9.05,66.64
2021,323,2024-07-27,Apparel,27.48,0.2,0,21.99,9.62,5.33,7.04
2022,323,2024-08-20,Home,54.46,0.0,0,54.46,26.14,5.82,22.5
2023,323,2024-09-17,Apparel,94.15,0.1,0,84.74,32.95,6.27,45.52
2024,323,2024-11-16,Electronics,187.9,0.1,0,169.11,135.29,7.54,26.28
2025,323,2024-12-11,Electronics,113.55,0.2,0,90.84,81.76,6.36,2.72
2026,323,2025-01-23,Electronics,237.27,0.0,0,237.27,170.84,8.56,57.87
2027,323,2025-02-17,Accessories,25.65,0.05,0,24.37,7.7,5.37,11.3
2028,323,2025-03-24,Accessories,35.32,0.2,0,28.26,10.6,5.42,12.24
2029,323,2025-03-13,Home,65.84,0.0,0,65.84,31.6,5.99,28.25
2030,323,2025-05-25,Home,190.63,0.05,0,181.1,91.5,7.72,81.88
2031,323,2025-05-08,Home,193.7,0.0,1,0.0,0.0,14.91,-14.91
2032,324,2024-08-16,Home,154.42,0.1,0,138.97,74.12,7.08,57.77
2033,324,2024-10-23,Apparel,74.8,0.0,0,74.8,26.18,6.12,42.5
2034,324,2024-10-01,Accessories,39.01,0.1,1,0.0,0.0,12.53,-12.53
2035,324,2024-12-12,Electronics,102.2,0.05,0,97.09,73.58,6.46,17.05
2036,324,2024-12-11,Electronics,169.91,0.1,0,152.92,122.34,7.29,23.29
2037,324,2025-01-03,Electronics,115.64,0.1,0,104.07,83.26,6.56,14.25
2038,324,2025-02-26,Home,77.84,0.1,0,70.06,37.36,6.05,26.65
2039,324,2025-03-10,Electronics,122.06,0.0,0,122.06,87.88,6.83,27.35
2040,324,2025-04-04,Accessories,77.16,0.0,0,77.16,23.15,6.16,47.85
2041,324,2025-06-19,Home,83.54,0.2,0,66.83,40.1,6.0,20.73
2042,325,2024-02-13,Home,108.5,0.0,0,108.5,52.08,6.63,49.79
2043,325,2024-06-11,Accessories,69.13,0.05,0,65.67,20.74,5.99,38.94
2044,325,2024-06-25,Accessories,59.96,0.1,0,53.96,17.99,5.81,30.16
2045,326,2024-06-12,Apparel,62.11,0.0,0,62.11,21.74,5.93,34.44
2046,327,2024-09-25,Apparel,84.92,0.2,0,67.93,29.72,6.02,32.19
2047,327,2024-09-04,Accessories,30.52,0.1,0,27.47,9.16,5.41,12.9
2048,328,2024-05-21,Accessories,44.45,0.1,0,40.0,13.33,5.6,21.07
2049,328,2024-07-16,Electronics,176.04,0.0,0,176.04,126.75,7.64,41.65
2050,328,2024-11-11,Accessories,36.97,0.0,0,36.97,11.09,5.55,20.33
2051,328,2025-03-13,Electronics,180.72,0.1,0,162.65,130.12,7.44,25.09
2052,329,2024-09-13,Home,83.66,0.0,0,83.66,40.15,6.25,37.26
2053,330,2024-01-23,Accessories,41.99,0.2,0,33.59,12.6,5.5,15.49
2054,330,2024-02-05,Accessories,40.09,0.0,0,40.09,12.03,5.6,22.46
2055,330,2024-09-27,Electronics,223.0,0.05,0,211.85,160.56,8.18,43.11
2056,330,2024-10-03,Apparel,49.83,0.1,0,44.84,17.44,5.67,21.73
2057,330,2025-03-25,Accessories,77.41,0.0,0,77.41,23.22,6.16,48.03
2058,331,2024-05-26,Electronics,139.75,0.2,0,111.8,100.62,6.68,4.5
2059,331,2024-05-12,Electronics,210.31,0.05,0,199.79,151.42,8.0,40.37
2060,331,2024-09-28,Apparel,65.52,0.0,0,65.52,22.93,5.98,36.61
2061,331,2024-12-21,Apparel,71.56,0.0,0,71.56,25.05,6.07,40.44
2062,331,2025-03-26,Accessories,74.59,0.05,0,70.86,22.38,6.06,42.42
2063,331,2025-06-11,Electronics,198.13,0.1,0,178.32,142.65,7.67,28.0
2064,332,2024-05-01,Home,113.91,0.0,0,113.91,54.68,6.71,52.52
2065,332,2024-05-24,Home,84.71,0.05,0,80.48,40.66,6.21,33.61
2066,332,2024-06-28,Apparel,71.15,0.2,0,56.92,24.9,5.85,26.17
2067,332,2024-06-08,Accessories,81.18,0.05,0,77.12,24.35,6.16,46.61
2068,332,2024-07-06,Home,35.95,0.05,0,34.15,17.26,5.51,11.38
2069,332,2025-01-24,Apparel,76.07,0.0,0,76.07,26.63,6.14,43.3
2070,332,2025-01-04,Electronics,211.91,0.05,0,201.32,152.58,8.02,40.72
2071,332,2025-05-01,Apparel,81.28,0.0,0,81.28,28.45,6.22,46.61
2072,332,2025-05-27,Home,169.81,0.0,0,169.81,81.51,7.55,80.75
2073,333,2024-05-24,Home,80.43,0.05,0,76.4,38.6,6.15,31.65
2074,334,2024-06-10,Accessories,56.6,0.05,0,53.77,16.98,5.81,30.98
2075,334,2024-07-24,Accessories,38.76,0.0,0,38.76,11.63,5.58,21.55
2076,334,2024-08-12,Electronics,208.45,0.0,0,208.45,150.08,8.13,50.24
2077,334,2024-08-26,Apparel,124.46,0.2,1,0.0,0.0,13.49,-13.49
2078,334,2024-09-14,Accessories,55.09,0.05,0,52.34,16.53,5.79,30.02
2079,334,2024-09-07,Home,180.05,0.0,0,180.05,86.43,7.7,85.92
2080,334,2025-05-03,Accessories,49.99,0.2,1,0.0,0.0,12.6,-12.6
2081,335,2024-04-28,Home,163.6,0.1,0,147.24,78.53,7.21,61.5
2082,335,2024-05-04,Apparel,42.02,0.05,0,39.92,14.71,5.6,19.61
2083,335,2024-08-13,Electronics,441.45,0.1,0,397.3,317.84,10.96,68.5
2084,335,2024-09-05,Accessories,21.46,0.2,1,0.0,0.0,12.26,-12.26
2085,335,2024-09-10,Accessories,39.28,0.1,0,35.35,11.78,5.53,18.04
2086,335,2024-09-16,Electronics,119.71,0.0,0,119.71,86.19,6.8,26.72
2087,335,2024-12-03,Apparel,91.08,0.1,0,81.97,31.88,6.23,43.86
2088,335,2025-01-07,Home,75.11,0.2,0,60.09,36.05,5.9,18.14
2089,335,2025-02-24,Apparel,34.86,0.0,1,0.0,0.0,12.52,-12.52
2090,335,2025-02-05,Accessories,33.24,0.1,0,29.91,9.97,5.45,14.49
2091,335,2025-04-05,Apparel,62.81,0.1,0,56.53,21.98,5.85,28.7
2092,336,2024-10-15,Apparel,41.55,0.0,0,41.55,14.54,5.62,21.39
2093,336,2024-11-08,Apparel,40.73,0.1,0,36.66,14.26,5.55,16.85
2094,336,2025-01-08,Electronics,82.4,0.05,0,78.28,59.33,6.17,12.78
2095,336,2025-02-12,Apparel,83.27,0.1,0,74.94,29.14,6.12,39.68
2096,336,2025-04-11,Apparel,35.96,0.0,0,35.96,12.58,5.54,17.84
2097,336,2025-05-09,Accessories,40.55,0.1,0,36.49,12.16,5.55,18.78
2098,337,2024-01-12,Home,78.36,0.0,0,78.36,37.61,6.18,34.57
2099,337,2024-03-03,Accessories,46.0,0.0,0,46.0,13.8,5.69,26.51
2100,337,2024-04-14,Electronics,98.48,0.1,0,88.63,70.9,6.33,11.4
2101,337,2024-05-27,Electronics,112.18,0.0,0,112.18,80.77,6.68,24.73
2102,337,2024-05-18,Accessories,50.52,0.05,0,47.99,15.16,5.72,27.11
2103,337,2024-09-21,Accessories,47.68,0.05,0,45.29,14.3,5.68,25.31
2104,337,2024-09-01,Home,206.42,0.05,0,196.1,99.08,7.94,89.08
2105,337,2024-11-10,Accessories,73.04,0.05,0,69.38,21.91,6.04,41.43
2106,337,2024-11-11,Accessories,45.43,0.1,0,40.89,13.63,5.61,21.65
2107,338,2024-05-15,Electronics,175.53,0.2,0,140.43,126.38,7.11,6.94
2108,338,2024-05-16,Electronics,89.89,0.2,0,71.91,64.72,6.08,1.11
2109,338,2024-06-10,Home,82.75,0.1,1,0.0,0.0,13.12,-13.12
2110,338,2024-06-01,Home,123.16,0.0,0,123.16,59.11,6.85,57.2
2111,338,2024-09-01,Electronics,156.31,0.05,0,148.49,112.54,7.23,28.72
2112,339,2024-03-04,Home,65.38,0.1,1,0.0,0.0,12.88,-12.88
2113,340,2024-10-26,Accessories,73.66,0.1,0,66.3,22.1,5.99,38.21
2114,340,2025-02-07,Accessories,26.8,0.0,1,0.0,0.0,12.4,-12.4
2115,340,2025-04-07,Home,89.91,0.1,0,80.92,43.16,6.21,31.55
2116,340,2025-05-08,Accessories,76.39,0.2,0,61.12,22.92,5.92,32.28
2117,341,2024-08-26,Accessories,15.09,0.1,0,13.59,4.53,5.2,3.86
2118,341,2024-09-11,Accessories,25.77,0.0,0,25.77,7.73,5.39,12.65
2119,341,2024-09-13,Apparel,44.22,0.05,0,42.01,15.48,5.63,20.9
2120,341,2025-03-16,Electronics,163.46,0.1,0,147.11,117.69,7.21,22.21
2121,341,2025-04-12,Electronics,136.63,0.05,0,129.8,98.37,6.95,24.48
2122,341,2025-05-15,Apparel,58.48,0.1,0,52.63,20.47,5.79,26.37
2123,341,2025-06-28,Home,113.68,0.0,0,113.68,54.56,6.71,52.41
2124,342,2024-03-28,Apparel,227.11,0.05,0,215.75,79.49,8.24,128.02
2125,342,2024-10-24,Apparel,112.51,0.1,0,101.26,39.38,6.52,55.36
2126,342,2024-10-14,Home,98.76,0.1,0,88.89,47.41,6.33,35.15
2127,343,2024-07-16,Electronics,105.88,0.2,0,84.71,76.24,6.27,2.2
2128,343,2024-10-15,Electronics,225.48,0.0,0,225.48,162.34,8.38,54.76
2129,343,2024-11-14,Electronics,182.84,0.0,0,182.84,131.64,7.74,43.46
2130,343,2025-06-12,Accessories,21.15,0.05,0,20.1,6.35,5.3,8.45
2131,343,2025-06-18,Electronics,221.55,0.05,0,210.47,159.52,8.16,42.79
2132,344,2024-03-17,Apparel,103.43,0.05,0,98.26,36.2,6.47,55.59
2133,344,2025-04-07,Apparel,44.3,0.0,0,44.3,15.5,5.66,23.14
2134,345,2024-02-04,Electronics,301.81,0.0,0,301.81,217.31,9.53,74.97
2135,345,2024-03-24,Electronics,130.37,0.1,0,117.33,93.86,6.76,16.71
2136,345,2024-04-12,Electronics,120.2,0.0,0,120.2,86.54,6.8,26.86
2137,345,2024-05-14,Home,103.88,0.1,0,93.49,49.86,6.4,37.23
2138,345,2024-08-16,Home,49.12,0.05,0,46.67,23.58,5.7,17.39
2139,345,2024-08-14,Electronics,162.01,0.2,0,129.61,116.65,6.94,6.02
2140,345,2024-09-17,Electronics,416.13,0.0,0,416.13,299.61,11.24,105.28
2141,345,2024-09-24,Home,60.6,0.05,0,57.57,29.09,5.86,22.62
2142,345,2024-09-08,Apparel,58.43,0.0,1,0.0,0.0,12.88,-12.88
2143,345,2024-11-17,Apparel,36.87,0.05,0,35.03,12.91,5.53,16.59
2144,345,2024-12-09,Home,150.73,0.05,0,143.19,72.35,7.15,63.69
2145,345,2025-04-25,Home,84.22,0.05,0,80.01,40.43,6.2,33.38
2146,345,2025-04-01,Electronics,176.69,0.05,0,167.85,127.22,7.52,33.11
2147,346,2024-10-08,Accessories,27.85,0.1,1,0.0,0.0,12.38,-12.38
2148,347,2024-02-06,Home,120.94,0.05,0,114.89,58.05,6.72,50.12
2149,347,2024-02-23,Home,101.72,0.1,0,91.55,48.83,6.37,36.35
2150,347,2024-04-16,Apparel,36.68,0.2,0,29.34,12.84,5.44,11.06
2151,347,2024-06-17,Accessories,51.86,0.2,0,41.49,15.56,5.62,20.31
2152,347,2024-06-11,Accessories,40.93,0.0,0,40.93,12.28,5.61,23.04
2153,348,2024-04-28,Accessories,69.02,0.0,0,69.02,20.71,6.04,42.27
2154,348,2024-04-21,Electronics,157.12,0.1,0,141.41,113.13,7.12,21.16
2155,348,2024-06-21,Accessories,71.21,0.1,0,64.09,21.36,5.96,36.77
2156,348,2024-08-15,Accessories,25.58,0.0,0,25.58,7.68,5.38,12.52
2157,348,2024-09-22,Electronics,190.12,0.05,0,180.62,136.89,7.71,36.02
2158,348,2024-10-17,Electronics,140.97,0.05,0,133.92,101.5,7.01,25.41
2159,348,2024-11-20,Accessories,31.69,0.2,0,25.35,9.51,5.38,10.46
2160,348,2025-01-18,Accessories,19.01,0.0,0,19.01,5.7,5.29,8.02
2161,348,2025-02-20,Home,70.76,0.05,0,67.22,33.96,6.01,27.25
2162,348,2025-02-25,Accessories,52.96,0.2,0,42.37,15.89,5.64,20.84
2163,348,2025-03-23,Apparel,84.26,0.05,0,80.04,29.49,6.2,44.35
2164,348,2025-05-07,Accessories,22.65,0.0,0,22.65,6.79,5.34,10.52
2165,349,2024-05-20,Apparel,57.35,0.05,0,54.48,20.07,5.82,28.59
2166,349,2024-06-03,Accessories,111.17,0.1,0,100.05,33.35,6.5,60.2
2167,349,2024-07-10,Apparel,88.14,0.2,0,70.51,30.85,6.06,33.6
2168,349,2024-08-03,Electronics,128.32,0.05,0,121.9,92.39,6.83,22.68
2169,349,2024-08-07,Accessories,77.33,0.2,1,0.0,0.0,12.93,-12.93
2170,349,2024-09-11,Accessories,47.64,0.0,0,47.64,14.29,5.71,27.64
2171,349,2024-10-08,Accessories,61.93,0.1,0,55.74,18.58,5.84,31.32
2172,349,2024-12-23,Apparel,55.37,0.05,0,52.6,19.38,5.79,27.43
2173,349,2025-01-15,Electronics,231.76,0.0,0,231.76,166.87,8.48,56.41
2174,349,2025-01-17,Home,163.86,0.05,0,155.67,78.65,7.34,69.68
2175,349,2025-03-02,Electronics,350.49,0.05,0,332.97,252.35,9.99,70.63
2176,349,2025-04-21,Apparel,96.31,0.1,0,86.68,33.71,6.3,46.67
2177,349,2025-05-25,Apparel,45.02,0.1,0,40.52,15.76,5.61,19.15
2178,350,2024-07-10,Apparel,39.52,0.2,0,31.61,13.83,5.47,12.31
2179,350,2024-07-19,Apparel,27.53,0.05,0,26.15,9.63,5.39,11.13
2180,350,2024-09-25,Home,143.21,0.2,0,114.56,68.74,6.72,39.1
2181,350,2025-01-11,Home,115.8,0.0,0,115.8,55.58,6.74,53.48
2182,351,2025-06-06,Electronics,223.63,0.0,0,223.63,161.01,8.35,54.27
2183,351,2025-06-14,Electronics,271.96,0.1,0,244.76,195.81,8.67,40.28
2184,352,2024-06-13,Apparel,62.16,0.1,0,55.94,21.76,5.84,28.34
2185,352,2024-08-11,Home,144.92,0.0,0,144.92,69.56,7.17,68.19
2186,352,2024-09-01,Home,47.72,0.05,0,45.33,22.9,5.68,16.75
2187,352,2024-11-18,Accessories,59.47,0.05,0,56.5,17.84,5.85,32.81
2188,352,2025-01-27,Home,111.74,0.1,0,100.56,53.63,6.51,40.42
2189,352,2025-04-17,Home,101.38,0.0,0,101.38,48.66,6.52,46.2
2190,352,2025-05-06,Home,127.95,0.2,0,102.36,61.42,6.54,34.4
2191,352,2025-05-21,Apparel,54.82,0.05,0,52.08,19.19,5.78,27.11
2192,352,2025-06-14,Apparel,38.93,0.0,0,38.93,13.63,5.58,19.72
2193,353,2024-05-06,Electronics,453.9,0.2,0,363.12,326.81,10.45,25.86
2194,353,2024-05-28,Home,149.52,0.05,0,142.04,71.77,7.13,63.14
2195,353,2024-08-24,Home,70.63,0.05,0,67.1,33.9,6.01,27.19
2196,353,2024-11-11,Home,65.74,0.05,1,0.0,0.0,12.94,-12.94
2197,353,2024-12-14,Apparel,50.61,0.05,0,48.08,17.71,5.72,24.65
2198,353,2024-12-10,Home,146.05,0.05,0,138.75,70.1,7.08,61.57
2199,353,2025-06-01,Apparel,129.92,0.0,0,129.92,45.47,6.95,77.5
2200,353,2025-06-25,Accessories,60.11,0.2,0,48.09,18.03,5.72,24.34
2201,354,2024-08-26,Electronics,217.92,0.1,0,196.13,156.9,7.94,31.29
2202,354,2025-04-09,Home,208.89,0.05,0,198.45,100.27,7.98,90.2
2203,354,2025-04-15,Electronics,98.48,0.0,0,98.48,70.9,6.48,21.1
2204,355,2024-03-18,Accessories,39.61,0.1,0,35.65,11.88,5.53,18.24
2205,355,2024-03-04,Accessories,35.3,0.1,0,31.77,10.59,5.48,15.7
2206,355,2024-04-16,Electronics,185.87,0.05,0,176.58,133.83,7.65,35.1
2207,355,2024-04-25,Home,67.62,0.0,0,67.62,32.46,6.01,29.15
2208,355,2024-04-16,Electronics,200.79,0.0,0,200.79,144.57,8.01,48.21
2209,355,2024-05-14,Home,46.13,0.1,0,41.51,22.14,5.62,13.75
2210,355,2024-05-07,Accessories,14.89,0.05,0,14.15,4.47,5.21,4.47
2211,355,2024-06-15,Apparel,49.83,0.0,1,0.0,0.0,12.75,-12.75
2212,355,2025-01-24,Accessories,74.18,0.1,0,66.76,22.25,6.0,38.51
2213,356,2024-09-08,Apparel,69.64,0.2,0,55.71,24.37,5.84,25.5
2214,356,2024-10-20,Home,172.24,0.0,0,172.24,82.67,7.58,81.99
2215,357,2024-03-03,Accessories,48.45,0.2,0,38.76,14.54,5.58,18.64
2216,357,2024-03-28,Home,173.42,0.2,0,138.74,83.24,7.08,48.42
2217,357,2024-04-05,Home,49.13,0.0,0,49.13,23.58,5.74,19.81
2218,357,2024-06-16,Accessories,43.52,0.0,0,43.52,13.06,5.65,24.81
2219,357,2024-07-28,Accessories,60.7,0.0,0,60.7,18.21,5.91,36.58
2220,357,2024-07-03,Electronics,187.75,0.1,0,168.98,135.18,7.53,26.27
2221,358,2024-07-19,Electronics,224.19,0.0,0,224.19,161.41,8.36,54.42
2222,358,2024-09-15,Home,127.24,0.2,0,101.79,61.07,6.53,34.19
2223,358,2024-10-21,Home,134.04,0.05,0,127.34,64.34,6.91,56.09
2224,358,2024-12-03,Electronics,138.16,0.1,0,124.34,99.47,6.87,18.0
2225,358,2025-01-09,Accessories,57.4,0.0,0,57.4,17.22,5.86,34.32
2226,358,2025-03-22,Apparel,44.59,0.1,0,40.13,15.61,5.6,18.92
2227,358,2025-04-27,Home,55.6,0.05,0,52.82,26.69,5.79,20.34
2228,358,2025-04-07,Electronics,238.71,0.05,0,226.78,171.87,8.4,46.51
2229,358,2025-05-27,Apparel,53.28,0.0,0,53.28,18.65,5.8,28.83
2230,358,2025-06-13,Accessories,28.24,0.0,0,28.24,8.47,5.42,14.35
2231,359,2024-07-15,Home,59.03,0.05,0,56.07,28.33,5.84,21.9
2232,359,2025-03-14,Accessories,25.66,0.1,0,23.1,7.7,5.35,10.05
2233,360,2024-01-07,Electronics,187.56,0.0,0,187.56,135.04,7.81,44.71
2234,360,2024-06-27,Electronics,221.94,0.0,0,221.94,159.8,8.33,53.81
2235,360,2024-06-07,Apparel,37.56,0.1,0,33.81,13.15,5.51,15.15
2236,360,2025-01-09,Electronics,265.15,0.1,0,238.64,190.91,8.58,39.15
2237,360,2025-01-22,Accessories,47.64,0.05,0,45.26,14.29,5.68,25.29
2238,361,2024-08-08,Electronics,172.12,0.0,0,172.12,123.92,7.58,40.62
2239,362,2024-10-10,Accessories,37.71,0.05,0,35.82,11.31,5.54,18.97
2240,362,2025-05-14,Apparel,127.81,0.0,0,127.81,44.73,6.92,76.16
2241,363,2024-06-18,Home,87.47,0.0,0,87.47,41.98,6.31,39.18
2242,363,2024-07-10,Accessories,46.48,0.05,0,44.16,13.94,5.66,24.56
2243,363,2024-09-13,Apparel,45.79,0.0,0,45.79,16.03,5.69,24.07
2244,363,2024-10-21,Accessories,52.44,0.05,0,49.82,15.73,5.75,28.34
2245,363,2024-10-05,Home,119.78,0.0,0,119.78,57.5,6.8,55.48
2246,363,2024-10-21,Electronics,129.07,0.05,1,0.0,0.0,13.84,-13.84
2247,363,2024-11-26,Apparel,37.02,0.1,0,33.32,12.96,5.5,14.86
2248,363,2025-01-10,Accessories,37.26,0.2,0,29.81,11.18,5.45,13.18
2249,363,2025-02-10,Accessories,27.11,0.0,0,27.11,8.13,5.41,13.57
2250,363,2025-03-07,Accessories,34.28,0.1,0,30.85,10.28,5.46,15.11
2251,363,2025-03-21,Accessories,51.16,0.0,0,51.16,15.35,5.77,30.04
2252,363,2025-03-20,Electronics,165.19,0.2,1,0.0,0.0,13.98,-13.98
2253,363,2025-05-02,Accessories,36.29,0.05,0,34.48,10.89,5.52,18.07
2254,363,2025-06-25,Accessories,46.22,0.05,1,0.0,0.0,12.66,-12.66
2255,364,2024-03-22,Electronics,220.36,0.1,0,198.32,158.66,7.97,31.69
2256,364,2024-03-24,Accessories,38.29,0.0,0,38.29,11.49,5.57,21.23
2257,364,2024-04-19,Electronics,357.54,0.2,0,286.03,257.43,9.29,19.31
2258,364,2024-05-28,Accessories,54.81,0.0,0,54.81,16.44,5.82,32.55
2259,364,2024-12-12,Apparel,88.98,0.1,1,0.0,0.0,13.2,-13.2
2260,364,2024-12-15,Apparel,58.19,0.2,0,46.55,20.36,5.7,20.49
2261,364,2024-12-07,Electronics,509.89,0.0,0,509.89,367.12,12.65,130.12
2262,364,2025-02-24,Electronics,256.28,0.0,0,256.28,184.52,8.84,62.92
2263,364,2025-02-14,Apparel,68.64,0.05,0,65.21,24.03,5.98,35.2
2264,364,2025-03-28,Electronics,486.01,0.1,0,437.41,349.93,11.56,75.92
2265,364,2025-05-22,Accessories,47.74,0.2,0,38.19,14.32,5.57,18.3
2266,364,2025-05-26,Accessories,31.35,0.1,0,28.22,9.41,5.42,13.39
2267,365,2024-01-14,Accessories,39.79,0.0,0,39.79,11.94,5.6,22.25
2268,365,2024-03-26,Home,96.09,0.05,0,91.28,46.12,6.37,38.79
2269,365,2024-03-27,Accessories,48.68,0.0,0,48.68,14.6,5.73,28.35
2270,365,2024-07-26,Electronics,182.74,0.0,0,182.74,131.57,7.74,43.43
2271,365,2024-08-13,Apparel,65.3,0.05,0,62.04,22.86,5.93,33.25
2272,365,2025-02-23,Accessories,85.91,0.1,0,77.32,25.77,6.16,45.39
2273,365,2025-03-15,Home,104.75,0.0,0,104.75,50.28,6.57,47.9
2274,366,2024-07-05,Electronics,143.94,0.1,0,129.55,103.64,6.94,18.97
2275,366,2024-08-21,Apparel,84.79,0.05,1,0.0,0.0,13.21,-13.21
2276,367,2024-02-27,Accessories,29.12,0.2,0,23.3,8.74,5.35,9.21
2277,367,2024-02-12,Accessories,52.76,0.05,0,50.13,15.83,5.75,28.55
2278,367,2024-04-20,Home,65.72,0.1,0,59.15,31.55,5.89,21.71
2279,367,2024-06-04,Home,48.84,0.05,0,46.4,23.44,5.7,17.26
2280,367,2024-07-07,Electronics,165.36,0.0,0,165.36,119.06,7.48,38.82
2281,367,2024-07-23,Apparel,68.07,0.05,0,64.67,23.83,5.97,34.87
2282,367,2024-07-01,Electronics,272.89,0.0,0,272.89,196.48,9.09,67.32
2283,367,2024-09-17,Electronics,249.65,0.0,0,249.65,179.75,8.74,61.16
2284,367,2025-02-12,Apparel,39.33,0.0,0,39.33,13.77,5.59,19.97
2285,367,2025-02-26,Accessories,58.8,0.0,0,58.8,17.64,5.88,35.28
2286,367,2025-02-18,Apparel,59.93,0.0,0,59.93,20.98,5.9,33.05
2287,368,2024-07-09,Home,98.6,0.0,0,98.6,47.33,6.48,44.79
2288,368,2024-09-20,Electronics,260.48,0.0,0,260.48,187.55,8.91,64.02
2289,368,2024-09-26,Apparel,56.95,0.05,0,54.1,19.93,5.81,28.36
2290,368,2024-09-09,Electronics,192.1,0.1,0,172.89,138.31,7.59,26.99
2291,368,2024-10-04,Accessories,61.86,0.0,0,61.86,18.56,5.93,37.37
2292,368,2024-10-05,Accessories,40.33,0.0,0,40.33,12.1,5.6,22.63
2293,368,2025-04-09,Apparel,48.14,0.1,1,0.0,0.0,12.65,-12.65
2294,368,2025-05-20,Accessories,22.9,0.2,0,18.32,6.87,5.27,6.18
2295,369,2024-08-01,Home,113.04,0.05,0,107.38,54.26,6.61,46.51
2296,369,2024-09-23,Apparel,38.49,0.2,0,30.79,13.47,5.46,11.86
2297,369,2024-11-07,Accessories,51.08,0.1,0,45.97,15.32,5.69,24.96
2298,370,2024-05-26,Accessories,32.15,0.05,1,0.0,0.0,12.46,-12.46
2299,370,2024-05-21,Accessories,76.71,0.05,0,72.88,23.01,6.09,43.78
2300,371,2024-06-17,Accessories,55.75,0.0,0,55.75,16.72,5.84,33.19
2301,371,2024-06-02,Electronics,319.29,0.0,1,0.0,0.0,16.79,-16.79
2302,371,2024-07-25,Home,122.67,0.0,0,122.67,58.88,6.84,56.95
2303,371,2024-08-05,Electronics,265.98,0.05,0,252.68,191.5,8.79,52.39
2304,371,2024-09-12,Accessories,92.96,0.05,0,88.31,27.89,6.32,54.1
2305,371,2024-09-02,Accessories,40.82,0.0,0,40.82,12.25,5.61,22.96
2306,371,2024-10-15,Home,54.31,0.1,0,48.88,26.07,5.73,17.08
2307,371,2024-11-19,Apparel,45.82,0.0,1,0.0,0.0,12.69,-12.69
2308,371,2025-01-20,Electronics,149.12,0.1,0,134.21,107.37,7.01,19.83
2309,371,2025-01-11,Apparel,51.98,0.0,0,51.98,18.19,5.78,28.01
2310,372,2024-04-23,Accessories,41.06,0.2,0,32.85,12.32,5.49,15.04
2311,372,2024-05-19,Accessories,50.11,0.05,0,47.6,15.03,5.71,26.86
2312,372,2024-05-14,Accessories,51.56,0.05,1,0.0,0.0,12.73,-12.73
2313,372,2024-06-28,Home,97.73,0.0,0,97.73,46.91,6.47,44.35
2314,372,2024-10-09,Electronics,232.52,0.1,0,209.27,167.42,8.14,33.71
2315,372,2025-01-06,Electronics,173.67,0.2,0,138.94,125.04,7.08,6.82
2316,372,2025-02-25,Home,108.3,0.05,0,102.89,51.99,6.54,44.36
2317,373,2024-05-14,Electronics,279.41,0.0,0,279.41,201.17,9.19,69.05
2318,373,2024-06-25,Apparel,28.77,0.1,0,25.89,10.07,5.39,10.43
2319,373,2024-06-04,Apparel,78.89,0.05,0,74.94,27.61,6.12,41.21
2320,373,2024-07-16,Electronics,170.83,0.1,0,153.75,123.0,7.31,23.44
2321,373,2024-09-02,Electronics,219.34,0.1,0,197.41,157.93,7.96,31.52
2322,373,2024-12-18,Accessories,60.21,0.2,0,48.17,18.06,5.72,24.39
2323,373,2025-03-26,Accessories,46.97,0.0,1,0.0,0.0,12.7,-12.7
2324,374,2024-06-01,Accessories,58.93,0.1,0,53.04,17.68,5.8,29.56
2325,374,2024-06-18,Accessories,40.52,0.0,0,40.52,12.16,5.61,22.75
2326,374,2024-10-20,Apparel,121.01,0.05,1,0.0,0.0,13.72,-13.72
2327,374,2025-01-25,Accessories,54.36,0.0,0,54.36,16.31,5.82,32.23
2328,374,2025-03-14,Home,118.63,0.0,0,118.63,56.94,6.78,54.91
2329,374,2025-03-03,Apparel,59.87,0.05,0,56.88,20.95,5.85,30.08
2330,374,2025-04-26,Electronics,255.19,0.1,0,229.67,183.73,8.45,37.49
2331,374,2025-06-02,Home,188.42,0.05,0,179.0,90.44,7.69,80.87
2332,374,2025-06-22,Home,89.8,0.2,0,71.84,43.11,6.08,22.65
2333,375,2024-08-11,Apparel,33.4,0.0,0,33.4,11.69,5.5,16.21
2334,375,2024-09-15,Apparel,61.7,0.0,0,61.7,21.59,5.93,34.18
2335,375,2024-09-01,Electronics,171.83,0.05,0,163.24,123.72,7.45,32.07
2336,375,2024-09-01,Electronics,200.2,0.2,0,160.16,144.14,7.4,8.62
2337,375,2025-02-10,Apparel,86.77,0.0,0,86.77,30.37,6.3,50.1
2338,375,2025-05-02,Apparel,70.47,0.2,0,56.37,24.66,5.85,25.86
2339,376,2024-02-13,Apparel,131.81,0.2,0,105.45,46.13,6.58,52.74
2340,376,2024-02-10,Home,84.56,0.0,0,84.56,40.59,6.27,37.7
2341,376,2024-03-10,Home,86.01,0.05,1,0.0,0.0,13.23,-13.23
2342,376,2024-06-03,Electronics,232.46,0.0,0,232.46,167.37,8.49,56.6
2343,376,2024-07-14,Electronics,232.64,0.05,0,221.0,167.5,8.32,45.18
2344,376,2024-10-25,Apparel,58.63,0.05,0,55.7,20.52,5.84,29.34
2345,376,2024-11-26,Home,80.65,0.0,0,80.65,38.71,6.21,35.73
2346,376,2025-03-11,Accessories,50.04,0.0,0,50.04,15.01,5.75,29.28
2347,376,2025-05-12,Accessories,38.56,0.0,0,38.56,11.57,5.58,21.41
2348,377,2024-05-21,Home,110.42,0.2,0,88.33,53.0,6.32,29.01
2349,377,2024-06-19,Accessories,33.31,0.1,0,29.98,9.99,5.45,14.54
2350,377,2024-08-25,Apparel,78.0,0.05,0,74.1,27.3,6.11,40.69
2351,377,2024-10-07,Accessories,48.93,0.0,0,48.93,14.68,5.73,28.52
2352,377,2024-11-24,Apparel,97.06,0.05,0,92.2,33.97,6.38,51.85
2353,377,2024-12-10,Electronics,247.34,0.0,0,247.34,178.08,8.71,60.55
2354,377,2025-02-11,Home,98.73,0.0,0,98.73,47.39,6.48,44.86
2355,377,2025-02-02,Accessories,51.67,0.1,0,46.5,15.5,5.7,25.3
2356,377,2025-05-24,Electronics,70.91,0.05,0,67.36,51.05,6.01,10.3
2357,378,2024-04-25,Accessories,33.1,0.2,0,26.48,9.93,5.4,11.15
2358,378,2024-04-05,Home,81.0,0.1,0,72.9,38.88,6.09,27.93
2359,379,2025-02-12,Home,106.36,0.05,0,101.04,51.05,6.52,43.47
2360,380,2024-10-03,Accessories,33.91,0.0,0,33.91,10.17,5.51,18.23
2361,380,2024-12-21,Accessories,41.19,0.05,0,39.13,12.36,5.59,21.18
2362,380,2025-02-26,Apparel,47.96,0.0,0,47.96,16.78,5.72,25.46
2363,380,2025-04-28,Home,47.27,0.0,1,0.0,0.0,12.71,-12.71
2364,380,2025-05-25,Apparel,37.35,0.05,1,0.0,0.0,12.53,-12.53
2365,381,2024-05-02,Apparel,56.85,0.05,0,54.01,19.9,5.81,28.3
2366,381,2024-10-11,Accessories,33.14,0.2,0,26.51,9.94,5.4,11.17
2367,381,2025-01-20,Accessories,67.05,0.05,0,63.7,20.12,5.96,37.62
2368,382,2024-08-10,Apparel,68.35,0.05,1,0.0,0.0,12.97,-12.97
2369,382,2024-10-27,Accessories,58.01,0.05,0,55.11,17.4,5.83,31.88
2370,382,2024-10-17,Apparel,46.84,0.0,0,46.84,16.39,5.7,24.75
2371,382,2025-03-10,Apparel,47.06,0.0,0,47.06,16.47,5.71,24.88
2372,383,2024-05-27,Home,70.0,0.05,0,66.5,33.6,6.0,26.9
2373,383,2024-05-02,Accessories,40.9,0.0,1,0.0,0.0,12.61,-12.61
2374,383,2024-06-23,Apparel,58.25,0.0,0,58.25,20.39,5.87,31.99
2375,383,2024-06-08,Home,79.97,0.1,0,71.97,38.38,6.08,27.51
2376,383,2024-06-19,Electronics,125.6,0.0,0,125.6,90.43,6.88,28.29
2377,383,2024-08-26,Electronics,184.64,0.05,0,175.41,132.94,7.63,34.84
2378,383,2024-09-12,Accessories,56.13,0.0,1,0.0,0.0,12.84,-12.84
2379,383,2024-11-13,Accessories,47.11,0.0,0,47.11,14.13,5.71,27.27
2380,383,2024-11-02,Home,66.29,0.05,0,62.98,31.82,5.94,25.22
2381,383,2025-01-25,Apparel,91.12,0.2,0,72.89,31.89,6.09,34.91
2382,383,2025-02-19,Home,65.13,0.1,0,58.61,31.26,5.88,21.47
2383,383,2025-02-23,Electronics,184.91,0.1,1,0.0,0.0,14.5,-14.5
2384,383,2025-04-07,Accessories,48.82,0.0,0,48.82,14.64,5.73,28.45
2385,383,2025-05-13,Electronics,160.63,0.2,0,128.5,115.65,6.93,5.92
2386,383,2025-05-20,Apparel,90.91,0.0,0,90.91,31.82,6.36,52.73
2387,383,2025-05-09,Electronics,220.98,0.05,1,0.0,0.0,15.15,-15.15
2388,383,2025-06-15,Apparel,48.26,0.2,0,38.61,16.89,5.58,16.14
2389,383,2025-06-04,Accessories,29.32,0.0,0,29.32,8.8,5.44,15.08
2390,384,2024-03-08,Apparel,97.12,0.1,0,87.41,33.99,6.31,47.11
2391,384,2024-12-25,Home,85.94,0.0,0,85.94,41.25,6.29,38.4
2392,384,2025-05-24,Home,106.53,0.0,0,106.53,51.13,6.6,48.8
2393,385,2024-08-06,Accessories,35.23,0.2,0,28.19,10.57,5.42,12.2
2394,386,2024-08-27,Accessories,29.18,0.1,0,26.26,8.75,5.39,12.12
2395,386,2024-10-01,Home,91.4,0.0,0,91.4,43.87,6.37,41.16
2396,386,2024-11-18,Home,151.11,0.2,0,120.89,72.53,6.81,41.55
2397,386,2025-06-17,Apparel,48.28,0.0,0,48.28,16.9,5.72,25.66
2398,387,2024-09-14,Home,84.62,0.1,0,76.16,40.62,6.14,29.4
2399,388,2024-04-11,Home,202.35,0.0,0,202.35,97.13,8.04,97.18
2400,388,2024-04-17,Apparel,57.39,0.05,0,54.52,20.08,5.82,28.62
2401,388,2024-05-05,Apparel,57.78,0.05,0,54.89,20.22,5.82,28.85
2402,388,2024-05-17,Apparel,101.59,0.0,0,101.59,35.56,6.52,59.51
2403,388,2024-08-07,Apparel,41.01,0.05,0,38.96,14.35,5.58,19.03
2404,388,2024-09-24,Electronics,236.2,0.0,0,236.2,170.06,8.54,57.6
2405,388,2024-11-18,Home,121.06,0.2,0,96.85,58.11,6.45,32.29
2406,389,2024-02-23,Electronics,101.27,0.0,0,101.27,72.91,6.52,21.84
2407,389,2024-07-14,Home,60.46,0.05,0,57.43,29.02,5.86,22.55
2408,389,2024-07-16,Electronics,74.05,0.0,0,74.05,53.32,6.11,14.62
2409,389,2024-11-03,Electronics,120.94,0.05,0,114.89,87.08,6.72,21.09
2410,389,2025-05-06,Apparel,59.51,0.2,0,47.6,20.83,5.71,21.06
2411,389,2025-05-25,Electronics,282.14,0.0,0,282.14,203.14,9.23,69.77
2412,389,2025-06-08,Accessories,31.95,0.1,0,28.75,9.58,5.43,13.74
2413,390,2024-10-01,Accessories,61.93,0.0,0,61.93,18.58,5.93,37.42
2414,390,2024-11-11,Electronics,279.36,0.0,1,0.0,0.0,16.19,-16.19
2415,390,2025-02-19,Accessories,30.57,0.1,0,27.51,9.17,5.41,12.93
2416,391,2024-07-12,Apparel,58.99,0.05,1,0.0,0.0,12.84,-12.84
2417,392,2024-07-12,Electronics,148.19,0.05,0,140.78,106.7,7.11,26.97
2418,392,2024-09-17,Home,76.09,0.0,0,76.09,36.52,6.14,33.43
2419,392,2024-11-16,Accessories,54.1,0.05,0,51.39,16.23,5.77,29.39
2420,392,2024-11-08,Home,56.21,0.05,0,53.4,26.98,5.8,20.62
2421,392,2025-05-15,Apparel,33.94,0.2,0,27.15,11.88,5.41,9.86
2422,392,2025-05-11,Apparel,100.93,0.0,0,100.93,35.33,6.51,59.09
2423,393,2024-10-19,Home,87.63,0.05,0,83.24,42.06,6.25,34.93
2424,393,2024-10-08,Apparel,59.28,0.0,1,0.0,0.0,12.89,-12.89
2425,393,2025-01-22,Apparel,114.43,0.0,0,114.43,40.05,6.72,67.66
2426,393,2025-01-14,Apparel,67.28,0.05,0,63.92,23.55,5.96,34.41
2427,393,2025-05-14,Home,56.12,0.0,1,0.0,0.0,12.84,-12.84
2428,393,2025-06-05,Electronics,173.74,0.0,1,0.0,0.0,14.61,-14.61
2429,394,2024-08-16,Electronics,182.55,0.2,0,146.04,131.44,7.19,7.41
2430,394,2024-11-28,Electronics,96.53,0.05,0,91.71,69.5,6.38,15.83
2431,394,2025-03-07,Home,71.11,0.0,0,71.11,34.13,6.07,30.91
2432,394,2025-03-09,Apparel,62.6,0.1,0,56.34,21.91,5.85,28.58
2433,395,2024-03-15,Home,119.33,0.05,0,113.37,57.28,6.7,49.39
2434,395,2024-04-03,Home,142.77,0.1,0,128.49,68.53,6.93,53.03
2435,395,2024-04-14,Accessories,94.38,0.0,0,94.38,28.31,6.42,59.65
2436,395,2024-06-09,Apparel,65.8,0.0,0,65.8,23.03,5.99,36.78
2437,395,2024-07-11,Apparel,69.97,0.1,0,62.98,24.49,5.94,32.55
2438,395,2024-08-25,Electronics,124.02,0.0,0,124.02,89.29,6.86,27.87
2439,395,2024-09-10,Accessories,74.68,0.0,0,74.68,22.4,6.12,46.16
2440,395,2024-09-24,Electronics,144.78,0.1,0,130.3,104.24,6.95,19.11
2441,395,2024-10-03,Electronics,212.35,0.0,1,0.0,0.0,15.19,-15.19
2442,395,2024-11-13,Apparel,50.15,0.1,0,45.13,17.55,5.68,21.9
2443,395,2024-11-21,Electronics,188.74,0.05,0,179.3,135.89,7.69,35.72
2444,395,2024-11-19,Home,150.75,0.0,0,150.75,72.36,7.26,71.13
2445,395,2024-11-06,Accessories,47.89,0.0,0,47.89,14.37,5.72,27.8
2446,395,2024-12-26,Electronics,123.26,0.0,0,123.26,88.74,6.85,27.67
2447,395,2025-04-18,Electronics,307.96,0.1,0,277.17,221.73,9.16,46.28
2448,396,2024-09-26,Electronics,99.01,0.0,0,99.01,71.29,6.49,21.23
2449,396,2025-03-19,Electronics,285.01,0.1,0,256.51,205.21,8.85,42.45
2450,397,2024-09-27,Accessories,64.63,0.05,0,61.4,19.39,5.92,36.09
2451,397,2024-11-02,Electronics,228.3,0.05,0,216.88,164.37,8.25,44.26
2452,397,2025-01-02,Home,92.63,0.05,0,88.0,44.46,6.32,37.22
2453,398,2024-03-10,Accessories,18.57,0.05,0,17.64,5.57,5.26,6.81
2454,398,2024-04-28,Accessories,61.76,0.2,0,49.41,18.53,5.74,25.14
2455,398,2024-06-09,Electronics,59.56,0.0,0,59.56,42.88,5.89,10.79
2456,398,2024-07-10,Home,124.6,0.05,0,118.37,59.81,6.78,51.78
2457,398,2024-07-20,Home,105.41,0.1,0,94.87,50.6,6.42,37.85
2458,398,2024-08-12,Accessories,48.94,0.2,0,39.15,14.68,5.59,18.88
2459,398,2024-10-20,Apparel,69.79,0.2,0,55.83,24.43,5.84,25.56
2460,398,2024-11-02,Electronics,255.13,0.05,0,242.38,183.7,8.64,50.04
2461,398,2025-01-18,Apparel,125.4,0.05,0,119.13,43.89,6.79,68.45
2462,398,2025-03-28,Home,62.51,0.1,0,56.26,30.0,5.84,20.42
2463,399,2024-06-23,Home,44.56,0.0,0,44.56,21.39,5.67,17.5
2464,399,2024-06-20,Home,68.85,0.05,0,65.41,33.05,5.98,26.38
2465,399,2024-07-14,Accessories,46.42,0.0,0,46.42,13.93,5.7,26.79
2466,399,2024-08-02,Apparel,39.22,0.0,0,39.22,13.73,5.59,19.9
2467,399,2024-09-17,Home,52.88,0.0,1,0.0,0.0,12.79,-12.79
2468,399,2024-10-14,Accessories,35.1,0.0,0,35.1,10.53,5.53,19.04
2469,399,2024-10-28,Electronics,161.0,0.1,0,144.9,115.92,7.17,21.81
2470,399,2024-11-20,Home,105.77,0.1,0,95.2,50.77,6.43,38.0
2471,399,2024-12-01,Home,109.73,0.0,0,109.73,52.67,6.65,50.41
2472,399,2024-12-06,Apparel,92.27,0.0,0,92.27,32.29,6.38,53.6
2473,399,2025-01-24,Accessories,54.62,0.1,0,49.16,16.39,5.74,27.03
2474,399,2025-02-03,Apparel,39.16,0.0,0,39.16,13.71,5.59,19.86
2475,399,2025-03-25,Accessories,31.59,0.05,0,30.01,9.48,5.45,15.08
2476,399,2025-06-01,Accessories,82.86,0.05,0,78.71,24.86,6.18,47.67
2477,400,2024-06-09,Home,84.57,0.05,0,80.34,40.59,6.21,33.54
2478,400,2024-08-09,Home,150.49,0.05,1,0.0,0.0,14.14,-14.14
2479,400,2025-04-09,Home,63.93,0.2,0,51.14,30.69,5.77,14.68
2480,400,2025-04-04,Accessories,26.83,0.0,0,26.83,8.05,5.4,13.38
2481,400,2025-04-11,Accessories,28.77,0.0,0,28.77,8.63,5.43,14.71
2482,401,2024-08-22,Accessories,29.41,0.2,0,23.53,8.82,5.35,9.36
2483,401,2024-10-05,Accessories,60.42,0.05,0,57.4,18.13,5.86,33.41
2484,401,2024-11-19,Apparel,100.41,0.0,0,100.41,35.14,6.51,58.76
2485,401,2025-02-22,Electronics,103.19,0.05,0,98.03,74.3,6.47,17.26
2486,401,2025-04-06,Accessories,85.37,0.0,0,85.37,25.61,6.28,53.48
2487,401,2025-04-18,Home,44.5,0.1,0,40.05,21.36,5.6,13.09
2488,402,2024-09-15,Accessories,37.98,0.1,0,34.18,11.39,5.51,17.28
2489,402,2024-09-12,Accessories,119.85,0.1,0,107.87,35.96,6.62,65.29
2490,402,2024-10-07,Home,111.15,0.0,0,111.15,53.35,6.67,51.13
2491,402,2024-10-09,Electronics,78.94,0.0,0,78.94,56.84,6.18,15.92
2492,402,2024-10-19,Apparel,110.83,0.1,0,99.75,38.79,6.5,54.46
2493,402,2024-11-22,Home,75.38,0.1,0,67.84,36.18,6.02,25.64
2494,402,2025-03-19,Apparel,54.3,0.2,0,43.44,19.0,5.65,18.79
2495,402,2025-05-08,Apparel,62.14,0.2,0,49.71,21.75,5.75,22.21
2496,403,2024-06-10,Electronics,193.27,0.1,0,173.94,139.15,7.61,27.18
2497,403,2024-08-09,Electronics,161.41,0.1,0,145.27,116.21,7.18,21.88
2498,403,2024-10-11,Apparel,61.56,0.1,0,55.4,21.55,5.83,28.02
2499,403,2024-11-24,Home,115.75,0.1,0,104.18,55.56,6.56,42.06
2500,403,2024-11-07,Home,84.79,0.0,0,84.79,40.7,6.27,37.82
2501,403,2024-12-28,Apparel,63.2,0.05,1,0.0,0.0,12.9,-12.9
2502,404,2024-08-23,Electronics,312.6,0.05,0,296.97,225.07,9.45,62.45
2503,404,2024-08-10,Apparel,112.24,0.05,0,106.62,39.28,6.6,60.74
2504,404,2024-09-26,Accessories,51.92,0.2,0,41.54,15.58,5.62,20.34
2505,404,2024-10-03,Home,65.99,0.0,0,65.99,31.68,5.99,28.32
2506,404,2024-10-20,Accessories,37.33,0.0,0,37.33,11.2,5.56,20.57
2507,404,2024-12-19,Home,85.41,0.1,0,76.87,41.0,6.15,29.72
2508,405,2024-04-28,Accessories,69.19,0.05,0,65.73,20.76,5.99,38.98
2509,405,2024-05-20,Home,79.95,0.1,0,71.96,38.38,6.08,27.5
2510,405,2024-05-14,Accessories,42.09,0.1,0,37.88,12.63,5.57,19.68
2511,405,2024-06-25,Accessories,79.52,0.1,0,71.57,23.86,6.07,41.64
2512,405,2025-03-26,Home,147.16,0.1,0,132.44,70.64,6.99,54.81
2513,406,2024-03-05,Home,44.08,0.1,0,39.67,21.16,5.6,12.91
2514,406,2024-07-28,Accessories,22.94,0.1,0,20.64,6.88,5.31,8.45
2515,406,2024-11-27,Apparel,55.54,0.0,0,55.54,19.44,5.83,30.27
2516,406,2024-11-11,Electronics,328.48,0.1,0,295.63,236.51,9.43,49.69
2517,406,2024-11-01,Home,96.68,0.2,0,77.34,46.41,6.16,24.77
2518,406,2024-12-05,Home,87.61,0.05,0,83.23,42.05,6.25,34.93
2519,406,2024-12-22,Apparel,65.49,0.0,0,65.49,22.92,5.98,36.59
2520,406,2025-02-26,Apparel,154.23,0.0,0,154.23,53.98,7.31,92.94
2521,407,2024-02-04,Electronics,173.56,0.0,0,173.56,124.96,7.6,41.0
2522,407,2024-03-07,Electronics,564.77,0.1,0,508.29,406.63,12.62,89.04
2523,407,2024-05-02,Home,78.84,0.05,0,74.9,37.85,6.12,30.93
2524,407,2024-06-27,Apparel,38.53,0.2,0,30.82,13.49,5.46,11.87
2525,407,2024-06-28,Apparel,40.58,0.05,1,0.0,0.0,12.58,-12.58
2526,407,2024-07-07,Electronics,187.67,0.0,0,187.67,135.12,7.81,44.74
2527,407,2024-09-10,Home,97.78,0.2,0,78.22,46.93,6.17,25.12
2528,407,2024-09-22,Apparel,58.09,0.1,0,52.28,20.33,5.78,26.17
2529,407,2024-10-28,Apparel,69.01,0.1,0,62.11,24.15,5.93,32.03
2530,407,2025-01-04,Accessories,71.71,0.0,0,71.71,21.51,6.08,44.12
2531,407,2025-03-13,Electronics,189.73,0.0,0,189.73,136.6,7.85,45.28
2532,407,2025-03-26,Home,125.67,0.05,0,119.39,60.32,6.79,52.28
2533,407,2025-03-10,Apparel,31.61,0.05,0,30.03,11.06,5.45,13.52
2534,407,2025-03-14,Accessories,36.87,0.0,0,36.87,11.06,5.55,20.26
2535,408,2024-06-08,Home,82.85,0.0,0,82.85,39.77,6.24,36.84
2536,408,2024-06-06,Electronics,256.26,0.1,0,230.64,184.51,8.46,37.67
2537,408,2024-11-26,Home,124.99,0.0,0,124.99,59.99,6.87,58.13
2538,409,2024-09-14,Apparel,62.74,0.2,0,50.19,21.96,5.75,22.48
2539,409,2024-10-26,Accessories,67.53,0.0,0,67.53,20.26,6.01,41.26
2540,409,2024-11-26,Home,97.13,0.1,0,87.42,46.62,6.31,34.49
2541,410,2024-01-16,Electronics,249.14,0.0,0,249.14,179.38,8.74,61.02
2542,410,2024-01-21,Electronics,403.23,0.1,1,0.0,0.0,17.44,-17.44
2543,410,2024-02-01,Accessories,69.98,0.1,0,62.99,21.0,5.94,36.05
2544,410,2024-02-24,Accessories,27.22,0.05,0,25.86,8.17,5.39,12.3
2545,410,2024-02-24,Accessories,30.11,0.05,0,28.61,9.03,5.43,14.15
2546,410,2024-03-12,Electronics,90.24,0.1,0,81.22,64.97,6.22,10.03
2547,410,2024-04-22,Accessories,34.59,0.2,0,27.67,10.38,5.42,11.87
2548,410,2024-04-17,Apparel,23.93,0.05,0,22.74,8.38,5.34,9.02
2549,412,2024-05-18,Electronics,376.73,0.1,0,339.05,271.24,10.09,57.72
2550,412,2024-06-25,Apparel,110.23,0.2,0,88.19,38.58,6.32,43.29
2551,412,2024-07-03,Accessories,57.15,0.1,0,51.43,17.14,5.77,28.52
2552,412,2025-03-05,Electronics,269.24,0.0,0,269.24,193.85,9.04,66.35
2553,412,2025-03-02,Accessories,17.66,0.1,0,15.89,5.3,5.24,5.35
2554,413,2024-01-28,Apparel,91.49,0.2,0,73.2,32.02,6.1,35.08
2555,413,2024-02-06,Electronics,332.23,0.2,0,265.78,239.2,8.99,17.59
2556,413,2024-02-23,Accessories,105.25,0.1,0,94.73,31.58,6.42,56.73
2557,413,2024-03-08,Apparel,50.98,0.05,1,0.0,0.0,12.73,-12.73
2558,413,2024-06-28,Apparel,75.54,0.0,0,75.54,26.44,6.13,42.97
2559,413,2024-08-26,Home,52.17,0.2,1,0.0,0.0,12.63,-12.63
2560,413,2024-09-27,Accessories,77.92,0.05,0,74.03,23.38,6.11,44.54
2561,413,2024-12-07,Accessories,67.34,0.05,0,63.98,20.2,5.96,37.82
2562,413,2025-02-25,Accessories,18.69,0.1,0,16.83,5.61,5.25,5.97
2563,413,2025-02-04,Electronics,399.07,0.1,0,359.16,287.33,10.39,61.44
2564,413,2025-04-12,Electronics,246.97,0.0,0,246.97,177.82,8.7,60.45
2565,413,2025-05-06,Home,47.86,0.0,0,47.86,22.97,5.72,19.17
2566,413,2025-06-10,Home,83.33,0.1,0,75.0,40.0,6.13,28.87
2567,413,2025-06-16,Electronics,157.38,0.05,0,149.51,113.31,7.24,28.96
2568,414,2024-05-12,Apparel,90.4,0.2,0,72.32,31.64,6.08,34.6
2569,414,2024-07-20,Accessories,56.71,0.1,0,51.04,17.01,5.77,28.26
2570,415,2024-09-10,Apparel,49.44,0.2,1,0.0,0.0,12.59,-12.59
2571,415,2024-09-17,Accessories,38.79,0.0,0,38.79,11.64,5.58,21.57
2572,415,2025-04-14,Apparel,65.21,0.05,0,61.95,22.82,5.93,33.2
2573,416,2024-02-22,Electronics,233.8,0.0,0,233.8,168.33,8.51,56.96
2574,416,2024-03-08,Accessories,47.92,0.0,0,47.92,14.38,5.72,27.82
2575,416,2024-04-12,Electronics,233.17,0.0,0,233.17,167.88,8.5,56.79
2576,416,2024-04-05,Home,123.83,0.1,0,111.45,59.44,6.67,45.34
2577,416,2024-05-26,Apparel,49.65,0.1,0,44.68,17.38,5.67,21.63
2578,416,2024-06-27,Electronics,192.38,0.0,0,192.38,138.52,7.89,45.97
2579,416,2024-09-10,Home,70.28,0.1,0,63.25,33.73,5.95,23.57
2580,416,2024-09-19,Home,112.6,0.05,0,106.97,54.05,6.6,46.32
2581,416,2025-01-01,Accessories,93.18,0.05,0,88.52,27.95,6.33,54.24
2582,416,2025-04-24,Apparel,62.15,0.05,0,59.05,21.75,5.89,31.41
2583,417,2024-09-09,Electronics,183.79,0.05,0,174.6,132.33,7.62,34.65
2584,417,2024-09-01,Apparel,52.36,0.05,0,49.74,18.32,5.75,25.67
2585,417,2024-12-02,Electronics,296.96,0.0,0,296.96,213.81,9.45,73.7
2586,417,2024-12-09,Home,114.43,0.0,0,114.43,54.93,6.72,52.78
2587,417,2025-06-27,Accessories,46.74,0.1,0,42.07,14.02,5.63,22.42
2588,418,2024-10-05,Electronics,235.52,0.05,1,0.0,0.0,15.36,-15.36
2589,418,2025-01-28,Apparel,117.07,0.05,1,0.0,0.0,13.67,-13.67
2590,418,2025-01-04,Accessories,51.18,0.2,0,40.95,15.36,5.61,19.98
2591,418,2025-03-20,Apparel,57.98,0.2,0,46.38,20.29,5.7,20.39
2592,419,2024-03-13,Home,51.0,0.05,0,48.45,24.48,5.73,18.24
2593,419,2024-08-06,Accessories,29.64,0.0,0,29.64,8.89,5.44,15.31
2594,419,2024-09-01,Apparel,23.13,0.2,0,18.5,8.09,5.28,5.13
2595,419,2025-04-10,Home,201.44,0.2,0,161.15,96.69,7.42,57.04
2596,419,2025-04-08,Home,117.2,0.05,0,111.34,56.26,6.67,48.41
2597,420,2024-09-21,Home,88.96,0.05,0,84.52,42.7,6.27,35.55
2598,420,2024-11-28,Accessories,42.86,0.0,0,42.86,12.86,5.64,24.36
2599,420,2024-12-26,Home,115.82,0.1,0,104.24,55.6,6.56,42.08
2600,420,2025-04-04,Accessories,71.64,0.05,0,68.06,21.49,6.02,40.55
2601,420,2025-05-01,Apparel,26.89,0.2,0,21.51,9.41,5.32,6.78
2602,420,2025-05-27,Electronics,222.61,0.1,0,200.34,160.28,8.01,32.05
2603,421,2024-09-09,Electronics,204.29,0.0,0,204.29,147.09,8.06,49.14
2604,421,2025-05-05,Accessories,39.65,0.2,0,31.72,11.89,5.48,14.35
2605,422,2024-03-23,Apparel,52.18,0.1,1,0.0,0.0,12.7,-12.7
2606,422,2024-05-09,Electronics,186.62,0.0,0,186.62,134.36,7.8,44.46
2607,423,2024-07-12,Accessories,65.66,0.05,0,62.38,19.7,5.94,36.74
2608,423,2025-02-27,Home,131.66,0.0,0,131.66,63.19,6.97,61.5
2609,423,2025-03-05,Electronics,148.6,0.2,0,118.88,106.99,6.78,5.11
2610,423,2025-03-05,Accessories,64.71,0.1,0,58.24,19.41,5.87,32.96
2611,423,2025-03-05,Electronics,319.86,0.1,0,287.87,230.3,9.32,48.25
2612,423,2025-03-06,Home,158.82,0.1,0,142.94,76.24,7.14,59.56
2613,423,2025-03-23,Apparel,86.9,0.2,0,69.52,30.42,6.04,33.06
2614,423,2025-03-06,Accessories,52.26,0.2,0,41.81,15.68,5.63,20.5
2615,423,2025-06-08,Electronics,138.78,0.0,0,138.78,99.92,7.08,31.78
2616,424,2024-01-25,Home,63.1,0.05,0,59.95,30.29,5.9,23.76
2617,424,2024-01-04,Accessories,122.71,0.2,0,98.17,36.81,6.47,54.89
2618,424,2024-11-26,Electronics,193.44,0.2,0,154.75,139.28,7.32,8.15
2619,425,2024-10-23,Apparel,12.61,0.2,0,10.09,4.41,5.15,0.53
2620,425,2024-12-06,Apparel,34.88,0.2,1,0.0,0.0,12.42,-12.42
2621,425,2024-12-04,Electronics,93.93,0.0,0,93.93,67.63,6.41,19.89
2622,425,2025-01-01,Apparel,88.2,0.0,0,88.2,30.87,6.32,51.01
2623,425,2025-02-20,Accessories,67.03,0.05,0,63.68,20.11,5.96,37.61
2624,425,2025-03-25,Electronics,239.86,0.05,0,227.87,172.7,8.42,46.75
2625,425,2025-05-17,Accessories,35.43,0.2,0,28.34,10.63,5.43,12.28
2626,426,2024-06-22,Electronics,241.1,0.1,0,216.99,173.59,8.25,35.15
2627,426,2024-06-17,Apparel,44.12,0.1,0,39.71,15.44,5.6,18.67
2628,426,2024-06-16,Electronics,91.95,0.05,0,87.35,66.2,6.31,14.84
2629,426,2024-06-20,Apparel,93.02,0.2,0,74.41,32.56,6.12,35.73
2630,426,2024-10-06,Accessories,35.99,0.0,0,35.99,10.8,5.54,19.65
2631,426,2025-03-12,Accessories,45.53,0.0,0,45.53,13.66,5.68,26.19
2632,427,2024-07-11,Home,116.98,0.2,0,93.58,56.15,6.4,31.03
2633,427,2024-07-08,Accessories,32.52,0.2,0,26.01,9.76,5.39,10.86
2634,427,2024-07-17,Apparel,47.3,0.1,0,42.57,16.55,5.64,20.38
2635,427,2024-08-20,Electronics,189.03,0.2,1,0.0,0.0,14.27,-14.27
2636,427,2024-09-20,Accessories,37.12,0.0,0,37.12,11.14,5.56,20.42
2637,427,2024-09-27,Home,139.08,0.2,0,111.27,66.76,6.67,37.84
2638,427,2024-11-07,Accessories,61.49,0.1,0,55.35,18.45,5.83,31.07
2639,427,2024-12-08,Apparel,53.72,0.0,0,53.72,18.8,5.81,29.11
2640,427,2025-01-20,Home,105.46,0.05,1,0.0,0.0,13.5,-13.5
2641,427,2025-02-19,Accessories,36.7,0.0,0,36.7,11.01,5.55,20.14
2642,428,2024-06-26,Home,41.8,0.1,0,37.62,20.07,5.56,11.99
2643,428,2024-06-08,Apparel,48.18,0.05,0,45.77,16.86,5.69,23.22
2644,428,2024-08-19,Accessories,58.64,0.05,0,55.71,17.59,5.84,32.28
2645,428,2024-08-10,Electronics,139.05,0.1,0,125.15,100.12,6.88,18.15
2646,428,2024-09-20,Accessories,53.38,0.2,0,42.7,16.01,5.64,21.05
2647,428,2024-12-10,Accessories,67.49,0.1,0,60.74,20.25,5.91,34.58
2648,428,2025-01-05,Apparel,52.55,0.2,1,0.0,0.0,12.63,-12.63
2649,429,2024-03-07,Accessories,50.05,0.1,0,45.05,15.02,5.68,24.35
2650,430,2024-03-03,Apparel,48.26,0.0,0,48.26,16.89,5.72,25.65
2651,430,2024-07-04,Electronics,124.47,0.0,0,124.47,89.62,6.87,27.98
2652,430,2024-08-23,Electronics,217.06,0.05,0,206.21,156.28,8.09,41.84
2653,430,2024-11-26,Home,85.1,0.0,0,85.1,40.85,6.28,37.97
2654,430,2025-01-18,Accessories,46.13,0.0,0,46.13,13.84,5.69,26.6
2655,430,2025-04-06,Home,147.5,0.0,0,147.5,70.8,7.21,69.49
2656,430,2025-04-08,Electronics,376.21,0.0,1,0.0,0.0,17.64,-17.64
2657,430,2025-06-15,Accessories,45.64,0.1,0,41.08,13.69,5.62,21.77
2658,431,2024-01-09,Accessories,39.28,0.05,0,37.31,11.78,5.56,19.97
2659,431,2025-02-07,Electronics,312.6,0.2,0,250.08,225.08,8.75,16.25
2660,432,2024-03-13,Home,93.35,0.05,0,88.68,44.81,6.33,37.54
2661,432,2024-04-05,Electronics,225.51,0.2,0,180.41,162.36,7.71,10.34
2662,432,2024-04-21,Accessories,35.76,0.2,0,28.61,10.73,5.43,12.45
2663,432,2024-04-26,Apparel,61.82,0.1,0,55.64,21.64,5.83,28.17
2664,432,2024-05-07,Accessories,44.99,0.0,0,44.99,13.5,5.67,25.82
2665,432,2024-06-08,Home,146.98,0.05,0,139.63,70.55,7.09,61.99
2666,432,2024-08-11,Apparel,50.49,0.1,0,45.44,17.67,5.68,22.09
2667,432,2024-08-03,Home,73.85,0.0,0,73.85,35.45,6.11,32.29
2668,432,2024-11-24,Apparel,37.32,0.0,0,37.32,13.06,5.56,18.7
2669,432,2025-01-22,Apparel,73.19,0.05,0,69.53,25.62,6.04,37.87
2670,432,2025-03-05,Electronics,90.43,0.2,0,72.35,65.11,6.09,1.15
2671,432,2025-03-04,Home,120.91,0.2,0,96.73,58.04,6.45,32.24
2672,432,2025-04-19,Electronics,205.92,0.05,0,195.62,148.26,7.93,39.43
2673,432,2025-06-09,Electronics,473.25,0.1,0,425.92,340.74,11.39,73.79
2674,433,2024-08-14,Accessories,31.71,0.1,1,0.0,0.0,12.43,-12.43
2675,433,2024-08-02,Electronics,212.58,0.1,0,191.32,153.06,7.87,30.39
2676,433,2024-09-18,Accessories,53.34,0.05,1,0.0,0.0,12.76,-12.76
2677,433,2024-12-10,Home,101.39,0.2,0,81.11,48.67,6.22,26.22
2678,433,2024-12-01,Apparel,49.44,0.0,0,49.44,17.3,5.74,26.4
2679,434,2024-06-10,Electronics,483.46,0.1,0,435.11,348.09,11.53,75.49
2680,434,2024-06-21,Apparel,36.68,0.1,0,33.01,12.84,5.5,14.67
2681,434,2024-07-21,Apparel,98.09,0.05,0,93.19,34.33,6.4,52.46
2682,434,2024-07-04,Home,111.8,0.0,0,111.8,53.66,6.68,51.46
2683,434,2024-09-13,Electronics,275.04,0.2,0,220.03,198.03,8.3,13.7
2684,434,2024-09-10,Home,109.64,0.05,0,104.16,52.63,6.56,44.97
2685,434,2024-11-28,Electronics,189.41,0.05,0,179.94,136.37,7.7,35.87
2686,434,2025-05-20,Accessories,63.44,0.2,0,50.75,19.03,5.76,25.96
2687,435,2024-04-20,Apparel,166.22,0.05,0,157.91,58.18,7.37,92.36
2688,435,2024-04-01,Apparel,43.24,0.0,1,0.0,0.0,12.65,-12.65
2689,435,2024-05-14,Accessories,34.61,0.0,0,34.61,10.38,5.52,18.71
2690,435,2024-11-23,Home,90.23,0.0,0,90.23,43.31,6.35,40.57
2691,435,2024-11-22,Home,146.66,0.2,0,117.33,70.4,6.76,40.17
2692,435,2025-02-27,Accessories,61.63,0.0,0,61.63,18.49,5.92,37.22
2693,435,2025-03-27,Home,142.98,0.1,0,128.68,68.63,6.93,53.12
2694,435,2025-05-05,Apparel,60.86,0.0,0,60.86,21.3,5.91,33.65
2695,436,2024-06-12,Accessories,37.47,0.1,0,33.72,11.24,5.51,16.97
2696,436,2024-07-24,Apparel,81.29,0.05,0,77.23,28.45,6.16,42.62
2697,436,2024-08-08,Apparel,117.97,0.1,0,106.18,41.29,6.59,58.3
2698,436,2024-10-05,Apparel,38.9,0.2,0,31.12,13.61,5.47,12.04
2699,436,2024-10-20,Apparel,103.26,0.0,0,103.26,36.14,6.55,60.57
2700,436,2024-10-26,Electronics,433.09,0.0,0,433.09,311.82,11.5,109.77
2701,436,2024-11-03,Accessories,47.69,0.1,0,42.92,14.31,5.64,22.97
2702,436,2024-11-07,Apparel,34.97,0.05,0,33.22,12.24,5.5,15.48
2703,436,2025-01-20,Electronics,144.23,0.0,0,144.23,103.85,7.16,33.22
2704,437,2024-03-04,Accessories,34.37,0.05,0,32.65,10.31,5.49,16.85
2705,437,2024-03-26,Home,84.42,0.0,0,84.42,40.52,6.27,37.63
2706,437,2024-04-16,Apparel,39.65,0.0,0,39.65,13.88,5.59,20.18
2707,437,2024-07-10,Apparel,41.52,0.05,0,39.45,14.53,5.59,19.33
2708,437,2024-07-28,Electronics,117.57,0.0,0,117.57,84.65,6.76,26.16
2709,437,2024-07-14,Accessories,70.84,0.05,0,67.3,21.25,6.01,40.04
2710,437,2024-08-26,Electronics,163.91,0.0,0,163.91,118.01,7.46,38.44
2711,437,2025-02-01,Accessories,38.1,0.0,0,38.1,11.43,5.57,21.1
2712,437,2025-06-08,Home,86.54,0.1,0,77.89,41.54,6.17,30.18
2713,438,2024-09-25,Apparel,104.34,0.0,0,104.34,36.52,6.57,61.25
2714,438,2024-12-28,Accessories,16.14,0.0,0,16.14,4.84,5.24,6.06
2715,438,2024-12-25,Home,62.91,0.0,1,0.0,0.0,12.94,-12.94
2716,438,2024-12-13,Accessories,57.9,0.2,0,46.32,17.37,5.69,23.26
2717,439,2024-06-09,Accessories,49.17,0.05,0,46.72,14.75,5.7,26.27
2718,439,2024-12-14,Apparel,158.92,0.1,0,143.03,55.62,7.15,80.26
2719,439,2024-12-20,Electronics,167.36,0.0,0,167.36,120.5,7.51,39.35
2720,439,2025-04-27,Apparel,81.84,0.0,0,81.84,28.64,6.23,46.97
2721,439,2025-05-10,Accessories,69.98,0.2,0,55.98,20.99,5.84,29.15
2722,440,2024-03-18,Apparel,46.84,0.05,1,0.0,0.0,12.67,-12.67
2723,440,2024-06-03,Home,60.42,0.0,1,0.0,0.0,12.91,-12.91
2724,440,2024-08-13,Home,144.85,0.0,0,144.85,69.53,7.17,68.15
2725,440,2024-08-23,Electronics,305.03,0.1,0,274.53,219.62,9.12,45.79
2726,440,2025-04-20,Accessories,33.64,0.0,0,33.64,10.09,5.5,18.05
2727,441,2024-05-14,Accessories,22.06,0.0,0,22.06,6.62,5.33,10.11
2728,441,2024-05-19,Home,46.71,0.2,0,37.37,22.42,5.56,9.39
2729,441,2024-06-15,Accessories,43.5,0.0,0,43.5,13.05,5.65,24.8
2730,441,2024-06-05,Electronics,157.22,0.0,0,157.22,113.2,7.36,36.66
2731,441,2024-08-04,Accessories,69.66,0.1,0,62.69,20.9,5.94,35.85
2732,441,2024-10-17,Apparel,44.55,0.05,0,42.32,15.59,5.63,21.1
2733,441,2025-02-19,Electronics,154.87,0.2,0,123.9,111.51,6.86,5.53
2734,441,2025-02-01,Apparel,86.7,0.2,1,0.0,0.0,13.04,-13.04
2735,441,2025-06-26,Apparel,43.81,0.0,0,43.81,15.33,5.66,22.82
2736,441,2025-06-02,Apparel,57.09,0.0,0,57.09,19.98,5.86,31.25
2737,442,2024-02-17,Apparel,51.81,0.1,0,46.63,18.13,5.7,22.8
2738,442,2024-03-08,Accessories,39.76,0.2,0,31.81,11.93,5.48,14.4
2739,442,2024-04-06,Accessories,21.44,0.05,0,20.37,6.43,5.31,8.63
2740,442,2024-04-19,Home,79.48,0.2,0,63.58,38.15,5.95,19.48
2741,442,2024-05-19,Apparel,53.66,0.05,0,50.98,18.78,5.76,26.44
2742,442,2024-07-02,Electronics,129.41,0.05,0,122.94,93.18,6.84,22.92
2743,442,2024-08-03,Home,54.38,0.1,0,48.95,26.1,5.73,17.12
2744,442,2024-09-25,Accessories,26.08,0.0,0,26.08,7.82,5.39,12.87
2745,442,2024-10-13,Accessories,35.82,0.2,0,28.66,10.75,5.43,12.48
2746,442,2024-11-11,Apparel,38.53,0.1,0,34.67,13.48,5.52,15.67
2747,442,2024-11-15,Electronics,186.73,0.05,0,177.4,134.45,7.66,35.29
2748,442,2024-12-07,Electronics,118.06,0.05,0,112.16,85.0,6.68,20.48
2749,442,2025-02-09,Electronics,389.94,0.0,0,389.94,280.76,10.85,98.33
2750,442,2025-03-05,Home,67.33,0.2,0,53.86,32.32,5.81,15.73
2751,442,2025-05-25,Apparel,72.21,0.0,0,72.21,25.27,6.08,40.86
2752,443,2024-05-08,Home,50.44,0.1,0,45.4,24.21,5.68,15.51
2753,443,2024-06-05,Electronics,94.32,0.2,0,75.46,67.91,6.13,1.42
2754,443,2024-07-28,Apparel,37.47,0.05,0,35.6,13.12,5.53,16.95
2755,443,2024-09-26,Accessories,38.14,0.0,0,38.14,11.44,5.57,21.13
2756,443,2024-11-22,Home,103.48,0.0,0,103.48,49.67,6.55,47.26
2757,443,2024-11-10,Home,60.66,0.05,0,57.62,29.11,5.86,22.65
2758,443,2024-11-13,Electronics,138.81,0.2,0,111.05,99.94,6.67,4.44
2759,443,2025-04-15,Apparel,61.23,0.2,0,48.99,21.43,5.73,21.83
2760,443,2025-04-24,Electronics,133.13,0.1,0,119.82,95.85,6.8,17.17
2761,444,2024-05-03,Apparel,54.45,0.2,0,43.56,19.06,5.65,18.85
2762,444,2024-05-01,Home,74.02,0.05,0,70.32,35.53,6.05,28.74
2763,444,2024-06-22,Electronics,502.92,0.1,0,452.63,362.1,11.79,78.74
2764,444,2024-07-02,Apparel,64.92,0.1,1,0.0,0.0,12.88,-12.88
2765,444,2024-12-25,Apparel,58.05,0.0,0,58.05,20.32,5.87,31.86
2766,444,2024-12-17,Home,84.94,0.0,0,84.94,40.77,6.27,37.9
2767,444,2025-02-24,Electronics,368.19,0.2,0,294.56,265.1,9.42,20.04
2768,444,2025-04-13,Electronics,110.91,0.0,0,110.91,79.85,6.66,24.4
2769,444,2025-04-14,Apparel,89.85,0.2,0,71.88,31.45,6.08,34.35
2770,444,2025-04-12,Electronics,106.24,0.0,1,0.0,0.0,13.59,-13.59
2771,444,2025-05-13,Home,74.23,0.0,0,74.23,35.63,6.11,32.49
2772,445,2024-10-18,Apparel,58.08,0.0,1,0.0,0.0,12.87,-12.87
2773,445,2024-11-14,Apparel,49.93,0.1,0,44.94,17.47,5.67,21.8
2774,445,2024-12-17,Apparel,79.08,0.1,0,71.18,27.68,6.07,37.43
2775,445,2025-01-11,Apparel,33.92,0.0,0,33.92,11.87,5.51,16.54
2776,445,2025-04-10,Apparel,45.82,0.05,1,0.0,0.0,12.65,-12.65
2777,445,2025-05-10,Accessories,30.44,0.1,0,27.4,9.13,5.41,12.86
2778,447,2024-01-06,Accessories,69.18,0.1,0,62.26,20.75,5.93,35.58
2779,447,2024-02-03,Apparel,62.25,0.1,0,56.03,21.79,5.84,28.4
2780,447,2024-03-18,Accessories,37.82,0.05,0,35.93,11.35,5.54,19.04
2781,447,2024-03-28,Apparel,34.51,0.0,0,34.51,12.08,5.52,16.91
2782,447,2024-07-16,Electronics,262.8,0.0,0,262.8,189.22,8.94,64.64
2783,447,2024-07-23,Home,131.64,0.2,0,105.31,63.19,6.58,35.54
2784,447,2024-07-11,Electronics,199.17,0.0,0,199.17,143.4,7.99,47.78
2785,447,2024-07-20,Accessories,48.37,0.1,0,43.53,14.51,5.65,23.37
2786,447,2024-12-06,Apparel,83.49,0.1,1,0.0,0.0,13.13,-13.13
2787,448,2024-08-23,Home,54.38,0.2,0,43.51,26.1,5.65,11.76
2788,448,2024-09-10,Electronics,172.85,0.05,0,164.2,124.45,7.46,32.29
2789,448,2024-10-20,Apparel,91.3,0.05,0,86.73,31.95,6.3,48.48
2790,448,2024-12-02,Accessories,65.59,0.05,0,62.31,19.68,5.93,36.7
2791,448,2025-01-03,Accessories,34.89,0.05,0,33.15,10.47,5.5,17.18
2792,448,2025-01-07,Apparel,69.69,0.0,0,69.69,24.39,6.05,39.25
2793,448,2025-03-25,Electronics,322.29,0.1,0,290.06,232.05,9.35,48.66
2794,448,2025-04-12,Accessories,60.17,0.0,0,60.17,18.05,5.9,36.22
2795,449,2024-05-17,Electronics,347.17,0.0,0,347.17,249.96,10.21,87.0
2796,449,2024-08-14,Apparel,49.96,0.0,1,0.0,0.0,12.75,-12.75
2797,449,2024-10-22,Home,65.46,0.05,0,62.18,31.42,5.93,24.83
2798,449,2024-11-02,Electronics,387.98,0.1,0,349.18,279.34,10.24,59.6
2799,449,2024-12-16,Apparel,77.43,0.05,0,73.56,27.1,6.1,40.36
2800,449,2024-12-10,Apparel,52.71,0.2,0,42.16,18.45,5.63,18.08
2801,449,2025-05-24,Electronics,181.69,0.1,1,0.0,0.0,14.45,-14.45
2802,449,2025-05-07,Accessories,48.17,0.1,0,43.35,14.45,5.65,23.25
2803,450,2024-01-06,Apparel,54.77,0.0,0,54.77,19.17,5.82,29.78
2804,450,2024-01-21,Home,67.73,0.2,0,54.19,32.51,5.81,15.87
2805,450,2024-01-05,Accessories,60.37,0.2,0,48.29,18.11,5.72,24.46
2806,450,2024-02-04,Electronics,224.47,0.1,0,202.02,161.61,8.03,32.38
2807,450,2024-02-17,Accessories,57.42,0.0,0,57.42,17.23,5.86,34.33
2808,450,2024-05-09,Apparel,146.38,0.0,0,146.38,51.23,7.2,87.95
2809,450,2024-07-10,Electronics,440.4,0.2,0,352.32,317.09,10.28,24.95
2810,450,2024-07-26,Apparel,64.4,0.2,0,51.52,22.54,5.77,23.21
2811,450,2024-12-24,Home,128.8,0.1,0,115.92,61.82,6.74,47.36
2812,450,2025-02-06,Accessories,83.62,0.0,0,83.62,25.09,6.25,52.28
2813,450,2025-02-13,Accessories,30.63,0.05,1,0.0,0.0,12.44,-12.44
2814,450,2025-05-24,Home,56.48,0.1,0,50.83,27.11,5.76,17.96
2815,450,2025-05-04,Electronics,119.53,0.2,0,95.62,86.06,6.43,3.13
2816,451,2024-10-07,Accessories,47.74,0.1,0,42.96,14.32,5.64,23.0
2817,451,2024-10-10,Accessories,66.34,0.0,0,66.34,19.9,6.0,40.44
2818,451,2024-12-01,Accessories,34.98,0.2,0,27.98,10.49,5.42,12.07
2819,451,2025-01-27,Accessories,71.1,0.0,0,71.1,21.33,6.07,43.7
2820,452,2024-09-05,Electronics,191.02,0.2,0,152.81,137.53,7.29,7.99
2821,452,2024-10-27,Home,61.76,0.05,0,58.67,29.64,5.88,23.15
2822,452,2024-12-13,Apparel,43.54,0.2,1,0.0,0.0,12.52,-12.52
2823,452,2024-12-10,Home,70.78,0.0,0,70.78,33.97,6.06,30.75
2824,452,2025-01-18,Home,42.23,0.05,0,40.12,20.27,5.6,14.25
2825,452,2025-01-22,Apparel,69.0,0.05,0,65.55,24.15,5.98,35.42
2826,452,2025-02-17,Home,76.26,0.0,0,76.26,36.61,6.14,33.51
2827,452,2025-04-14,Home,107.41,0.0,0,107.41,51.56,6.61,49.24
2828,452,2025-05-04,Electronics,208.81,0.0,0,208.81,150.34,8.13,50.34
2829,452,2025-06-08,Apparel,85.92,0.0,0,85.92,30.07,6.29,49.56
2830,453,2024-10-17,Electronics,167.2,0.0,0,167.2,120.38,7.51,39.31
2831,453,2025-01-06,Accessories,43.3,0.0,0,43.3,12.99,5.65,24.66
2832,454,2024-08-23,Home,88.72,0.2,0,70.98,42.59,6.06,22.33
2833,454,2024-09-10,Apparel,61.34,0.0,0,61.34,21.47,5.92,33.95
2834,454,2024-10-23,Electronics,188.82,0.1,0,169.94,135.95,7.55,26.44
2835,454,2024-11-10,Apparel,42.9,0.1,1,0.0,0.0,12.58,-12.58
2836,454,2025-02-12,Apparel,74.55,0.2,0,59.64,26.09,5.89,27.66
2837,454,2025-05-19,Home,84.05,0.1,0,75.65,40.34,6.13,29.18
2838,454,2025-06-10,Home,76.38,0.0,0,76.38,36.66,6.15,33.57
2839,455,2024-01-04,Accessories,48.83,0.0,0,48.83,14.65,5.73,28.45
2840,455,2024-06-10,Apparel,36.98,0.05,0,35.13,12.94,5.53,16.66
2841,455,2024-06-05,Home,49.39,0.0,0,49.39,23.71,5.74,19.94
2842,455,2024-08-05,Apparel,54.8,0.0,0,54.8,19.18,5.82,29.8
2843,455,2024-10-13,Apparel,32.96,0.0,0,32.96,11.53,5.49,15.94
2844,455,2024-10-06,Home,58.18,0.1,0,52.37,27.93,5.79,18.65
2845,455,2025-02-02,Electronics,154.73,0.05,0,146.99,111.41,7.2,28.38
2846,456,2024-05-19,Apparel,43.96,0.2,0,35.17,15.38,5.53,14.26
2847,456,2024-06-18,Accessories,43.2,0.05,0,41.04,12.96,5.62,22.46
2848,456,2024-07-07,Electronics,194.61,0.1,0,175.15,140.12,7.63,27.4
2849,456,2024-08-27,Apparel,46.69,0.0,0,46.69,16.34,5.7,24.65
2850,456,2024-10-20,Apparel,65.36,0.0,0,65.36,22.88,5.98,36.5
2851,456,2024-10-26,Accessories,54.04,0.0,0,54.04,16.21,5.81,32.02
2852,456,2025-02-27,Apparel,63.18,0.05,0,60.02,22.11,5.9,32.01
2853,456,2025-06-26,Electronics,258.81,0.1,0,232.93,186.35,8.49,38.09
2854,456,2025-06-01,Electronics,156.29,0.1,0,140.66,112.53,7.11,21.02
2855,457,2024-04-01,Home,65.61,0.05,0,62.33,31.49,5.93,24.91
2856,457,2024-07-18,Apparel,67.16,0.1,0,60.44,23.51,5.91,31.02
2857,457,2024-08-07,Home,68.18,0.0,0,68.18,32.73,6.02,29.43
2858,457,2024-09-11,Electronics,116.3,0.05,0,110.48,83.74,6.66,20.08
2859,457,2024-10-09,Electronics,187.69,0.0,0,187.69,135.14,7.82,44.73
2860,457,2024-12-19,Apparel,102.25,0.05,0,97.14,35.79,6.46,54.89
2861,457,2024-12-22,Electronics,206.99,0.05,0,196.64,149.03,7.95,39.66
2862,457,2025-01-23,Home,78.27,0.0,0,78.27,37.57,6.17,34.53
2863,457,2025-03-02,Accessories,63.16,0.1,0,56.84,18.95,5.85,32.04
2864,457,2025-04-03,Home,52.47,0.1,0,47.22,25.19,5.71,16.32
2865,457,2025-04-19,Home,105.63,0.05,0,100.35,50.7,6.51,43.14
2866,458,2024-06-13,Accessories,70.16,0.2,0,56.13,21.05,5.84,29.24
2867,458,2024-09-03,Home,53.91,0.1,0,48.51,25.87,5.73,16.91
2868,458,2025-05-21,Apparel,37.13,0.05,0,35.27,12.99,5.53,16.75
2869,458,2025-05-24,Accessories,43.83,0.0,0,43.83,13.15,5.66,25.02
2870,459,2024-09-15,Electronics,173.75,0.1,1,0.0,0.0,14.35,-14.35
2871,460,2024-09-09,Accessories,34.84,0.05,0,33.1,10.45,5.5,17.15
2872,460,2024-09-14,Accessories,53.92,0.0,0,53.92,16.18,5.81,31.93
2873,460,2024-12-18,Electronics,220.58,0.05,0,209.55,158.82,8.14,42.59
2874,460,2024-12-08,Home,172.7,0.0,0,172.7,82.89,7.59,82.22
2875,460,2025-02-26,Apparel,50.32,0.1,0,45.29,17.61,5.68,22.0
2876,460,2025-05-17,Electronics,261.67,0.0,0,261.67,188.41,8.93,64.33
2877,461,2024-09-19,Accessories,39.03,0.05,0,37.08,11.71,5.56,19.81
2878,461,2024-11-05,Apparel,43.23,0.05,0,41.07,15.13,5.62,20.32
2879,461,2025-02-18,Home,74.16,0.05,0,70.45,35.6,6.06,28.79
2880,462,2024-01-01,Accessories,46.11,0.1,0,41.5,13.83,5.62,22.05
2881,462,2024-03-15,Apparel,106.43,0.1,0,95.79,37.25,6.44,52.1
2882,462,2024-04-07,Electronics,187.99,0.05,1,0.0,0.0,14.68,-14.68
2883,462,2024-08-06,Electronics,162.88,0.2,0,130.3,117.27,6.95,6.08
2884,462,2024-09-04,Accessories,33.4,0.2,0,26.72,10.02,5.4,11.3
2885,462,2025-05-03,Accessories,78.02,0.1,0,70.22,23.41,6.05,40.76
2886,463,2024-06-14,Electronics,111.66,0.0,0,111.66,80.4,6.67,24.59
2887,463,2024-08-25,Accessories,24.64,0.0,0,24.64,7.39,5.37,11.88
2888,463,2024-08-14,Home,47.1,0.05,1,0.0,0.0,12.67,-12.67
2889,463,2024-10-25,Electronics,154.08,0.05,0,146.38,110.94,7.2,28.24
2890,463,2024-10-05,Accessories,37.43,0.05,0,35.56,11.23,5.53,18.8
2891,463,2024-12-15,Electronics,182.29,0.1,0,164.06,131.25,7.46,25.35
2892,463,2024-12-18,Electronics,217.11,0.0,0,217.11,156.32,8.26,52.53
2893,463,2024-12-25,Electronics,332.23,0.0,0,332.23,239.21,9.98,83.04
2894,463,2025-04-08,Home,116.54,0.2,0,93.23,55.94,6.4,30.89
2895,463,2025-04-08,Accessories,33.25,0.0,0,33.25,9.97,5.5,17.78
2896,463,2025-06-01,Home,73.0,0.0,0,73.0,35.04,6.1,31.86
2897,464,2024-09-06,Apparel,51.07,0.0,0,51.07,17.87,5.77,27.43
2898,464,2024-09-21,Accessories,26.94,0.2,0,21.55,8.08,5.32,8.15
2899,464,2024-10-15,Accessories,52.79,0.05,0,50.15,15.84,5.75,28.56
2900,464,2025-01-13,Home,67.14,0.0,0,67.14,32.23,6.01,28.9
2901,464,2025-03-01,Accessories,31.73,0.05,0,30.14,9.52,5.45,15.17
2902,464,2025-03-02,Electronics,172.22,0.0,0,172.22,124.0,7.58,40.64
2903,464,2025-03-21,Home,160.54,0.1,0,144.49,77.06,7.17,60.26
2904,465,2024-11-17,Accessories,58.77,0.0,0,58.77,17.63,5.88,35.26
2905,465,2024-11-22,Apparel,130.62,0.05,1,0.0,0.0,13.86,-13.86
2906,465,2024-11-17,Home,59.56,0.05,0,56.58,28.59,5.85,22.14
2907,465,2024-12-21,Electronics,267.44,0.05,0,254.07,192.56,8.81,52.7
2908,465,2025-02-06,Accessories,34.52,0.1,0,31.07,10.36,5.47,15.24
2909,465,2025-03-20,Home,127.64,0.05,0,121.26,61.27,6.82,53.17
2910,465,2025-04-19,Accessories,40.34,0.0,1,0.0,0.0,12.61,-12.61
2911,466,2024-07-18,Electronics,228.27,0.0,0,228.27,164.35,8.42,55.5
2912,466,2024-07-08,Home,60.43,0.05,0,57.41,29.01,5.86,22.54
2913,466,2024-08-05,Electronics,309.08,0.0,0,309.08,222.53,9.64,76.91
2914,466,2024-08-13,Home,108.87,0.1,0,97.99,52.26,6.47,39.26
2915,466,2024-09-13,Apparel,82.87,0.0,1,0.0,0.0,13.24,-13.24
2916,466,2024-09-20,Home,117.53,0.0,0,117.53,56.42,6.76,54.35
2917,466,2024-09-03,Home,115.94,0.05,0,110.15,55.65,6.65,47.85
2918,467,2024-04-15,Electronics,187.49,0.1,0,168.74,134.99,7.53,26.22
2919,467,2024-07-01,Home,50.96,0.05,1,0.0,0.0,12.73,-12.73
2920,467,2024-08-20,Electronics,327.21,0.0,0,327.21,235.59,9.91,81.71
2921,467,2024-08-01,Accessories,77.88,0.2,0,62.31,23.36,5.93,33.02
2922,467,2024-08-16,Home,81.89,0.0,0,81.89,39.31,6.23,36.35
2923,467,2024-10-16,Electronics,145.8,0.0,0,145.8,104.98,7.19,33.63
2924,467,2024-11-08,Apparel,125.07,0.05,1,0.0,0.0,13.78,-13.78
2925,467,2024-12-26,Electronics,295.69,0.1,0,266.13,212.9,8.99,44.24
2926,467,2025-02-28,Home,107.73,0.05,0,102.34,51.71,6.54,44.09
2927,468,2024-03-15,Home,59.58,0.05,0,56.6,28.6,5.85,22.15
2928,468,2024-04-05,Apparel,59.88,0.2,0,47.91,20.96,5.72,21.23
2929,468,2024-09-13,Accessories,41.25,0.05,0,39.19,12.38,5.59,21.22
2930,468,2024-09-07,Electronics,180.93,0.1,0,162.84,130.27,7.44,25.13
2931,468,2024-09-16,Electronics,112.41,0.1,0,101.17,80.93,6.52,13.72
2932,469,2024-04-04,Apparel,56.11,0.1,1,0.0,0.0,12.76,-12.76
2933,470,2024-01-16,Apparel,106.17,0.2,0,84.94,37.16,6.27,41.51
2934,470,2024-01-05,Electronics,374.48,0.0,1,0.0,0.0,17.62,-17.62
2935,470,2024-01-03,Apparel,64.27,0.2,0,51.42,22.5,5.77,23.15
2936,470,2024-06-07,Apparel,41.13,0.05,1,0.0,0.0,12.59,-12.59
2937,471,2024-10-04,Electronics,309.9,0.0,0,309.9,223.13,9.65,77.12
2938,471,2025-01-28,Apparel,62.04,0.05,0,58.93,21.71,5.88,31.34
2939,471,2025-01-03,Accessories,21.22,0.0,0,21.22,6.37,5.32,9.53
2940,471,2025-04-28,Electronics,167.06,0.1,0,150.35,120.28,7.26,22.81
2941,472,2024-07-20,Accessories,52.77,0.2,0,42.21,15.83,5.63,20.75
2942,472,2024-08-09,Home,275.16,0.1,0,247.65,132.08,8.71,106.86
2943,472,2024-12-19,Electronics,391.75,0.0,0,391.75,282.06,10.88,98.81
2944,472,2025-02-16,Home,159.75,0.0,1,0.0,0.0,14.4,-14.4
2945,473,2024-06-03,Apparel,83.86,0.2,0,67.09,29.35,6.01,31.73
2946,474,2024-01-26,Accessories,48.22,0.0,0,48.22,14.47,5.72,28.03
2947,474,2024-04-04,Accessories,38.91,0.05,0,36.96,11.67,5.55,19.74
2948,474,2024-07-12,Electronics,154.72,0.05,0,146.98,111.4,7.2,28.38
2949,474,2024-12-12,Electronics,352.21,0.0,0,352.21,253.59,10.28,88.34
2950,474,2025-04-28,Electronics,160.99,0.05,0,152.94,115.91,7.29,29.74
2951,474,2025-04-26,Accessories,32.97,0.2,0,26.38,9.89,5.4,11.09
2952,474,2025-06-06,Accessories,44.98,0.0,0,44.98,13.49,5.67,25.82
2953,475,2024-02-25,Accessories,32.56,0.1,0,29.3,9.77,5.44,14.09
2954,475,2024-04-21,Electronics,365.47,0.0,0,365.47,263.14,10.48,91.85
2955,475,2024-05-25,Home,102.55,0.05,0,97.43,49.23,6.46,41.74
2956,475,2024-05-23,Electronics,252.76,0.0,0,252.76,181.99,8.79,61.98
2957,475,2024-05-07,Electronics,326.77,0.05,0,310.43,235.28,9.66,65.49
2958,475,2024-06-24,Accessories,35.9,0.05,0,34.1,10.77,5.51,17.82
2959,475,2024-07-10,Apparel,51.56,0.1,0,46.4,18.05,5.7,22.65
2960,475,2024-10-24,Apparel,92.42,0.2,1,0.0,0.0,13.11,-13.11
2961,475,2024-10-06,Apparel,87.77,0.1,0,78.99,30.72,6.18,42.09
2962,475,2024-12-26,Home,129.38,0.1,0,116.44,62.1,6.75,47.59
2963,475,2025-03-07,Home,75.35,0.2,0,60.28,36.17,5.9,18.21
2964,476,2024-03-16,Home,83.56,0.2,0,66.85,40.11,6.0,20.74
2965,476,2024-04-13,Home,106.95,0.0,0,106.95,51.34,6.6,49.01
2966,476,2024-06-07,Apparel,38.44,0.0,0,38.44,13.45,5.58,19.41
2967,476,2024-12-25,Apparel,79.35,0.0,1,0.0,0.0,13.19,-13.19
2968,477,2024-09-09,Electronics,197.81,0.0,0,197.81,142.42,7.97,47.42
2969,477,2024-10-19,Accessories,34.78,0.05,0,33.04,10.43,5.5,17.11
2970,477,2024-11-12,Electronics,232.44,0.0,0,232.44,167.36,8.49,56.59
2971,477,2024-12-08,Accessories,54.21,0.2,0,43.37,16.26,5.65,21.46
2972,477,2025-03-07,Electronics,212.89,0.0,0,212.89,153.28,8.19,51.42
2973,477,2025-06-26,Accessories,33.95,0.1,0,30.55,10.18,5.46,14.91
2974,479,2024-05-01,Home,65.36,0.1,0,58.83,31.37,5.88,21.58
2975,479,2024-08-23,Electronics,181.81,0.2,0,145.45,130.9,7.18,7.37
2976,479,2024-09-12,Electronics,136.18,0.0,0,136.18,98.05,7.04,31.09
2977,479,2024-10-08,Electronics,162.46,0.1,0,146.21,116.97,7.19,22.05
2978,479,2025-05-27,Electronics,119.56,0.0,0,119.56,86.08,6.79,26.69
2979,480,2024-01-06,Apparel,85.24,0.1,0,76.71,29.83,6.15,40.73
2980,480,2024-01-09,Apparel,56.67,0.1,0,51.0,19.83,5.77,25.4
2981,480,2024-01-13,Home,93.01,0.1,0,83.71,44.65,6.26,32.8
2982,480,2024-03-02,Apparel,75.44,0.0,1,0.0,0.0,13.13,-13.13
2983,480,2024-04-07,Apparel,62.37,0.05,1,0.0,0.0,12.89,-12.89
2984,480,2024-05-13,Apparel,67.03,0.0,0,67.03,23.46,6.01,37.56
2985,480,2024-07-15,Electronics,84.92,0.0,0,84.92,61.14,6.27,17.51
2986,480,2024-08-22,Electronics,292.35,0.05,0,277.73,210.49,9.17,58.07
2987,480,2024-11-03,Home,67.18,0.2,0,53.74,32.24,5.81,15.69
2988,480,2024-11-03,Electronics,149.76,0.05,0,142.27,107.83,7.13,27.31
2989,480,2025-03-15,Apparel,54.37,0.1,1,0.0,0.0,12.73,-12.73
2990,480,2025-05-28,Home,75.49,0.2,1,0.0,0.0,12.91,-12.91
2991,481,2024-07-05,Electronics,135.66,0.0,0,135.66,97.67,7.03,30.96
2992,481,2024-08-12,Accessories,73.35,0.05,0,69.68,22.0,6.05,41.63
2993,481,2024-08-04,Accessories,57.59,0.05,0,54.71,17.28,5.82,31.61
2994,481,2024-11-15,Electronics,142.66,0.1,0,128.4,102.72,6.93,18.75
2995,481,2025-03-16,Electronics,206.56,0.0,0,206.56,148.72,8.1,49.74
2996,481,2025-05-24,Electronics,210.94,0.2,0,168.75,151.87,7.53,9.35
2997,482,2024-08-12,Home,79.52,0.05,0,75.54,38.17,6.13,31.24
2998,482,2024-10-07,Accessories,30.7,0.1,0,27.63,9.21,5.41,13.01
2999,482,2025-01-03,Accessories,41.97,0.05,0,39.87,12.59,5.6,21.68
3000,482,2025-03-21,Apparel,42.8,0.1,0,38.52,14.98,5.58,17.96
3001,482,2025-04-18,Accessories,64.12,0.0,0,64.12,19.24,5.96,38.92
3002,482,2025-04-19,Accessories,35.14,0.0,0,35.14,10.54,5.53,19.07
3003,482,2025-05-23,Apparel,28.47,0.0,0,28.47,9.97,5.43,13.07
3004,483,2024-06-18,Apparel,89.13,0.2,0,71.3,31.19,6.07,34.04
3005,483,2024-11-25,Home,71.34,0.0,0,71.34,34.24,6.07,31.03
3006,483,2025-02-22,Electronics,203.6,0.2,0,162.88,146.59,7.44,8.85
3007,483,2025-05-10,Accessories,65.81,0.0,0,65.81,19.74,5.99,40.08
3008,483,2025-06-13,Accessories,52.46,0.0,0,52.46,15.74,5.79,30.93
3009,484,2024-07-05,Accessories,68.47,0.0,0,68.47,20.54,6.03,41.9
3010,484,2024-08-03,Accessories,74.85,0.2,0,59.88,22.45,5.9,31.53
3011,484,2024-11-14,Apparel,44.28,0.2,0,35.43,15.5,5.53,14.4
3012,484,2024-11-06,Electronics,199.85,0.0,0,199.85,143.9,8.0,47.95
3013,484,2025-01-26,Apparel,76.97,0.05,0,73.12,26.94,6.1,40.08
3014,484,2025-02-22,Accessories,44.01,0.1,0,39.61,13.2,5.59,20.82
3015,484,2025-02-06,Apparel,71.06,0.1,0,63.95,24.87,5.96,33.12
3016,485,2024-07-07,Home,82.69,0.1,0,74.43,39.69,6.12,28.62
3017,485,2025-02-19,Home,132.04,0.0,0,132.04,63.38,6.98,61.68
3018,486,2024-10-27,Accessories,40.7,0.0,0,40.7,12.21,5.61,22.88
3019,486,2024-10-08,Home,75.85,0.05,0,72.06,36.41,6.08,29.57
3020,487,2024-02-06,Apparel,43.1,0.05,1,0.0,0.0,12.61,-12.61
3021,487,2024-05-14,Home,51.18,0.1,0,46.06,24.57,5.69,15.8
3022,487,2024-05-08,Accessories,37.04,0.05,0,35.19,11.11,5.53,18.55
3023,487,2024-11-23,Apparel,116.42,0.2,0,93.14,40.75,6.4,45.99
3024,488,2024-04-11,Accessories,66.41,0.1,0,59.77,19.92,5.9,33.95
3025,488,2024-05-20,Home,166.27,0.0,0,166.27,79.81,7.49,78.97
3026,488,2024-05-08,Accessories,54.3,0.2,0,43.44,16.29,5.65,21.5
3027,488,2024-06-26,Home,55.03,0.0,0,55.03,26.41,5.83,22.79
3028,488,2024-07-16,Electronics,149.68,0.0,0,149.68,107.77,7.25,34.66
3029,488,2024-08-28,Home,126.43,0.0,0,126.43,60.69,6.9,58.84
3030,488,2024-08-20,Home,85.64,0.05,0,81.36,41.11,6.22,34.03
3031,488,2024-09-20,Apparel,39.96,0.0,0,39.96,13.99,5.6,20.37
3032,488,2024-10-08,Apparel,81.9,0.05,1,0.0,0.0,13.17,-13.17
3033,488,2024-11-01,Apparel,59.62,0.1,0,53.65,20.87,5.8,26.98
3034,488,2024-11-15,Home,69.0,0.05,0,65.55,33.12,5.98,26.45
3035,488,2024-11-23,Home,68.49,0.0,0,68.49,32.88,6.03,29.58
3036,488,2024-12-01,Apparel,42.43,0.1,0,38.19,14.85,5.57,17.77
3037,488,2025-03-01,Apparel,33.55,0.0,0,33.55,11.74,5.5,16.31
3038,488,2025-06-07,Apparel,40.87,0.05,0,38.83,14.31,5.58,18.94
3039,488,2025-06-02,Electronics,307.22,0.0,0,307.22,221.2,9.61,76.41
3040,488,2025-06-19,Electronics,191.81,0.2,0,153.45,138.1,7.3,8.05
3041,489,2024-03-28,Apparel,29.7,0.0,0,29.7,10.4,5.45,13.85
3042,489,2024-05-22,Accessories,40.09,0.0,0,40.09,12.03,5.6,22.46
3043,489,2024-07-23,Home,78.35,0.1,0,70.51,37.61,6.06,26.84
3044,489,2024-08-20,Electronics,123.06,0.1,0,110.75,88.6,6.66,15.49
3045,489,2024-08-25,Accessories,39.99,0.1,0,35.99,12.0,5.54,18.45
3046,489,2024-08-20,Apparel,89.03,0.05,0,84.58,31.16,6.27,47.15
3047,491,2024-10-18,Apparel,29.7,0.05,0,28.21,10.39,5.42,12.4
3048,492,2024-07-05,Home,136.84,0.0,0,136.84,65.68,7.05,64.11
3049,492,2025-06-12,Apparel,56.6,0.0,0,56.6,19.81,5.85,30.94
3050,493,2024-09-02,Accessories,51.49,0.0,0,51.49,15.45,5.77,30.27
3051,493,2024-10-13,Accessories,62.26,0.1,1,0.0,0.0,12.84,-12.84
3052,493,2024-10-14,Electronics,253.04,0.0,0,253.04,182.19,8.8,62.05
3053,493,2024-12-02,Apparel,45.94,0.0,0,45.94,16.08,5.69,24.17
3054,493,2024-12-17,Accessories,53.99,0.05,0,51.29,16.2,5.77,29.32
3055,493,2025-02-07,Accessories,48.33,0.2,1,0.0,0.0,12.58,-12.58
3056,493,2025-02-09,Accessories,46.77,0.0,0,46.77,14.03,5.7,27.04
3057,493,2025-04-02,Apparel,55.8,0.0,0,55.8,19.53,5.84,30.43
3058,494,2024-08-18,Apparel,63.25,0.0,0,63.25,22.14,5.95,35.16
3059,494,2025-02-14,Home,56.86,0.1,0,51.18,27.29,5.77,18.12
3060,495,2024-06-22,Apparel,63.41,0.0,0,63.41,22.19,5.95,35.27
3061,495,2024-07-10,Home,56.16,0.2,0,44.93,26.96,5.67,12.3
3062,495,2025-01-05,Electronics,118.19,0.1,0,106.37,85.1,6.6,14.67
3063,495,2025-02-25,Accessories,34.39,0.0,0,34.39,10.32,5.52,18.55
3064,495,2025-02-22,Home,155.19,0.05,0,147.43,74.49,7.21,65.73
3065,496,2025-04-19,Home,144.03,0.0,0,144.03,69.14,7.16,67.73
3066,496,2025-05-02,Home,92.43,0.2,0,73.94,44.37,6.11,23.46
3067,497,2024-08-11,Electronics,253.3,0.1,0,227.97,182.38,8.42,37.17
3068,497,2025-02-13,Accessories,37.83,0.2,0,30.27,11.35,5.45,13.47
3069,497,2025-04-15,Accessories,15.97,0.1,0,14.37,4.79,5.22,4.36
3070,497,2025-05-25,Accessories,60.65,0.0,0,60.65,18.2,5.91,36.54
3071,498,2024-10-02,Electronics,244.97,0.05,0,232.72,176.38,8.49,47.85
3072,498,2025-03-05,Electronics,408.32,0.0,0,408.32,293.99,11.12,103.21
3073,499,2024-05-06,Home,74.71,0.2,0,59.77,35.86,5.9,18.01
3074,499,2024-09-05,Apparel,43.16,0.05,1,0.0,0.0,12.61,-12.61
3075,499,2024-10-25,Apparel,46.27,0.05,1,0.0,0.0,12.66,-12.66
3076,499,2024-11-09,Home,85.56,0.0,0,85.56,41.07,6.28,38.21
3077,499,2024-11-03,Accessories,18.63,0.05,0,17.7,5.59,5.27,6.84
3078,499,2024-12-13,Accessories,60.57,0.2,0,48.46,18.17,5.73,24.56
3079,499,2024-12-22,Apparel,68.96,0.05,0,65.51,24.14,5.98,35.39
3080,499,2025-01-16,Accessories,65.86,0.0,0,65.86,19.76,5.99,40.11
3081,499,2025-01-20,Electronics,226.71,0.05,0,215.37,163.23,8.23,43.91
3082,499,2025-05-28,Home,144.41,0.2,0,115.53,69.32,6.73,39.48
3083,499,2025-05-10,Home,72.81,0.0,0,72.81,34.95,6.09,31.77
3084,500,2024-11-17,Accessories,61.13,0.0,1,0.0,0.0,12.92,-12.92
3085,500,2025-02-28,Accessories,70.96,0.05,0,67.41,21.29,6.01,40.11
3086,501,2024-10-25,Electronics,306.67,0.1,0,276.0,220.8,9.14,46.06
3087,501,2024-12-18,Apparel,41.1,0.05,0,39.04,14.38,5.59,19.07
3088,501,2025-03-27,Home,65.63,0.1,0,59.07,31.5,5.89,21.68
3089,501,2025-05-14,Home,76.73,0.0,0,76.73,36.83,6.15,33.75
3090,501,2025-05-28,Electronics,261.86,0.05,0,248.76,188.54,8.73,51.49
3091,501,2025-06-23,Apparel,28.08,0.1,0,25.27,9.83,5.38,10.06
3092,501,2025-06-19,Electronics,179.15,0.05,0,170.19,128.99,7.55,33.65
3093,502,2024-02-24,Electronics,183.63,0.0,0,183.63,132.22,7.75,43.66
3094,502,2024-02-14,Accessories,39.07,0.0,0,39.07,11.72,5.59,21.76
3095,502,2024-07-22,Electronics,254.4,0.0,1,0.0,0.0,15.82,-15.82
3096,502,2024-11-09,Accessories,24.55,0.1,0,22.09,7.36,5.33,9.4
3097,502,2025-03-18,Electronics,334.73,0.2,0,267.78,241.0,9.02,17.76
3098,503,2024-02-06,Electronics,393.62,0.0,0,393.62,283.41,10.9,99.31
3099,503,2024-02-27,Accessories,37.66,0.0,0,37.66,11.3,5.56,20.8
3100,503,2024-05-22,Home,78.1,0.1,0,70.29,37.49,6.05,26.75
3101,503,2024-06-03,Home,140.39,0.1,1,0.0,0.0,13.9,-13.9
3102,503,2024-09-24,Apparel,77.21,0.05,0,73.35,27.02,6.1,40.23
3103,503,2024-09-28,Electronics,158.94,0.05,0,151.0,114.44,7.26,29.3
3104,503,2024-10-08,Home,53.75,0.0,0,53.75,25.8,5.81,22.14
3105,503,2025-02-08,Apparel,67.47,0.05,0,64.1,23.61,5.96,34.53
3106,503,2025-04-16,Home,37.83,0.1,0,34.05,18.16,5.51,10.38
3107,504,2024-06-26,Electronics,356.02,0.0,0,356.02,256.34,10.34,89.34
3108,504,2024-07-23,Apparel,44.59,0.05,0,42.36,15.61,5.64,21.11
3109,504,2024-08-07,Accessories,25.62,0.0,0,25.62,7.69,5.38,12.55
3110,504,2024-08-08,Home,85.51,0.1,0,76.96,41.04,6.15,29.77
3111,504,2024-08-18,Apparel,56.67,0.0,0,56.67,19.84,5.85,30.98
3112,504,2024-10-08,Home,191.14,0.0,0,191.14,91.75,7.87,91.52
3113,504,2025-02-05,Apparel,100.28,0.0,0,100.28,35.1,6.5,58.68
3114,504,2025-03-03,Apparel,41.78,0.05,0,39.69,14.62,5.6,19.47
3115,505,2024-01-28,Apparel,19.6,0.2,0,15.68,6.86,5.24,3.58
3116,505,2024-02-25,Electronics,194.45,0.05,0,184.73,140.0,7.77,36.96
3117,505,2024-04-22,Accessories,27.82,0.0,0,27.82,8.35,5.42,14.05
3118,505,2024-09-20,Home,63.96,0.0,0,63.96,30.7,5.96,27.3
3119,505,2024-12-25,Home,128.78,0.2,0,103.02,61.81,6.55,34.66
3120,505,2024-12-15,Apparel,41.15,0.1,1,0.0,0.0,12.56,-12.56
3121,506,2024-05-27,Apparel,54.0,0.0,0,54.0,18.9,5.81,29.29
3122,506,2024-05-27,Home,101.25,0.0,0,101.25,48.6,6.52,46.13
3123,506,2024-07-15,Apparel,65.29,0.05,1,0.0,0.0,12.93,-12.93
3124,506,2024-10-10,Electronics,159.25,0.0,0,159.25,114.66,7.39,37.2
3125,506,2024-10-12,Accessories,24.67,0.05,0,23.43,7.4,5.35,10.68
3126,506,2024-12-25,Apparel,79.57,0.05,1,0.0,0.0,13.13,-13.13
3127,506,2025-04-10,Accessories,50.8,0.0,0,50.8,15.24,5.76,29.8
3128,506,2025-05-13,Apparel,43.85,0.05,0,41.66,15.35,5.62,20.69
3129,506,2025-06-21,Apparel,145.97,0.1,0,131.37,51.09,6.97,73.31
3130,507,2024-04-28,Apparel,47.67,0.05,0,45.29,16.69,5.68,22.92
3131,507,2024-06-08,Apparel,71.28,0.2,0,57.02,24.95,5.86,26.21
3132,507,2024-07-26,Electronics,111.01,0.0,0,111.01,79.93,6.67,24.41
3133,507,2025-02-24,Home,35.97,0.0,1,0.0,0.0,12.54,-12.54
3134,508,2024-03-20,Electronics,210.7,0.0,0,210.7,151.71,8.16,50.83
3135,508,2024-05-16,Accessories,30.59,0.1,0,27.53,9.18,5.41,12.94
3136,508,2024-09-16,Accessories,58.72,0.2,0,46.98,17.62,5.7,23.66
3137,508,2024-09-21,Electronics,274.42,0.1,0,246.98,197.58,8.7,40.7
3138,509,2024-03-24,Home,95.7,0.0,0,95.7,45.94,6.44,43.32
3139,509,2024-03-13,Accessories,64.45,0.0,0,64.45,19.33,5.97,39.15
3140,509,2024-06-20,Electronics,232.32,0.0,0,232.32,167.27,8.48,56.57
3141,509,2024-06-10,Home,91.5,0.1,0,82.35,43.92,6.24,32.19
3142,509,2024-11-06,Apparel,48.43,0.0,0,48.43,16.95,5.73,25.75
3143,509,2025-01-03,Electronics,298.76,0.0,0,298.76,215.11,9.48,74.17
3144,509,2025-05-05,Apparel,95.98,0.05,0,91.18,33.59,6.37,51.22
3145,509,2025-05-09,Home,104.56,0.1,0,94.1,50.19,6.41,37.5
3146,510,2024-01-08,Home,77.9,0.1,0,70.11,37.39,6.05,26.67
3147,510,2024-08-15,Home,50.42,0.05,0,47.9,24.2,5.72,17.98
3148,510,2024-10-19,Apparel,32.53,0.05,1,0.0,0.0,12.46,-12.46
3149,511,2024-09-17,Home,36.32,0.1,0,32.69,17.43,5.49,9.77
3150,511,2024-09-02,Home,68.94,0.1,0,62.04,33.09,5.93,23.02
3151,511,2024-09-19,Home,44.55,0.2,0,35.64,21.38,5.53,8.73
3152,511,2024-12-16,Electronics,81.23,0.05,1,0.0,0.0,13.16,-13.16
3153,511,2025-02-26,Home,82.94,0.0,0,82.94,39.81,6.24,36.89
3154,511,2025-05-12,Home,79.34,0.1,0,71.41,38.08,6.07,27.26
3155,512,2024-01-28,Home,102.11,0.2,0,81.69,49.01,6.23,26.45
3156,512,2024-02-23,Home,118.2,0.0,0,118.2,56.74,6.77,54.69
3157,512,2024-03-10,Home,68.33,0.0,0,68.33,32.8,6.02,29.51
3158,512,2024-03-18,Accessories,32.37,0.05,0,30.75,9.71,5.46,15.58
3159,512,2024-04-21,Home,63.4,0.05,0,60.23,30.43,5.9,23.9
3160,512,2024-05-22,Electronics,206.49,0.0,0,206.49,148.68,8.1,49.71
3161,512,2025-02-07,Home,85.58,0.1,0,77.02,41.08,6.16,29.78
3162,512,2025-02-06,Apparel,58.78,0.1,0,52.91,20.57,5.79,26.55
3163,512,2025-03-16,Apparel,54.24,0.0,0,54.24,18.98,5.81,29.45
3164,512,2025-03-06,Accessories,54.43,0.0,0,54.43,16.33,5.82,32.28
3165,513,2024-06-05,Apparel,74.21,0.0,0,74.21,25.97,6.11,42.13
3166,513,2024-08-20,Home,67.85,0.0,0,67.85,32.57,6.02,29.26
3167,513,2024-08-25,Home,60.13,0.0,0,60.13,28.86,5.9,25.37
3168,513,2024-09-08,Accessories,62.11,0.05,1,0.0,0.0,12.89,-12.89
3169,513,2024-09-24,Apparel,51.0,0.05,0,48.45,17.85,5.73,24.87
3170,513,2024-11-03,Electronics,234.62,0.05,0,222.89,168.93,8.34,45.62
3171,513,2025-04-21,Home,115.81,0.1,0,104.23,55.59,6.56,42.08
3172,513,2025-04-27,Electronics,126.23,0.0,0,126.23,90.88,6.89,28.46
3173,514,2024-02-06,Accessories,85.89,0.05,0,81.6,25.77,6.22,49.61
3174,514,2024-07-24,Home,90.54,0.0,0,90.54,43.46,6.36,40.72
3175,514,2024-10-23,Apparel,69.83,0.05,0,66.34,24.44,6.0,35.9
3176,514,2025-02-03,Apparel,98.41,0.05,0,93.49,34.44,6.4,52.65
3177,514,2025-04-21,Accessories,50.36,0.1,0,45.33,15.11,5.68,24.54
3178,514,2025-06-27,Accessories,37.11,0.0,0,37.11,11.13,5.56,20.42
3179,515,2024-03-16,Accessories,17.31,0.1,0,15.58,5.19,5.23,5.16
3180,515,2024-03-14,Apparel,87.41,0.0,0,87.41,30.59,6.31,50.51
3181,515,2024-05-17,Apparel,67.06,0.1,0,60.36,23.47,5.91,30.98
3182,515,2024-08-16,Accessories,27.69,0.05,0,26.31,8.31,5.39,12.61
3183,515,2024-10-15,Electronics,249.97,0.05,0,237.47,179.98,8.56,48.93
3184,515,2025-02-01,Accessories,35.42,0.0,1,0.0,0.0,12.53,-12.53
3185,515,2025-05-01,Home,98.03,0.1,0,88.23,47.05,6.32,34.86
3186,516,2025-04-21,Apparel,75.02,0.1,0,67.52,26.26,6.01,35.25
3187,516,2025-05-04,Accessories,26.69,0.05,0,25.36,8.01,5.38,11.97
3188,516,2025-05-13,Home,118.09,0.05,0,112.18,56.68,6.68,48.82
3189,516,2025-06-19,Home,209.9,0.1,0,188.91,100.75,7.83,80.33
3190,516,2025-06-19,Apparel,43.14,0.0,0,43.14,15.1,5.65,22.39
3191,517,2024-02-15,Accessories,41.08,0.05,0,39.03,12.32,5.59,21.12
3192,517,2024-05-03,Apparel,40.85,0.2,0,32.68,14.3,5.49,12.89
3193,517,2024-07-26,Home,50.4,0.1,0,45.36,24.19,5.68,15.49
3194,517,2024-09-21,Electronics,138.23,0.0,0,138.23,99.53,7.07,31.63
3195,517,2024-09-12,Electronics,242.94,0.0,0,242.94,174.92,8.64,59.38
3196,517,2025-04-18,Apparel,79.5,0.0,1,0.0,0.0,13.19,-13.19
3197,517,2025-05-14,Accessories,42.81,0.05,0,40.67,12.84,5.61,22.22
3198,518,2024-06-21,Accessories,29.48,0.1,0,26.53,8.84,5.4,12.29
3199,518,2024-06-13,Home,106.33,0.05,0,101.02,51.04,6.52,43.46
3200,518,2024-06-15,Home,146.5,0.05,0,139.17,70.32,7.09,61.76
3201,518,2024-08-11,Electronics,151.72,0.05,0,144.13,109.24,7.16,27.73
3202,518,2024-08-20,Apparel,51.1,0.05,0,48.54,17.88,5.73,24.93
3203,518,2024-10-08,Accessories,51.13,0.1,0,46.02,15.34,5.69,24.99
3204,518,2024-10-22,Electronics,188.61,0.1,0,169.75,135.8,7.55,26.4
3205,518,2025-02-24,Accessories,25.06,0.1,0,22.55,7.52,5.34,9.69
3206,519,2024-10-26,Electronics,212.93,0.0,0,212.93,153.31,8.19,51.43
3207,519,2024-11-28,Accessories,72.39,0.1,0,65.15,21.72,5.98,37.45
3208,519,2025-01-07,Home,57.89,0.05,0,55.0,27.79,5.82,21.39
3209,519,2025-03-09,Apparel,26.88,0.05,0,25.53,9.41,5.38,10.74
3210,519,2025-05-26,Apparel,66.85,0.1,0,60.16,23.4,5.9,30.86
3211,520,2024-02-06,Apparel,77.42,0.05,1,0.0,0.0,13.1,-13.1
3212,520,2024-03-02,Apparel,51.64,0.2,0,41.31,18.07,5.62,17.62
3213,520,2024-04-02,Accessories,45.05,0.2,0,36.04,13.51,5.54,16.99
3214,520,2024-06-02,Electronics,224.06,0.05,0,212.85,161.32,8.19,43.34
3215,520,2024-06-09,Home,75.26,0.1,0,67.74,36.13,6.02,25.59
3216,520,2024-07-15,Electronics,219.86,0.0,0,219.86,158.3,8.3,53.26
3217,520,2024-08-14,Home,64.6,0.05,0,61.37,31.01,5.92,24.44
3218,520,2024-08-20,Electronics,325.12,0.05,0,308.87,234.09,9.63,65.15
3219,520,2024-09-14,Apparel,38.72,0.2,0,30.98,13.55,5.46,11.97
3220,520,2024-11-21,Electronics,114.48,0.1,0,103.04,82.43,6.55,14.06
3221,520,2025-01-21,Electronics,120.52,0.0,0,120.52,86.78,6.81,26.93
3222,520,2025-03-27,Home,115.55,0.05,0,109.77,55.46,6.65,47.66
3223,521,2024-05-03,Accessories,37.75,0.0,0,37.75,11.33,5.57,20.85
3224,521,2024-08-05,Home,83.2,0.1,0,74.88,39.93,6.12,28.83
3225,521,2024-09-23,Apparel,57.66,0.0,0,57.66,20.18,5.86,31.62
3226,521,2024-09-27,Accessories,34.29,0.05,0,32.58,10.29,5.49,16.8
3227,521,2024-10-20,Home,95.67,0.05,0,90.89,45.92,6.36,38.61
3228,521,2024-12-05,Electronics,662.0,0.0,0,662.0,476.64,14.93,170.43
3229,522,2024-02-23,Accessories,44.1,0.05,0,41.89,13.23,5.63,23.03
3230,522,2024-09-22,Apparel,84.44,0.0,0,84.44,29.56,6.27,48.61
3231,522,2025-06-28,Apparel,75.08,0.0,0,75.08,26.28,6.13,42.67
3232,523,2024-02-06,Accessories,61.09,0.0,0,61.09,18.33,5.92,36.84
3233,523,2024-11-16,Accessories,41.63,0.0,0,41.63,12.49,5.62,23.52
3234,523,2024-12-21,Apparel,39.22,0.0,0,39.22,13.73,5.59,19.9
3235,523,2024-12-08,Apparel,115.79,0.0,0,115.79,40.53,6.74,68.52
3236,523,2024-12-24,Electronics,166.59,0.0,0,166.59,119.95,7.5,39.14
3237,524,2024-05-22,Electronics,247.7,0.0,0,247.7,178.35,8.72,60.63
3238,524,2025-01-01,Apparel,75.62,0.0,0,75.62,26.47,6.13,43.02
3239,525,2024-03-09,Apparel,64.55,0.1,0,58.1,22.59,5.87,29.64
3240,525,2024-04-02,Home,214.68,0.1,0,193.22,103.05,7.9,82.27
3241,525,2024-04-28,Home,47.96,0.05,0,45.57,23.02,5.68,16.87
3242,525,2024-05-18,Home,72.75,0.1,0,65.48,34.92,5.98,24.58
3243,525,2024-06-20,Home,76.77,0.05,0,72.93,36.85,6.09,29.99
3244,525,2024-06-14,Electronics,140.36,0.0,0,140.36,101.06,7.11,32.19
3245,525,2024-07-09,Home,116.28,0.0,0,116.28,55.81,6.74,53.73
3246,525,2024-08-07,Electronics,352.92,0.0,0,352.92,254.1,10.29,88.53
3247,525,2024-09-24,Accessories,16.4,0.0,0,16.4,4.92,5.25,6.23
3248,525,2025-03-21,Accessories,25.63,0.0,0,25.63,7.69,5.38,12.56
3249,525,2025-03-26,Home,171.76,0.05,0,163.17,82.45,7.45,73.27
3250,525,2025-04-25,Apparel,96.92,0.05,0,92.07,33.92,6.38,51.77
3251,526,2024-03-26,Apparel,88.44,0.0,1,0.0,0.0,13.33,-13.33
3252,526,2024-04-01,Home,144.67,0.0,0,144.67,69.44,7.17,68.06
3253,526,2024-04-06,Accessories,53.48,0.0,0,53.48,16.04,5.8,31.64
3254,526,2024-05-19,Home,147.41,0.2,0,117.93,70.76,6.77,40.4
3255,526,2024-05-19,Apparel,75.65,0.0,0,75.65,26.48,6.13,43.04
3256,526,2025-03-20,Apparel,100.48,0.0,1,0.0,0.0,13.51,-13.51
3257,527,2024-09-02,Home,76.52,0.1,0,68.86,36.73,6.03,26.1
3258,527,2024-10-27,Electronics,218.54,0.1,0,196.69,157.35,7.95,31.39
3259,527,2024-11-07,Electronics,229.9,0.0,0,229.9,165.53,8.45,55.92
3260,527,2025-06-22,Apparel,52.73,0.0,0,52.73,18.45,5.79,28.49
3261,528,2024-04-10,Accessories,50.92,0.0,0,50.92,15.28,5.76,29.88
3262,528,2024-05-28,Electronics,210.67,0.05,0,200.14,151.68,8.0,40.46
3263,528,2025-05-02,Apparel,55.0,0.0,1,0.0,0.0,12.83,-12.83
3264,528,2025-05-03,Accessories,37.65,0.0,0,37.65,11.29,5.56,20.8
3265,529,2024-08-28,Apparel,49.34,0.0,1,0.0,0.0,12.74,-12.74
3266,529,2024-10-04,Apparel,47.02,0.0,0,47.02,16.46,5.71,24.85
3267,529,2024-11-07,Electronics,209.64,0.0,0,209.64,150.94,8.14,50.56
3268,529,2024-12-03,Home,76.3,0.1,0,68.67,36.62,6.03,26.02
3269,529,2025-01-05,Home,85.32,0.0,0,85.32,40.96,6.28,38.08
3270,529,2025-03-01,Electronics,362.82,0.0,0,362.82,261.23,10.44,91.15
3271,529,2025-05-11,Apparel,55.0,0.05,1,0.0,0.0,12.78,-12.78
3272,529,2025-06-18,Electronics,114.84,0.1,0,103.36,82.68,6.55,14.13
3273,529,2025-06-06,Home,94.72,0.1,0,85.25,45.47,6.28,33.5
3274,529,2025-06-11,Electronics,199.95,0.1,0,179.96,143.97,7.7,28.29
3275,530,2024-05-16,Home,79.27,0.0,0,79.27,38.05,6.19,35.03
3276,530,2024-12-03,Home,60.48,0.1,0,54.43,29.03,5.82,19.58
3277,531,2024-03-15,Electronics,125.81,0.0,0,125.81,90.58,6.89,28.34
3278,531,2024-04-16,Electronics,265.32,0.05,0,252.05,191.03,8.78,52.24
3279,531,2024-05-16,Electronics,231.34,0.0,0,231.34,166.56,8.47,56.31
3280,531,2024-06-26,Accessories,52.14,0.2,0,41.71,15.64,5.63,20.44
3281,531,2024-10-21,Apparel,48.09,0.0,0,48.09,16.83,5.72,25.54
3282,531,2024-11-28,Electronics,134.78,0.1,0,121.3,97.04,6.82,17.44
3283,531,2024-12-03,Electronics,149.41,0.0,0,149.41,107.58,7.24,34.59
3284,531,2025-02-27,Electronics,249.8,0.0,0,249.8,179.86,8.75,61.19
3285,531,2025-02-01,Apparel,70.25,0.1,0,63.22,24.59,5.95,32.68
3286,531,2025-02-16,Apparel,49.21,0.05,0,46.75,17.22,5.7,23.83
3287,531,2025-05-16,Home,346.73,0.0,0,346.73,166.43,10.2,170.1
3288,531,2025-06-04,Home,78.03,0.0,0,78.03,37.45,6.17,34.41
3289,532,2024-03-28,Home,79.42,0.2,0,63.53,38.12,5.95,19.46
3290,532,2024-08-16,Home,74.27,0.0,0,74.27,35.65,6.11,32.51
3291,532,2024-09-11,Electronics,331.18,0.0,0,331.18,238.45,9.97,82.76
3292,532,2025-02-20,Electronics,198.31,0.1,0,178.48,142.78,7.68,28.02
3293,533,2024-10-16,Home,90.03,0.05,0,85.53,43.21,6.28,36.04
3294,533,2024-12-12,Apparel,104.31,0.0,1,0.0,0.0,13.56,-13.56
3295,533,2024-12-05,Electronics,247.56,0.2,0,198.05,178.24,7.97,11.84
3296,533,2025-01-17,Accessories,74.81,0.1,0,67.33,22.44,6.01,38.88
3297,533,2025-01-07,Accessories,39.85,0.05,1,0.0,0.0,12.57,-12.57
3298,533,2025-05-20,Apparel,88.26,0.0,0,88.26,30.89,6.32,51.05
3299,533,2025-05-15,Home,70.73,0.1,0,63.65,33.95,5.95,23.75
3300,534,2024-10-01,Accessories,53.61,0.0,0,53.61,16.08,5.8,31.73
3301,534,2024-12-11,Electronics,266.26,0.0,0,266.26,191.71,8.99,65.56
3302,534,2024-12-24,Electronics,254.68,0.1,0,229.21,183.37,8.44,37.4
3303,534,2024-12-10,Accessories,75.32,0.0,0,75.32,22.6,6.13,46.59
3304,534,2025-02-06,Home,71.74,0.0,0,71.74,34.44,6.08,31.22
3305,535,2024-12-15,Accessories,39.87,0.05,0,37.87,11.96,5.57,20.34
3306,535,2025-02-20,Accessories,124.06,0.1,0,111.65,37.22,6.67,67.76
3307,535,2025-04-15,Home,86.08,0.0,0,86.08,41.32,6.29,38.47
3308,535,2025-05-14,Home,74.32,0.0,0,74.32,35.67,6.11,32.54
3309,536,2024-02-13,Accessories,64.75,0.05,0,61.52,19.43,5.92,36.17
3310,536,2024-02-01,Accessories,35.7,0.0,0,35.7,10.71,5.54,19.45
3311,536,2024-09-02,Accessories,27.21,0.05,0,25.85,8.16,5.39,12.3
3312,536,2024-11-22,Electronics,184.26,0.0,0,184.26,132.67,7.76,43.83
3313,536,2025-04-18,Accessories,16.86,0.0,0,16.86,5.06,5.25,6.55
3314,536,2025-05-16,Apparel,85.71,0.0,1,0.0,0.0,13.29,-13.29
3315,536,2025-05-13,Electronics,166.04,0.0,0,166.04,119.55,7.49,39.0
3316,537,2024-01-08,Apparel,45.05,0.1,0,40.54,15.77,5.61,19.16
3317,537,2024-10-28,Home,80.84,0.1,0,72.76,38.8,6.09,27.87
3318,538,2024-03-01,Electronics,260.69,0.0,0,260.69,187.7,8.91,64.08
3319,538,2024-03-24,Accessories,37.52,0.2,0,30.02,11.26,5.45,13.31
3320,538,2024-08-27,Apparel,56.81,0.05,0,53.97,19.88,5.81,28.28
3321,538,2024-12-01,Home,67.26,0.1,0,60.54,32.29,5.91,22.34
3322,538,2024-12-20,Apparel,83.03,0.1,0,74.73,29.06,6.12,39.55
3323,538,2025-03-08,Apparel,42.59,0.0,1,0.0,0.0,12.64,-12.64
3324,538,2025-04-25,Electronics,599.18,0.05,0,569.22,431.41,13.54,124.27
3325,539,2024-01-20,Electronics,188.09,0.0,0,188.09,135.43,7.82,44.84
3326,539,2024-01-08,Accessories,56.71,0.0,0,56.71,17.01,5.85,33.85
3327,539,2024-03-27,Apparel,143.07,0.05,0,135.92,50.08,7.04,78.8
3328,539,2024-05-05,Apparel,71.98,0.05,0,68.38,25.19,6.03,37.16
3329,540,2024-03-11,Apparel,31.62,0.05,0,30.04,11.07,5.45,13.52
3330,540,2024-03-25,Accessories,45.88,0.1,0,41.29,13.76,5.62,21.91
3331,541,2024-09-27,Electronics,194.03,0.0,0,194.03,139.7,7.91,46.42
3332,541,2024-11-01,Accessories,66.14,0.05,0,62.84,19.84,5.94,37.06
3333,541,2024-12-02,Electronics,163.79,0.2,0,131.04,117.93,6.97,6.14
3334,541,2024-12-14,Accessories,26.58,0.1,0,23.92,7.97,5.36,10.59
3335,541,2025-01-11,Accessories,84.88,0.1,0,76.39,25.46,6.15,44.78
3336,541,2025-01-02,Apparel,52.94,0.2,0,42.35,18.53,5.64,18.18
3337,541,2025-02-15,Electronics,297.99,0.1,0,268.19,214.56,9.02,44.61
3338,541,2025-02-27,Accessories,48.65,0.0,0,48.65,14.6,5.73,28.32
3339,541,2025-04-04,Accessories,31.81,0.0,0,31.81,9.54,5.48,16.79
3340,541,2025-06-26,Apparel,44.58,0.05,0,42.35,15.6,5.64,21.11
3341,542,2024-05-27,Apparel,43.59,0.0,0,43.59,15.26,5.65,22.68
3342,542,2024-05-17,Apparel,106.46,0.05,0,101.14,37.26,6.52,57.36
3343,542,2024-07-20,Accessories,40.27,0.2,1,0.0,0.0,12.48,-12.48
3344,542,2024-07-09,Accessories,43.48,0.0,0,43.48,13.04,5.65,24.79
3345,542,2024-09-25,Apparel,51.75,0.0,0,51.75,18.11,5.78,27.86
3346,542,2024-10-09,Home,202.58,0.0,0,202.58,97.24,8.04,97.3
3347,542,2024-10-11,Electronics,145.4,0.05,0,138.13,104.69,7.07,26.37
3348,542,2024-12-27,Accessories,54.1,0.0,0,54.1,16.23,5.81,32.06
3349,542,2024-12-21,Apparel,94.92,0.0,0,94.92,33.22,6.42,55.28
3350,542,2025-02-07,Electronics,203.92,0.0,0,203.92,146.82,8.06,49.04
3351,542,2025-03-24,Home,82.33,0.0,0,82.33,39.52,6.23,36.58
3352,542,2025-03-16,Home,52.35,0.2,0,41.88,25.13,5.63,11.12
3353,542,2025-03-25,Electronics,272.04,0.1,0,244.84,195.87,8.67,40.3
3354,542,2025-04-26,Accessories,35.47,0.05,0,33.7,10.64,5.51,17.55
3355,542,2025-06-16,Home,136.46,0.1,0,122.81,65.5,6.84,50.47
3356,543,2024-02-08,Home,96.17,0.0,0,96.17,46.16,6.44,43.57
3357,543,2024-10-16,Electronics,284.33,0.05,1,0.0,0.0,16.05,-16.05
3358,543,2025-06-04,Accessories,48.67,0.05,0,46.23,14.6,5.69,25.94
3359,543,2025-06-19,Electronics,294.8,0.0,0,294.8,212.26,9.42,73.12
3360,543,2025-06-12,Electronics,141.58,0.05,1,0.0,0.0,14.02,-14.02
3361,544,2024-01-05,Electronics,239.56,0.0,0,239.56,172.49,8.59,58.48
3362,544,2024-01-07,Accessories,48.42,0.05,0,46.0,14.53,5.69,25.78
3363,544,2024-02-15,Electronics,175.82,0.0,0,175.82,126.59,7.64,41.59
3364,544,2024-03-07,Electronics,322.06,0.05,0,305.96,231.88,9.59,64.49
3365,544,2024-03-14,Electronics,112.25,0.1,0,101.03,80.82,6.52,13.69
3366,544,2024-09-06,Apparel,67.73,0.1,0,60.95,23.7,5.91,31.34
3367,544,2025-02-07,Accessories,44.03,0.05,0,41.83,13.21,5.63,22.99
3368,544,2025-03-28,Home,183.45,0.1,0,165.1,88.06,7.48,69.56
3369,545,2024-09-14,Electronics,148.52,0.05,0,141.09,106.93,7.12,27.04
3370,545,2024-09-27,Accessories,43.85,0.0,0,43.85,13.16,5.66,25.03
3371,545,2024-10-14,Accessories,56.01,0.1,0,50.41,16.8,5.76,27.85
3372,545,2024-11-23,Accessories,49.69,0.1,0,44.72,14.91,5.67,24.14
3373,545,2025-01-10,Home,83.51,0.1,1,0.0,0.0,13.13,-13.13
3374,545,2025-02-06,Apparel,47.01,0.1,0,42.31,16.45,5.63,20.23
3375,545,2025-03-16,Accessories,21.66,0.1,0,19.49,6.5,5.29,7.7
3376,545,2025-04-26,Accessories,34.4,0.05,0,32.68,10.32,5.49,16.87
3377,546,2025-02-03,Apparel,50.85,0.1,0,45.76,17.8,5.69,22.27
3378,546,2025-02-12,Home,98.75,0.0,0,98.75,47.4,6.48,44.87
3379,547,2024-09-06,Home,93.31,0.05,1,0.0,0.0,13.33,-13.33
3380,547,2024-11-23,Home,94.78,0.05,0,90.04,45.49,6.35,38.2
3381,547,2025-02-19,Home,95.7,0.1,0,86.13,45.94,6.29,33.9
3382,547,2025-04-26,Apparel,66.08,0.2,1,0.0,0.0,12.79,-12.79
3383,547,2025-05-06,Accessories,41.38,0.1,0,37.24,12.41,5.56,19.27
3384,548,2024-03-18,Apparel,37.72,0.0,1,0.0,0.0,12.57,-12.57
3385,548,2024-04-02,Home,111.9,0.0,0,111.9,53.71,6.68,51.51
3386,548,2024-04-22,Accessories,36.43,0.0,0,36.43,10.93,5.55,19.95
3387,548,2025-04-05,Home,44.3,0.05,0,42.08,21.26,5.63,15.19
3388,549,2024-09-14,Apparel,56.83,0.05,1,0.0,0.0,12.81,-12.81
3389,549,2024-10-17,Accessories,28.5,0.0,0,28.5,8.55,5.43,14.52
3390,549,2024-11-02,Home,103.45,0.1,0,93.1,49.65,6.4,37.05
3391,549,2025-01-24,Accessories,102.18,0.05,0,97.07,30.65,6.46,59.96
3392,549,2025-02-17,Apparel,45.26,0.05,0,42.99,15.84,5.64,21.51
3393,549,2025-05-10,Accessories,26.82,0.0,1,0.0,0.0,12.4,-12.4
3394,549,2025-05-23,Accessories,54.49,0.05,0,51.76,16.35,5.78,29.63
3395,549,2025-05-17,Home,139.04,0.1,0,125.13,66.74,6.88,51.51
3396,549,2025-06-01,Accessories,35.43,0.1,0,31.89,10.63,5.48,15.78
3397,550,2024-02-20,Apparel,87.86,0.0,0,87.86,30.75,6.32,50.79
3398,550,2024-03-02,Home,65.03,0.0,0,65.03,31.22,5.98,27.83
3399,550,2024-03-27,Electronics,282.69,0.1,0,254.42,203.53,8.82,42.07
3400,550,2024-04-14,Home,144.22,0.05,0,137.01,69.22,7.06,60.73
3401,550,2024-05-07,Electronics,225.35,0.0,0,225.35,162.25,8.38,54.72
3402,550,2024-06-07,Electronics,120.78,0.2,0,96.62,86.96,6.45,3.21
3403,550,2024-07-01,Home,76.44,0.05,0,72.62,36.69,6.09,29.84
3404,550,2024-09-06,Home,99.24,0.0,0,99.24,47.63,6.49,45.12
3405,550,2024-10-03,Apparel,43.92,0.1,0,39.53,15.37,5.59,18.57
3406,550,2024-11-19,Home,76.22,0.05,0,72.41,36.59,6.09,29.73
3407,550,2025-02-01,Apparel,30.16,0.05,0,28.65,10.56,5.43,12.66
3408,550,2025-03-15,Accessories,49.75,0.0,0,49.75,14.93,5.75,29.07
3409,550,2025-06-15,Apparel,65.9,0.05,0,62.6,23.06,5.94,33.6
3410,551,2024-05-20,Electronics,126.1,0.0,0,126.1,90.8,6.89,28.41
3411,551,2024-06-25,Home,81.81,0.1,0,73.63,39.27,6.1,28.26
3412,551,2024-06-20,Apparel,72.14,0.1,0,64.93,25.25,5.97,33.71
3413,551,2024-06-24,Electronics,130.18,0.2,0,104.14,93.73,6.56,3.85
3414,551,2024-07-22,Home,72.29,0.05,0,68.68,34.7,6.03,27.95
3415,551,2024-10-02,Apparel,61.56,0.0,0,61.56,21.55,5.92,34.09
3416,551,2025-01-11,Electronics,327.71,0.2,0,262.16,235.95,8.93,17.28
3417,551,2025-02-12,Apparel,60.17,0.2,0,48.13,21.06,5.72,21.35
3418,551,2025-03-23,Accessories,31.59,0.1,0,28.43,9.48,5.43,13.52
3419,551,2025-05-13,Home,124.55,0.0,0,124.55,59.79,6.87,57.89
3420,551,2025-06-22,Accessories,34.07,0.2,0,27.26,10.22,5.41,11.63
3421,552,2024-10-20,Apparel,95.25,0.0,0,95.25,33.34,6.43,55.48
3422,552,2025-02-01,Electronics,113.38,0.05,0,107.71,81.63,6.62,19.46
3423,553,2024-08-19,Apparel,54.86,0.1,1,0.0,0.0,12.74,-12.74
3424,553,2024-09-20,Home,82.12,0.2,0,65.69,39.42,5.99,20.28
3425,553,2025-01-22,Accessories,58.19,0.05,0,55.28,17.46,5.83,31.99
3426,553,2025-02-10,Apparel,69.75,0.05,0,66.26,24.41,5.99,35.86
3427,553,2025-05-23,Home,84.69,0.0,0,84.69,40.65,6.27,37.77
3428,553,2025-06-03,Apparel,40.03,0.05,1,0.0,0.0,12.57,-12.57
3429,553,2025-06-27,Accessories,23.29,0.05,0,22.13,6.99,5.33,9.81
3430,554,2024-03-04,Home,81.24,0.05,0,77.18,39.0,6.16,32.02
3431,554,2024-07-20,Electronics,137.26,0.05,0,130.4,98.83,6.96,24.61
3432,554,2024-07-15,Electronics,226.09,0.1,0,203.48,162.78,8.05,32.65
3433,554,2024-07-03,Accessories,30.48,0.0,0,30.48,9.14,5.46,15.88
3434,554,2025-03-28,Electronics,240.85,0.1,0,216.76,173.41,8.25,35.1
3435,554,2025-03-17,Apparel,74.55,0.1,0,67.09,26.09,6.01,34.99
3436,554,2025-04-27,Accessories,41.28,0.05,0,39.22,12.38,5.59,21.25
3437,555,2024-02-02,Home,56.52,0.1,0,50.87,27.13,5.76,17.98
3438,555,2024-04-20,Electronics,170.73,0.2,0,136.59,122.93,7.05,6.61
3439,555,2024-07-02,Home,175.41,0.0,0,175.41,84.19,7.63,83.59
3440,555,2024-10-11,Accessories,44.16,0.05,0,41.95,13.25,5.63,23.07
3441,555,2024-11-01,Electronics,229.84,0.1,0,206.86,165.49,8.1,33.27
3442,555,2024-11-25,Accessories,42.16,0.2,0,33.73,12.65,5.51,15.57
3443,555,2024-11-10,Apparel,132.86,0.05,0,126.21,46.5,6.89,72.82
3444,555,2025-02-24,Apparel,90.59,0.05,0,86.06,31.71,6.29,48.06
3445,555,2025-05-05,Home,83.38,0.0,1,0.0,0.0,13.25,-13.25
3446,556,2024-10-22,Apparel,76.5,0.05,1,0.0,0.0,13.09,-13.09
3447,556,2025-01-18,Apparel,49.14,0.1,0,44.22,17.2,5.66,21.36
3448,556,2025-03-14,Apparel,91.05,0.0,0,91.05,31.87,6.37,52.81
3449,556,2025-03-28,Accessories,50.33,0.2,0,40.26,15.1,5.6,19.56
3450,556,2025-03-26,Electronics,427.15,0.0,0,427.15,307.54,11.41,108.2
3451,556,2025-03-15,Home,155.25,0.0,0,155.25,74.52,7.33,73.4
3452,557,2024-01-04,Home,66.56,0.1,0,59.9,31.95,5.9,22.05
3453,557,2024-02-18,Accessories,48.78,0.0,0,48.78,14.63,5.73,28.42
3454,557,2024-02-18,Electronics,253.66,0.2,0,202.93,182.64,8.04,12.25
3455,557,2024-11-19,Accessories,42.37,0.1,0,38.13,12.71,5.57,19.85
3456,557,2024-12-18,Apparel,77.46,0.05,1,0.0,0.0,13.1,-13.1
3457,557,2025-02-06,Accessories,67.44,0.2,0,53.95,20.23,5.81,27.91
3458,557,2025-02-28,Electronics,141.31,0.05,0,134.24,101.74,7.01,25.49
3459,558,2024-05-09,Apparel,57.9,0.05,0,55.0,20.26,5.83,28.91
3460,558,2024-05-02,Electronics,148.02,0.2,0,118.41,106.57,6.78,5.06
3461,558,2024-07-18,Electronics,189.37,0.0,0,189.37,136.35,7.84,45.18
3462,558,2024-08-08,Apparel,108.19,0.05,0,102.78,37.87,6.54,58.37
3463,558,2024-08-06,Apparel,55.85,0.0,0,55.85,19.55,5.84,30.46
3464,558,2024-10-21,Apparel,55.6,0.0,0,55.6,19.46,5.83,30.31
3465,558,2024-11-25,Apparel,51.89,0.0,0,51.89,18.16,5.78,27.95
3466,558,2024-11-10,Apparel,74.99,0.2,0,59.99,26.25,5.9,27.84
3467,558,2024-11-27,Electronics,135.41,0.2,0,108.33,97.5,6.62,4.21
3468,558,2024-11-18,Electronics,93.63,0.1,0,84.27,67.41,6.26,10.6
3469,558,2025-01-09,Home,238.93,0.05,0,226.98,114.69,8.4,103.89
3470,558,2025-05-26,Electronics,185.96,0.2,0,148.77,133.89,7.23,7.65
3471,558,2025-06-15,Accessories,32.95,0.1,0,29.65,9.88,5.44,14.33
3472,559,2024-09-08,Apparel,98.77,0.2,0,79.01,34.57,6.19,38.25
3473,559,2024-09-25,Home,88.32,0.1,0,79.49,42.4,6.19,30.9
3474,560,2024-06-11,Electronics,198.93,0.0,0,198.93,143.23,7.98,47.72
3475,560,2024-06-02,Electronics,141.21,0.2,0,112.97,101.67,6.69,4.61
3476,560,2024-09-15,Apparel,85.67,0.2,0,68.53,29.98,6.03,32.52
3477,560,2024-10-16,Accessories,26.43,0.0,0,26.43,7.93,5.4,13.1
3478,560,2024-11-25,Electronics,164.86,0.0,1,0.0,0.0,14.47,-14.47
3479,560,2025-01-03,Electronics,139.03,0.0,0,139.03,100.11,7.09,31.83
3480,560,2025-05-15,Apparel,86.72,0.2,0,69.38,30.35,6.04,32.99
3481,560,2025-05-09,Home,67.82,0.1,0,61.04,32.56,5.92,22.56
3482,560,2025-05-20,Electronics,199.9,0.05,0,189.91,143.93,7.85,38.13
3483,561,2024-06-27,Electronics,91.7,0.1,0,82.53,66.02,6.24,10.27
3484,561,2024-07-27,Electronics,194.82,0.05,0,185.08,140.27,7.78,37.03
3485,561,2024-08-10,Accessories,52.44,0.1,0,47.19,15.73,5.71,25.75
3486,562,2024-08-28,Accessories,54.01,0.0,0,54.01,16.2,5.81,32.0
3487,562,2024-08-02,Apparel,88.49,0.1,0,79.64,30.97,6.19,42.48
3488,562,2024-09-05,Accessories,53.2,0.0,0,53.2,15.96,5.8,31.44
3489,562,2024-10-03,Home,111.08,0.2,0,88.87,53.32,6.33,29.22
3490,562,2024-11-04,Accessories,50.35,0.0,0,50.35,15.1,5.76,29.49
3491,562,2024-11-08,Home,73.3,0.1,0,65.97,35.19,5.99,24.79
3492,562,2024-12-10,Apparel,24.08,0.0,0,24.08,8.43,5.36,10.29
3493,562,2025-01-03,Home,118.9,0.1,0,107.01,57.07,6.61,43.33
3494,562,2025-01-01,Home,37.62,0.1,0,33.86,18.06,5.51,10.29
3495,562,2025-02-07,Home,114.18,0.0,0,114.18,54.81,6.71,52.66
3496,563,2024-08-25,Electronics,132.89,0.2,0,106.31,95.68,6.59,4.04
3497,563,2024-08-22,Electronics,149.12,0.2,0,119.3,107.37,6.79,5.14
3498,563,2024-08-19,Accessories,39.81,0.0,0,39.81,11.94,5.6,22.27
3499,564,2024-07-20,Accessories,61.52,0.1,0,55.37,18.46,5.83,31.08
3500,564,2024-08-13,Accessories,43.25,0.1,0,38.92,12.97,5.58,20.37
3501,564,2024-08-16,Electronics,189.51,0.0,0,189.51,136.45,7.84,45.22
3502,564,2024-09-03,Electronics,304.52,0.2,0,243.62,219.26,8.65,15.71
3503,564,2024-10-05,Accessories,47.02,0.1,0,42.32,14.11,5.63,22.58
3504,564,2024-11-27,Accessories,36.69,0.05,0,34.85,11.01,5.52,18.32
3505,564,2024-12-20,Accessories,34.13,0.0,0,34.13,10.24,5.51,18.38
3506,564,2025-04-09,Home,164.59,0.1,0,148.13,79.0,7.22,61.91
3507,564,2025-05-05,Electronics,290.12,0.0,0,290.12,208.89,9.35,71.88
3508,564,2025-06-09,Accessories,51.84,0.05,0,49.25,15.55,5.74,27.96
3509,565,2024-01-21,Apparel,37.35,0.0,0,37.35,13.07,5.56,18.72
3510,565,2024-01-07,Electronics,164.29,0.1,0,147.86,118.29,7.22,22.35
3511,565,2025-03-26,Apparel,62.57,0.05,1,0.0,0.0,12.89,-12.89
3512,566,2024-05-14,Apparel,63.72,0.0,0,63.72,22.3,5.96,35.46
3513,566,2024-05-22,Home,125.91,0.2,0,100.73,60.44,6.51,33.78
3514,566,2024-05-03,Accessories,40.24,0.2,0,32.2,12.07,5.48,14.65
3515,566,2024-06-24,Home,73.22,0.05,0,69.56,35.15,6.04,28.37
3516,566,2024-08-04,Apparel,41.5,0.05,1,0.0,0.0,12.59,-12.59
3517,566,2024-09-18,Electronics,305.27,0.2,0,244.22,219.8,8.66,15.76
3518,566,2024-09-20,Electronics,194.94,0.05,0,185.19,140.36,7.78,37.05
3519,566,2024-11-03,Electronics,180.17,0.05,0,171.16,129.72,7.57,33.87
3520,566,2025-03-24,Accessories,52.68,0.1,0,47.41,15.8,5.71,25.9
3521,566,2025-05-11,Home,54.94,0.0,0,54.94,26.37,5.82,22.75
3522,567,2024-08-02,Home,166.5,0.0,0,166.5,79.92,7.5,79.08
3523,567,2025-03-21,Electronics,244.45,0.0,0,244.45,176.0,8.67,59.78
3524,568,2024-10-09,Home,101.6,0.1,0,91.44,48.77,6.37,36.3
3525,568,2024-12-05,Apparel,61.91,0.1,0,55.72,21.67,5.84,28.21
3526,568,2025-05-14,Home,119.32,0.0,0,119.32,57.27,6.79,55.26
3527,569,2024-07-27,Home,75.42,0.1,0,67.88,36.2,6.02,25.66
3528,569,2024-07-02,Accessories,40.55,0.1,0,36.5,12.17,5.55,18.78
3529,569,2024-08-22,Accessories,42.07,0.05,0,39.97,12.62,5.6,21.75
3530,569,2024-09-05,Home,143.98,0.1,0,129.58,69.11,6.94,53.53
3531,569,2024-09-02,Home,123.35,0.05,0,117.19,59.21,6.76,51.22
3532,569,2024-10-19,Apparel,34.92,0.05,1,0.0,0.0,12.5,-12.5
3533,569,2024-10-26,Home,89.98,0.0,1,0.0,0.0,13.35,-13.35
3534,569,2024-10-23,Electronics,221.24,0.1,0,199.12,159.3,7.99,31.83
3535,569,2024-10-14,Electronics,274.63,0.05,0,260.9,197.73,8.91,54.26
3536,569,2024-11-27,Apparel,77.65,0.0,0,77.65,27.18,6.16,44.31
3537,569,2024-11-02,Accessories,45.36,0.0,0,45.36,13.61,5.68,26.07
3538,569,2025-02-28,Apparel,98.94,0.0,1,0.0,0.0,13.48,-13.48
3539,569,2025-02-03,Electronics,186.38,0.1,0,167.75,134.2,7.52,26.03
3540,569,2025-03-22,Accessories,51.48,0.05,1,0.0,0.0,12.73,-12.73
3541,569,2025-03-15,Apparel,72.46,0.0,1,0.0,0.0,13.09,-13.09
3542,569,2025-04-15,Electronics,222.85,0.0,0,222.85,160.45,8.34,54.06
3543,569,2025-05-22,Accessories,30.65,0.1,0,27.59,9.2,5.41,12.98
3544,569,2025-06-08,Accessories,38.11,0.05,0,36.21,11.43,5.54,19.24
3545,570,2024-11-23,Electronics,298.63,0.2,0,238.91,215.02,8.58,15.31
3546,570,2024-11-07,Apparel,41.28,0.0,0,41.28,14.45,5.62,21.21
3547,570,2025-03-06,Accessories,37.76,0.0,0,37.76,11.33,5.57,20.86
3548,570,2025-04-22,Home,227.6,0.05,0,216.22,109.25,8.24,98.73
3549,571,2024-07-04,Apparel,76.18,0.0,0,76.18,26.66,6.14,43.38
3550,571,2024-12-17,Home,76.66,0.2,0,61.33,36.8,5.92,18.61
3551,571,2025-03-09,Electronics,246.16,0.1,0,221.54,177.23,8.32,35.99
3552,571,2025-03-08,Home,139.38,0.0,0,139.38,66.9,7.09,65.39
3553,572,2024-10-09,Electronics,195.47,0.0,0,195.47,140.74,7.93,46.8
3554,572,2024-12-02,Home,116.07,0.1,1,0.0,0.0,13.57,-13.57
3555,572,2025-02-14,Electronics,183.25,0.05,0,174.09,131.94,7.61,34.54
3556,573,2024-02-13,Accessories,23.27,0.1,0,20.95,6.98,5.31,8.66
3557,573,2024-02-15,Home,84.99,0.0,0,84.99,40.8,6.27,37.92
3558,573,2024-02-03,Accessories,53.42,0.05,1,0.0,0.0,12.76,-12.76
3559,573,2024-06-22,Accessories,14.12,0.0,0,14.12,4.24,5.21,4.67
3560,573,2024-06-24,Home,160.3,0.2,0,128.24,76.94,6.92,44.38
3561,573,2024-08-03,Electronics,340.92,0.0,0,340.92,245.46,10.11,85.35
3562,573,2024-10-12,Electronics,105.76,0.0,0,105.76,76.14,6.59,23.03
3563,573,2024-11-01,Home,62.49,0.05,0,59.37,30.0,5.89,23.48
3564,573,2024-12-27,Home,94.72,0.05,0,89.98,45.47,6.35,38.16
3565,573,2025-01-12,Home,70.12,0.0,0,70.12,33.66,6.05,30.41
3566,573,2025-01-26,Home,170.82,0.0,0,170.82,81.99,7.56,81.27
3567,574,2024-04-08,Home,104.57,0.2,0,83.66,50.19,6.25,27.22
3568,574,2024-05-26,Electronics,195.87,0.1,0,176.28,141.02,7.64,27.62
3569,574,2024-05-01,Electronics,445.81,0.1,0,401.22,320.98,11.02,69.22
3570,574,2024-06-13,Accessories,35.38,0.05,0,33.61,10.61,5.5,17.5
3571,574,2024-08-04,Home,88.14,0.0,0,88.14,42.31,6.32,39.51
3572,574,2024-10-25,Home,67.64,0.0,0,67.64,32.47,6.01,29.16
3573,574,2024-10-25,Home,101.97,0.0,0,101.97,48.95,6.53,46.49
3574,574,2024-10-12,Apparel,41.55,0.1,0,37.39,14.54,5.56,17.29
3575,574,2024-11-04,Apparel,68.2,0.05,0,64.79,23.87,5.97,34.95
3576,574,2024-11-22,Apparel,47.0,0.05,0,44.65,16.45,5.67,22.53
3577,574,2024-12-16,Apparel,92.88,0.1,0,83.59,32.51,6.25,44.83
3578,574,2025-01-11,Accessories,106.44,0.1,0,95.79,31.93,6.44,57.42
3579,574,2025-02-12,Electronics,111.53,0.1,0,100.38,80.3,6.51,13.57
3580,574,2025-06-10,Home,66.39,0.1,0,59.75,31.87,5.9,21.98
3581,574,2025-06-15,Apparel,74.8,0.05,0,71.06,26.18,6.07,38.81
3582,575,2024-02-12,Home,129.52,0.05,0,123.05,62.17,6.85,54.03
3583,576,2024-01-02,Apparel,44.44,0.0,0,44.44,15.55,5.67,23.22
3584,576,2024-02-26,Apparel,64.97,0.05,0,61.72,22.74,5.93,33.05
3585,576,2024-06-04,Accessories,37.42,0.0,0,37.42,11.23,5.56,20.63
3586,576,2024-10-27,Electronics,251.06,0.0,0,251.06,180.76,8.77,61.53
3587,576,2024-10-16,Home,138.04,0.0,0,138.04,66.26,7.07,64.71
3588,576,2024-11-25,Accessories,70.49,0.2,1,0.0,0.0,12.85,-12.85
3589,576,2024-11-05,Electronics,293.59,0.05,0,278.91,211.38,9.18,58.35
3590,576,2025-01-21,Home,52.73,0.1,0,47.46,25.31,5.71,16.44
3591,576,2025-01-02,Electronics,295.25,0.1,0,265.72,212.58,8.99,44.15
3592,577,2024-11-02,Accessories,33.76,0.2,0,27.01,10.13,5.41,11.47
3593,577,2024-12-28,Accessories,78.46,0.1,0,70.61,23.54,6.06,41.01
3594,578,2024-10-13,Home,99.87,0.0,0,99.87,47.94,6.5,45.43
3595,578,2024-10-28,Accessories,23.82,0.1,0,21.44,7.15,5.32,8.97
3596,579,2024-04-16,Accessories,103.25,0.05,0,98.09,30.98,6.47,60.64
3597,579,2024-05-24,Accessories,75.7,0.0,1,0.0,0.0,13.14,-13.14
3598,579,2024-05-14,Electronics,406.45,0.0,0,406.45,292.64,11.1,102.71
3599,579,2024-06-26,Apparel,53.51,0.05,0,50.84,18.73,5.76,26.35
3600,579,2025-02-21,Apparel,34.57,0.0,0,34.57,12.1,5.52,16.95
3601,579,2025-06-27,Home,70.15,0.2,0,56.12,33.67,5.84,16.61
3602,581,2024-07-24,Accessories,45.65,0.1,0,41.08,13.69,5.62,21.77
3603,581,2024-10-25,Home,59.65,0.0,0,59.65,28.63,5.89,25.13
3604,581,2024-11-22,Electronics,228.81,0.0,0,228.81,164.74,8.43,55.64
3605,581,2024-11-22,Electronics,142.2,0.2,0,113.76,102.38,6.71,4.67
3606,581,2024-11-28,Apparel,42.01,0.0,1,0.0,0.0,12.63,-12.63
3607,581,2024-12-07,Home,144.64,0.0,0,144.64,69.43,7.17,68.04
3608,581,2025-01-09,Home,173.21,0.0,0,173.21,83.14,7.6,82.47
3609,581,2025-01-09,Apparel,43.45,0.0,0,43.45,15.21,5.65,22.59
3610,581,2025-03-01,Electronics,356.71,0.05,0,338.88,256.83,10.08,71.97
3611,581,2025-03-14,Apparel,75.23,0.0,1,0.0,0.0,13.13,-13.13
3612,582,2024-11-01,Home,32.97,0.1,0,29.67,15.83,5.45,8.39
3613,582,2024-12-14,Electronics,311.9,0.0,0,311.9,224.57,9.68,77.65
3614,582,2025-01-10,Home,80.08,0.0,0,80.08,38.44,6.2,35.44
3615,582,2025-02-22,Accessories,51.32,0.1,0,46.19,15.4,5.69,25.1
3616,582,2025-02-28,Accessories,56.26,0.0,1,0.0,0.0,12.84,-12.84
3617,582,2025-03-22,Home,70.28,0.1,0,63.25,33.73,5.95,23.57
3618,582,2025-03-26,Electronics,154.78,0.05,0,147.04,111.44,7.21,28.39
3619,582,2025-03-09,Electronics,258.07,0.0,0,258.07,185.81,8.87,63.39
3620,582,2025-04-13,Electronics,141.56,0.0,0,141.56,101.92,7.12,32.52
3621,582,2025-04-09,Accessories,39.69,0.0,0,39.69,11.91,5.6,22.18
3622,583,2024-04-11,Accessories,31.37,0.0,0,31.37,9.41,5.47,16.49
3623,583,2024-05-22,Electronics,110.97,0.0,0,110.97,79.9,6.66,24.41
3624,583,2024-05-03,Apparel,25.61,0.0,1,0.0,0.0,12.38,-12.38
3625,583,2024-06-04,Apparel,57.1,0.2,0,45.68,19.98,5.69,20.01
3626,583,2024-06-15,Electronics,181.07,0.2,0,144.85,130.37,7.17,7.31
3627,583,2024-08-16,Accessories,65.04,0.0,0,65.04,19.51,5.98,39.55
3628,583,2024-11-09,Electronics,161.67,0.05,0,153.59,116.4,7.3,29.89
3629,583,2024-11-21,Apparel,132.91,0.0,0,132.91,46.52,6.99,79.4
3630,583,2025-01-23,Apparel,55.68,0.0,0,55.68,19.49,5.84,30.35
3631,583,2025-02-20,Home,55.2,0.0,0,55.2,26.5,5.83,22.87
3632,583,2025-03-21,Home,83.09,0.1,0,74.78,39.88,6.12,28.78
3633,583,2025-04-12,Home,58.98,0.0,0,58.98,28.31,5.88,24.79
3634,583,2025-06-01,Apparel,60.42,0.0,0,60.42,21.15,5.91,33.36
3635,584,2024-03-12,Home,139.25,0.0,0,139.25,66.84,7.09,65.32
3636,584,2024-04-22,Home,152.66,0.05,0,145.03,73.28,7.18,64.57
3637,584,2024-07-04,Home,53.63,0.1,0,48.27,25.74,5.72,16.81
3638,584,2024-07-21,Home,84.97,0.05,0,80.72,40.79,6.21,33.72
3639,584,2024-11-27,Accessories,27.3,0.1,0,24.57,8.19,5.37,11.01
3640,584,2025-02-18,Home,75.33,0.0,0,75.33,36.16,6.13,33.04
3641,584,2025-02-14,Apparel,67.77,0.2,0,54.22,23.72,5.81,24.69
3642,584,2025-03-11,Accessories,44.49,0.1,0,40.04,13.35,5.6,21.09
3643,584,2025-03-26,Apparel,63.63,0.2,0,50.9,22.27,5.76,22.87
3644,585,2024-08-18,Home,129.17,0.0,0,129.17,62.0,6.94,60.23
3645,585,2024-10-11,Electronics,169.89,0.0,0,169.89,122.32,7.55,40.02
3646,585,2025-02-19,Home,96.14,0.0,0,96.14,46.15,6.44,43.55
3647,585,2025-03-03,Electronics,204.7,0.0,0,204.7,147.39,8.07,49.24
3648,585,2025-03-12,Apparel,126.71,0.0,0,126.71,44.35,6.9,75.46
3649,585,2025-04-21,Electronics,175.54,0.2,0,140.44,126.39,7.11,6.94
3650,585,2025-04-04,Electronics,174.16,0.0,0,174.16,125.39,7.61,41.16
3651,586,2024-11-18,Electronics,278.03,0.1,0,250.22,200.18,8.75,41.29
3652,586,2024-12-25,Electronics,376.08,0.2,0,300.86,270.78,9.51,20.57
3653,586,2024-12-22,Apparel,84.85,0.0,0,84.85,29.7,6.27,48.88
3654,586,2025-02-05,Electronics,268.6,0.05,0,255.17,193.39,8.83,52.95
3655,587,2024-07-16,Apparel,76.46,0.05,0,72.64,26.76,6.09,39.79
3656,587,2024-09-08,Accessories,51.86,0.1,0,46.68,15.56,5.7,25.42
3657,587,2024-10-24,Apparel,59.99,0.05,0,56.99,21.0,5.85,30.14
3658,587,2024-10-20,Home,92.1,0.0,1,0.0,0.0,13.38,-13.38
3659,587,2025-01-18,Accessories,63.49,0.05,1,0.0,0.0,12.9,-12.9
3660,587,2025-02-01,Electronics,202.97,0.05,0,192.82,146.14,7.89,38.79
3661,587,2025-05-19,Accessories,60.15,0.2,0,48.12,18.05,5.72,24.35
3662,588,2024-02-18,Electronics,443.84,0.1,1,0.0,0.0,17.99,-17.99
3663,588,2024-11-23,Apparel,137.26,0.1,0,123.53,48.04,6.85,68.64
3664,588,2025-05-24,Apparel,35.22,0.05,0,33.46,12.33,5.5,15.63
3665,588,2025-05-13,Electronics,309.32,0.0,0,309.32,222.71,9.64,76.97
3666,589,2024-08-27,Accessories,47.47,0.2,0,37.98,14.24,5.57,18.17
3667,589,2024-08-19,Accessories,37.06,0.1,0,33.35,11.12,5.5,16.73
3668,589,2024-09-14,Accessories,71.6,0.0,0,71.6,21.48,6.07,44.05
3669,589,2024-09-23,Electronics,253.35,0.05,0,240.68,182.41,8.61,49.66
3670,589,2024-11-04,Home,97.57,0.0,0,97.57,46.83,6.46,44.28
3671,589,2024-11-26,Electronics,109.64,0.0,0,109.64,78.94,6.64,24.06
3672,589,2025-02-14,Home,85.69,0.05,0,81.4,41.13,6.22,34.05
3673,590,2024-07-24,Home,82.83,0.2,1,0.0,0.0,12.99,-12.99
3674,590,2024-07-12,Accessories,40.84,0.1,0,36.76,12.25,5.55,18.96
3675,590,2025-01-10,Apparel,44.84,0.0,0,44.84,15.69,5.67,23.48
3676,590,2025-01-25,Accessories,27.23,0.05,0,25.87,8.17,5.39,12.31
3677,591,2024-06-25,Accessories,36.14,0.05,0,34.33,10.84,5.51,17.98
3678,591,2024-06-08,Electronics,314.39,0.05,0,298.67,226.36,9.48,62.83
3679,591,2024-07-16,Apparel,52.15,0.0,0,52.15,18.25,5.78,28.12
3680,591,2024-10-16,Home,74.75,0.1,0,67.28,35.88,6.01,25.39
3681,592,2024-02-13,Accessories,30.41,0.05,0,28.89,9.12,5.43,14.34
3682,592,2024-05-05,Apparel,97.74,0.1,0,87.97,34.21,6.32,47.44
3683,592,2024-08-18,Apparel,73.8,0.2,0,59.04,25.83,5.89,27.32
3684,592,2024-10-26,Electronics,517.11,0.0,0,517.11,372.32,12.76,132.03
3685,592,2025-02-14,Home,64.77,0.0,0,64.77,31.09,5.97,27.71
3686,592,2025-02-19,Apparel,49.89,0.0,0,49.89,17.46,5.75,26.68
3687,592,2025-06-01,Apparel,75.35,0.1,0,67.81,26.37,6.02,35.42
3688,593,2024-04-24,Electronics,286.27,0.1,0,257.64,206.11,8.86,42.67
3689,593,2024-06-03,Accessories,47.95,0.2,0,38.36,14.39,5.58,18.39
3690,593,2024-06-26,Home,120.82,0.05,0,114.78,57.99,6.72,50.07
3691,593,2024-08-08,Electronics,253.0,0.05,0,240.35,182.16,8.61,49.58
3692,593,2024-09-09,Home,78.96,0.1,0,71.06,37.9,6.07,27.09
3693,593,2025-03-22,Accessories,25.64,0.2,0,20.51,7.69,5.31,7.51
3694,593,2025-05-24,Apparel,82.78,0.05,0,78.64,28.97,6.18,43.49
3695,593,2025-06-18,Apparel,88.58,0.2,1,0.0,0.0,13.06,-13.06
3696,594,2024-09-17,Home,83.24,0.1,0,74.92,39.96,6.12,28.84
3697,594,2024-10-22,Apparel,127.52,0.05,0,121.14,44.63,6.82,69.69
3698,594,2024-10-27,Home,143.14,0.05,0,135.98,68.71,7.04,60.23
3699,594,2025-01-09,Electronics,182.97,0.05,0,173.82,131.74,7.61,34.47
3700,594,2025-01-27,Accessories,28.71,0.2,1,0.0,0.0,12.34,-12.34
3701,594,2025-03-04,Electronics,180.63,0.1,0,162.57,130.06,7.44,25.07
3702,594,2025-05-18,Accessories,40.88,0.2,0,32.7,12.26,5.49,14.95
3703,595,2024-02-19,Electronics,169.06,0.0,0,169.06,121.72,7.54,39.8
3704,595,2024-02-02,Apparel,77.25,0.05,1,0.0,0.0,13.1,-13.1
3705,595,2024-09-22,Apparel,55.61,0.1,1,0.0,0.0,12.75,-12.75
3706,595,2024-09-21,Apparel,75.36,0.05,0,71.59,26.38,6.07,39.14
3707,596,2024-06-13,Home,124.18,0.05,0,117.97,59.61,6.77,51.59
3708,596,2024-10-15,Electronics,243.73,0.0,0,243.73,175.48,8.66,59.59
3709,596,2024-10-22,Accessories,56.57,0.1,0,50.91,16.97,5.76,28.18
3710,597,2024-10-27,Electronics,141.14,0.05,0,134.08,101.62,7.01,25.45
3711,597,2024-11-12,Home,206.33,0.1,0,185.7,99.04,7.79,78.87
3712,597,2025-01-28,Home,129.39,0.05,0,122.92,62.11,6.84,53.97
3713,597,2025-01-09,Apparel,40.37,0.05,0,38.35,14.13,5.58,18.64
3714,597,2025-03-02,Electronics,126.53,0.0,0,126.53,91.1,6.9,28.53
3715,597,2025-04-15,Electronics,260.42,0.0,0,260.42,187.51,8.91,64.0
3716,597,2025-04-07,Home,61.82,0.1,0,55.63,29.67,5.83,20.13
3717,597,2025-05-05,Electronics,141.33,0.05,0,134.26,101.76,7.01,25.49
3718,598,2024-11-08,Home,77.2,0.1,0,69.48,37.05,6.04,26.39
3719,598,2024-12-18,Apparel,49.62,0.0,0,49.62,17.37,5.74,26.51
3720,598,2025-03-12,Home,112.52,0.2,0,90.02,54.01,6.35,29.66
3721,598,2025-04-04,Electronics,126.15,0.05,0,119.85,90.83,6.8,22.22
3722,598,2025-04-11,Electronics,104.58,0.0,0,104.58,75.3,6.57,22.71
3723,599,2024-10-23,Apparel,89.29,0.2,1,0.0,0.0,13.07,-13.07
3724,601,2024-10-17,Accessories,66.81,0.1,0,60.13,20.04,5.9,34.19
3725,601,2024-12-13,Electronics,84.48,0.0,0,84.48,60.83,6.27,17.38
3726,601,2024-12-03,Home,67.65,0.2,1,0.0,0.0,12.81,-12.81
3727,601,2025-04-07,Apparel,85.01,0.1,0,76.51,29.75,6.15,40.61
3728,602,2024-07-10,Apparel,64.26,0.2,0,51.41,22.49,5.77,23.15
3729,602,2024-07-24,Accessories,41.7,0.1,0,37.53,12.51,5.56,19.46
3730,602,2024-08-20,Electronics,114.49,0.0,0,114.49,82.43,6.72,25.34
3731,602,2024-08-15,Accessories,79.01,0.05,0,75.06,23.7,6.13,45.23
3732,602,2024-09-25,Electronics,147.97,0.1,0,133.18,106.54,7.0,19.64
3733,602,2024-09-23,Home,125.04,0.0,0,125.04,60.02,6.88,58.14
3734,602,2024-12-16,Electronics,348.5,0.05,0,331.07,250.92,9.97,70.18
3735,602,2024-12-05,Home,114.78,0.1,0,103.3,55.09,6.55,41.66
3736,602,2025-02-14,Electronics,146.44,0.05,0,139.12,105.44,7.09,26.59
3737,602,2025-02-17,Home,45.52,0.05,0,43.24,21.85,5.65,15.74
3738,602,2025-04-18,Accessories,83.58,0.1,0,75.22,25.07,6.13,44.02
3739,602,2025-05-19,Accessories,46.1,0.2,0,36.88,13.83,5.55,17.5
3740,602,2025-05-02,Electronics,325.94,0.0,0,325.94,234.68,9.89,81.37
3741,602,2025-06-23,Accessories,26.81,0.0,0,26.81,8.04,5.4,13.37
3742,603,2024-04-20,Home,143.82,0.1,0,129.44,69.03,6.94,53.47
3743,603,2024-04-24,Home,66.9,0.0,0,66.9,32.11,6.0,28.79
3744,603,2024-05-02,Home,103.13,0.05,0,97.97,49.5,6.47,42.0
3745,603,2024-05-18,Electronics,485.67,0.0,0,485.67,349.68,12.29,123.7
3746,603,2024-06-26,Electronics,297.63,0.05,0,282.75,214.29,9.24,59.22
3747,603,2024-06-28,Accessories,25.4,0.2,0,20.32,7.62,5.3,7.4
3748,603,2024-06-23,Accessories,48.48,0.0,0,48.48,14.54,5.73,28.21
3749,603,2024-08-11,Accessories,53.71,0.0,0,53.71,16.11,5.81,31.79
3750,603,2024-10-16,Electronics,210.54,0.1,0,189.48,151.59,7.84,30.05
3751,603,2024-12-04,Electronics,43.43,0.2,0,34.75,31.27,5.52,-2.04
3752,603,2025-01-20,Accessories,25.4,0.0,0,25.4,7.62,5.38,12.4
3753,603,2025-04-05,Apparel,42.86,0.05,0,40.72,15.0,5.61,20.11
3754,604,2024-01-22,Electronics,234.81,0.1,0,211.33,169.06,8.17,34.1
3755,604,2024-01-11,Electronics,153.61,0.0,0,153.61,110.6,7.3,35.71
3756,604,2024-03-01,Apparel,57.97,0.1,0,52.17,20.29,5.78,26.1
3757,604,2024-06-26,Electronics,139.35,0.0,0,139.35,100.33,7.09,31.93
3758,604,2024-09-16,Electronics,107.35,0.1,0,96.62,77.3,6.45,12.87
3759,604,2024-12-13,Home,75.53,0.1,0,67.98,36.26,6.02,25.7
3760,604,2025-02-02,Accessories,45.52,0.1,0,40.97,13.66,5.61,21.7
3761,604,2025-03-19,Home,182.99,0.05,0,173.84,87.83,7.61,78.4
3762,604,2025-03-21,Apparel,72.74,0.1,1,0.0,0.0,12.98,-12.98
3763,604,2025-04-24,Electronics,335.83,0.0,0,335.83,241.8,10.04,83.99
3764,604,2025-05-17,Home,39.94,0.0,0,39.94,19.17,5.6,15.17
3765,605,2024-02-09,Accessories,42.49,0.05,0,40.37,12.75,5.61,22.01
3766,605,2024-05-28,Apparel,53.61,0.05,0,50.93,18.76,5.76,26.41
3767,605,2024-06-11,Accessories,42.99,0.2,0,34.39,12.9,5.52,15.97
3768,605,2024-06-09,Electronics,280.34,0.05,1,0.0,0.0,15.99,-15.99
3769,605,2024-07-08,Home,70.09,0.1,0,63.08,33.64,5.95,23.49
3770,605,2024-07-08,Accessories,51.16,0.1,0,46.04,15.35,5.69,25.0
3771,605,2024-08-28,Accessories,49.63,0.2,0,39.7,14.89,5.6,19.21
3772,605,2024-10-04,Home,151.22,0.2,1,0.0,0.0,13.81,-13.81
3773,605,2024-10-11,Apparel,38.03,0.0,0,38.03,13.31,5.57,19.15
3774,605,2025-01-16,Electronics,262.44,0.1,0,236.2,188.96,8.54,38.7
3775,605,2025-01-12,Electronics,252.71,0.2,0,202.17,181.95,8.03,12.19
3776,605,2025-03-14,Apparel,138.23,0.05,0,131.31,48.38,6.97,75.96
3777,605,2025-03-08,Apparel,78.37,0.1,0,70.53,27.43,6.06,37.04
3778,605,2025-05-07,Apparel,91.38,0.2,0,73.1,31.98,6.1,35.02
3779,605,2025-06-26,Electronics,188.83,0.05,0,179.39,135.96,7.69,35.74
3780,606,2024-01-12,Accessories,32.96,0.1,0,29.67,9.89,5.45,14.33
3781,606,2024-05-08,Home,90.56,0.05,0,86.03,43.47,6.29,36.27
3782,606,2024-08-13,Home,34.58,0.0,0,34.58,16.6,5.52,12.46
3783,608,2024-10-14,Accessories,87.58,0.0,0,87.58,26.27,6.31,55.0
3784,608,2024-10-20,Apparel,66.33,0.0,0,66.33,23.21,5.99,37.13
3785,608,2024-11-25,Home,110.91,0.05,0,105.37,53.24,6.58,45.55
3786,608,2025-01-07,Electronics,184.96,0.0,0,184.96,133.17,7.77,44.02
3787,609,2024-06-19,Electronics,222.97,0.1,0,200.67,160.54,8.01,32.12
3788,609,2024-08-09,Electronics,253.36,0.0,0,253.36,182.42,8.8,62.14
3789,609,2024-09-07,Apparel,69.82,0.2,0,55.86,24.44,5.84,25.58
3790,609,2024-11-11,Home,164.89,0.1,0,148.4,79.15,7.23,62.02
3791,609,2025-01-21,Electronics,168.68,0.0,0,168.68,121.45,7.53,39.7
3792,609,2025-01-10,Accessories,46.53,0.05,0,44.2,13.96,5.66,24.58
3793,609,2025-03-25,Apparel,97.08,0.05,0,92.22,33.98,6.38,51.86
3794,609,2025-05-26,Apparel,61.33,0.0,0,61.33,21.46,5.92,33.95
3795,610,2024-08-07,Accessories,35.52,0.05,0,33.75,10.66,5.51,17.58
3796,610,2024-09-14,Apparel,58.32,0.0,0,58.32,20.41,5.87,32.04
3797,610,2024-10-23,Apparel,90.33,0.1,1,0.0,0.0,13.22,-13.22
3798,610,2024-11-21,Home,108.85,0.0,0,108.85,52.25,6.63,49.97
3799,610,2024-11-18,Electronics,209.85,0.1,0,188.87,151.09,7.83,29.95
3800,610,2024-12-09,Apparel,53.81,0.0,0,53.81,18.83,5.81,29.17
3801,610,2025-02-16,Accessories,26.44,0.0,0,26.44,7.93,5.4,13.11
3802,610,2025-03-15,Home,122.76,0.0,0,122.76,58.93,6.84,56.99
3803,611,2024-06-12,Electronics,128.66,0.2,0,102.93,92.63,6.54,3.76
3804,612,2024-07-04,Home,152.27,0.0,0,152.27,73.09,7.28,71.9
3805,612,2024-09-09,Apparel,37.6,0.1,1,0.0,0.0,12.51,-12.51
3806,612,2024-09-08,Accessories,79.96,0.2,0,63.97,23.99,5.96,34.02
3807,612,2024-12-01,Home,84.71,0.2,0,67.77,40.66,6.02,21.09
3808,612,2024-12-15,Home,70.9,0.1,0,63.81,34.03,5.96,23.82
3809,612,2025-04-03,Home,78.69,0.2,0,62.95,37.77,5.94,19.24
3810,612,2025-04-02,Electronics,210.77,0.05,1,0.0,0.0,15.0,-15.0
3811,612,2025-06-09,Electronics,179.85,0.1,0,161.87,129.49,7.43,24.95
3812,613,2024-03-16,Home,113.31,0.0,0,113.31,54.39,6.7,52.22
3813,613,2024-03-24,Apparel,68.36,0.0,1,0.0,0.0,13.03,-13.03
3814,613,2024-08-11,Apparel,43.1,0.1,0,38.79,15.08,5.58,18.13
3815,613,2025-02-20,Apparel,64.32,0.2,0,51.46,22.51,5.77,23.18
3816,613,2025-06-12,Apparel,40.92,0.0,1,0.0,0.0,12.61,-12.61
3817,614,2024-09-05,Home,82.05,0.2,0,65.64,39.38,5.98,20.28
3818,614,2024-10-09,Home,92.55,0.1,0,83.29,44.42,6.25,32.62
3819,614,2024-10-22,Electronics,190.73,0.0,0,190.73,137.33,7.86,45.54
3820,614,2025-02-20,Home,100.95,0.2,0,80.76,48.45,6.21,26.1
3821,614,2025-03-23,Accessories,43.48,0.0,0,43.48,13.04,5.65,24.79
3822,614,2025-04-26,Apparel,32.62,0.2,0,26.1,11.42,5.39,9.29
3823,615,2024-01-21,Accessories,27.25,0.1,0,24.53,8.18,5.37,10.98
3824,615,2024-01-14,Home,90.67,0.0,0,90.67,43.52,6.36,40.79
3825,615,2024-01-07,Electronics,202.73,0.1,0,182.46,145.97,7.74,28.75
3826,615,2024-12-11,Accessories,46.72,0.1,0,42.05,14.02,5.63,22.4
3827,615,2025-01-19,Apparel,95.7,0.0,0,95.7,33.49,6.44,55.77
3828,615,2025-01-08,Apparel,44.1,0.0,0,44.1,15.44,5.66,23.0
3829,615,2025-06-05,Home,63.03,0.2,0,50.43,30.26,5.76,14.41
3830,616,2024-10-19,Electronics,238.18,0.0,0,238.18,171.49,8.57,58.12
3831,616,2025-01-28,Electronics,147.05,0.0,0,147.05,105.88,7.21,33.96
3832,617,2024-09-26,Apparel,121.46,0.0,0,121.46,42.51,6.82,72.13
3833,617,2024-10-16,Accessories,44.03,0.1,0,39.63,13.21,5.59,20.83
3834,617,2025-01-20,Home,134.02,0.0,0,134.02,64.33,7.01,62.68
3835,617,2025-01-22,Electronics,249.0,0.0,0,249.0,179.28,8.73,60.99
3836,617,2025-02-12,Accessories,81.55,0.05,0,77.47,24.46,6.16,46.85
3837,617,2025-02-27,Home,92.97,0.0,0,92.97,44.63,6.39,41.95
3838,617,2025-04-08,Apparel,69.74,0.05,0,66.25,24.41,5.99,35.85
3839,617,2025-04-08,Accessories,26.62,0.0,0,26.62,7.99,5.4,13.23
3840,617,2025-04-21,Accessories,25.03,0.0,0,25.03,7.51,5.38,12.14
3841,617,2025-05-27,Apparel,60.01,0.2,0,48.0,21.0,5.72,21.28
3842,617,2025-06-17,Electronics,126.75,0.0,0,126.75,91.26,6.9,28.59
3843,618,2024-08-19,Apparel,88.26,0.05,0,83.85,30.89,6.26,46.7
3844,618,2024-08-11,Electronics,169.12,0.1,0,152.21,121.77,7.28,23.16
3845,618,2024-08-03,Accessories,60.56,0.1,0,54.5,18.17,5.82,30.51
3846,618,2024-12-08,Apparel,46.32,0.2,0,37.05,16.21,5.56,15.28
3847,618,2024-12-27,Electronics,192.6,0.05,0,182.97,138.68,7.74,36.55
3848,618,2025-01-08,Electronics,256.35,0.0,0,256.35,184.57,8.85,62.93
3849,618,2025-02-14,Home,97.34,0.2,0,77.87,46.72,6.17,24.98
3850,619,2024-10-05,Accessories,112.09,0.0,0,112.09,33.63,6.68,71.78
3851,619,2024-10-18,Home,154.85,0.0,1,0.0,0.0,14.32,-14.32
3852,619,2024-12-21,Home,47.26,0.1,0,42.53,22.69,5.64,14.2
3853,619,2024-12-08,Electronics,234.17,0.0,0,234.17,168.6,8.51,57.06
3854,619,2025-02-20,Accessories,41.35,0.05,0,39.28,12.4,5.59,21.29
3855,619,2025-03-10,Accessories,58.49,0.05,0,55.56,17.55,5.83,32.18
3856,619,2025-04-06,Electronics,202.95,0.0,0,202.95,146.12,8.04,48.79
3857,619,2025-04-11,Electronics,303.1,0.1,0,272.79,218.23,9.09,45.47
3858,620,2024-10-02,Home,86.92,0.1,0,78.23,41.72,6.17,30.34
3859,620,2025-01-11,Apparel,92.33,0.1,0,83.09,32.31,6.25,44.53
3860,621,2024-08-08,Electronics,201.2,0.0,0,201.2,144.87,8.02,48.31
3861,621,2024-11-18,Home,73.06,0.1,0,65.75,35.07,5.99,24.69
3862,621,2025-03-24,Accessories,72.45,0.0,0,72.45,21.73,6.09,44.63
3863,621,2025-04-02,Electronics,146.1,0.1,0,131.49,105.19,6.97,19.33
3864,621,2025-05-28,Apparel,56.52,0.0,0,56.52,19.78,5.85,30.89
3865,622,2024-10-28,Apparel,42.71,0.0,0,42.71,14.95,5.64,22.12
3866,622,2025-02-02,Electronics,190.52,0.1,0,171.47,137.18,7.57,26.72
3867,622,2025-04-24,Home,112.41,0.05,0,106.79,53.96,6.6,46.23
3868,623,2024-07-14,Accessories,67.57,0.2,0,54.06,20.27,5.81,27.98
3869,623,2024-10-01,Home,60.43,0.2,0,48.35,29.01,5.73,13.61
3870,623,2025-03-04,Electronics,157.94,0.05,0,150.04,113.72,7.25,29.07
3871,624,2024-02-27,Accessories,68.75,0.05,0,65.31,20.62,5.98,38.71
3872,624,2024-04-11,Accessories,42.03,0.05,0,39.93,12.61,5.6,21.72
3873,624,2024-06-10,Home,147.73,0.05,0,140.34,70.91,7.11,62.32
3874,624,2024-09-25,Accessories,36.14,0.0,0,36.14,10.84,5.54,19.76
3875,624,2024-10-09,Electronics,206.57,0.0,0,206.57,148.73,8.1,49.74
3876,624,2024-11-20,Accessories,50.7,0.0,0,50.7,15.21,5.76,29.73
3877,624,2024-11-15,Apparel,47.84,0.0,0,47.84,16.74,5.72,25.38
3878,624,2024-12-11,Accessories,31.32,0.0,0,31.32,9.4,5.47,16.45
3879,624,2025-01-11,Electronics,160.78,0.1,0,144.71,115.76,7.17,21.78
3880,624,2025-01-18,Home,57.79,0.1,0,52.01,27.74,5.78,18.49
3881,624,2025-03-20,Home,151.5,0.1,0,136.35,72.72,7.05,56.58
3882,624,2025-03-15,Home,71.55,0.1,0,64.4,34.35,5.97,24.08
3883,624,2025-04-18,Electronics,436.36,0.0,0,436.36,314.18,11.55,110.63
3884,625,2024-01-12,Apparel,66.43,0.0,0,66.43,23.25,6.0,37.18
3885,625,2024-01-28,Accessories,82.09,0.05,0,77.98,24.63,6.17,47.18
3886,625,2024-03-07,Accessories,24.64,0.1,0,22.17,7.39,5.33,9.45
3887,625,2024-03-05,Apparel,80.53,0.0,0,80.53,28.18,6.21,46.14
3888,625,2024-08-07,Electronics,193.66,0.05,0,183.98,139.44,7.76,36.78
3889,625,2024-10-07,Accessories,45.31,0.05,0,43.05,13.59,5.65,23.81
3890,625,2024-12-26,Apparel,61.82,0.0,0,61.82,21.64,5.93,34.25
3891,625,2025-06-09,Electronics,257.41,0.1,1,0.0,0.0,15.48,-15.48
3892,626,2024-08-25,Accessories,33.69,0.1,1,0.0,0.0,12.45,-12.45
3893,626,2024-11-22,Accessories,50.07,0.0,0,50.07,15.02,5.75,29.3
3894,626,2024-12-12,Accessories,64.81,0.1,0,58.33,19.44,5.87,33.02
3895,627,2024-01-03,Apparel,62.7,0.1,0,56.43,21.94,5.85,28.64
3896,627,2024-02-12,Electronics,169.61,0.0,0,169.61,122.12,7.54,39.95
3897,627,2024-04-22,Electronics,153.13,0.05,0,145.47,110.25,7.18,28.04
3898,627,2024-04-17,Electronics,183.79,0.0,0,183.79,132.33,7.76,43.7
3899,627,2024-05-10,Electronics,133.56,0.1,1,0.0,0.0,13.8,-13.8
3900,627,2024-06-04,Home,55.52,0.0,0,55.52,26.65,5.83,23.04
3901,627,2024-07-17,Home,71.87,0.05,0,68.28,34.5,6.02,27.76
3902,627,2024-11-18,Home,108.67,0.05,0,103.23,52.16,6.55,44.52
3903,628,2024-08-03,Home,158.38,0.0,0,158.38,76.02,7.38,74.98
3904,628,2024-11-14,Home,31.42,0.1,0,28.28,15.08,5.42,7.78
3905,628,2024-12-23,Accessories,43.27,0.1,0,38.95,12.98,5.58,20.39
3906,628,2025-01-04,Electronics,224.68,0.1,0,202.21,161.77,8.03,32.41
3907,628,2025-03-26,Electronics,118.92,0.05,0,112.98,85.62,6.69,20.67
3908,628,2025-04-02,Apparel,32.18,0.0,0,32.18,11.26,5.48,15.44
3909,628,2025-06-20,Electronics,193.43,0.1,0,174.09,139.27,7.61,27.21
3910,629,2024-02-21,Electronics,189.12,0.05,0,179.67,136.17,7.69,35.81
3911,629,2024-03-09,Accessories,61.38,0.1,0,55.24,18.41,5.83,31.0
3912,629,2024-09-01,Home,143.28,0.1,0,128.96,68.78,6.93,53.25
3913,629,2025-01-03,Accessories,47.76,0.1,0,42.98,14.33,5.64,23.01
3914,630,2024-02-11,Home,103.57,0.0,0,103.57,49.71,6.55,47.31
3915,630,2024-04-26,Accessories,116.66,0.0,0,116.66,35.0,6.75,74.91
3916,630,2024-05-21,Electronics,281.74,0.1,0,253.57,202.86,8.8,41.91
3917,630,2024-06-12,Home,84.01,0.0,0,84.01,40.33,6.26,37.42
3918,630,2024-06-16,Apparel,99.04,0.1,0,89.14,34.67,6.34,48.13
3919,630,2024-08-05,Home,64.1,0.0,0,64.1,30.77,5.96,27.37
3920,630,2024-08-25,Home,105.4,0.0,0,105.4,50.59,6.58,48.23
3921,630,2024-08-21,Accessories,47.16,0.2,0,37.73,14.15,5.57,18.01
3922,630,2024-10-07,Electronics,117.23,0.05,0,111.37,84.41,6.67,20.29
3923,630,2024-10-18,Home,88.59,0.05,0,84.16,42.52,6.26,35.38
3924,630,2024-10-23,Home,163.32,0.0,1,0.0,0.0,14.45,-14.45
3925,630,2025-01-04,Electronics,83.87,0.05,0,79.68,60.39,6.2,13.09
3926,630,2025-02-01,Electronics,207.62,0.1,0,186.86,149.49,7.8,29.57
3927,630,2025-04-16,Home,125.13,0.2,0,100.1,60.06,6.5,33.54
3928,631,2024-04-05,Electronics,208.18,0.0,0,208.18,149.89,8.12,50.17
3929,631,2024-12-25,Accessories,43.35,0.1,0,39.01,13.0,5.59,20.42
3930,631,2024-12-04,Accessories,153.86,0.05,0,146.16,46.16,7.19,92.81
3931,631,2024-12-04,Accessories,71.55,0.0,0,71.55,21.47,6.07,44.01
3932,631,2025-01-06,Electronics,211.65,0.2,0,169.32,152.38,7.54,9.4
3933,631,2025-03-05,Accessories,78.45,0.0,0,78.45,23.53,6.18,48.74
3934,632,2024-08-02,Accessories,32.56,0.0,0,32.56,9.77,5.49,17.3
3935,632,2024-09-07,Home,82.39,0.05,0,78.27,39.55,6.17,32.55
3936,632,2025-01-18,Apparel,46.74,0.1,0,42.07,16.36,5.63,20.08
3937,632,2025-03-05,Apparel,63.22,0.0,0,63.22,22.13,5.95,35.14
3938,633,2024-07-01,Accessories,19.42,0.0,0,19.42,5.83,5.29,8.3
3939,633,2024-08-03,Apparel,46.13,0.1,0,41.51,16.14,5.62,19.75
3940,633,2024-09-26,Home,59.73,0.2,0,47.79,28.67,5.72,13.4
3941,633,2024-10-11,Home,109.61,0.0,0,109.61,52.61,6.64,50.36
3942,633,2024-12-08,Home,52.29,0.0,0,52.29,25.1,5.78,21.41
3943,633,2024-12-27,Electronics,210.44,0.1,0,189.39,151.52,7.84,30.03
3944,633,2025-01-01,Accessories,27.15,0.1,0,24.43,8.14,5.37,10.92
3945,633,2025-01-17,Accessories,80.75,0.2,0,64.6,24.23,5.97,34.4
3946,633,2025-02-08,Home,94.67,0.0,0,94.67,45.44,6.42,42.81
3947,633,2025-05-01,Home,128.06,0.05,0,121.66,61.47,6.82,53.37
3948,634,2024-07-22,Home,255.36,0.0,0,255.36,122.57,8.83,123.96
3949,634,2024-10-21,Apparel,120.06,0.0,0,120.06,42.02,6.8,71.24
3950,634,2024-10-07,Apparel,41.99,0.0,0,41.99,14.7,5.63,21.66
3951,634,2024-11-06,Home,135.17,0.1,0,121.65,64.88,6.82,49.95
3952,634,2024-11-18,Accessories,60.5,0.05,0,57.48,18.15,5.86,33.47
3953,634,2025-01-25,Apparel,93.54,0.2,0,74.83,32.74,6.12,35.97
3954,635,2024-03-11,Accessories,33.53,0.05,0,31.86,10.06,5.48,16.32
3955,635,2024-06-04,Accessories,30.92,0.0,0,30.92,9.28,5.46,16.18
3956,635,2024-06-13,Apparel,91.65,0.05,0,87.06,32.08,6.31,48.67
3957,636,2024-10-21,Home,74.1,0.1,0,66.69,35.57,6.0,25.12
3958,636,2025-01-19,Home,133.76,0.05,0,127.07,64.2,6.91,55.96
3959,636,2025-03-21,Apparel,75.55,0.05,0,71.77,26.44,6.08,39.25
3960,637,2024-04-21,Accessories,22.66,0.1,1,0.0,0.0,12.31,-12.31
3961,637,2024-05-27,Electronics,267.17,0.0,0,267.17,192.36,9.01,65.8
3962,637,2024-07-08,Accessories,33.01,0.1,0,29.71,9.9,5.45,14.36
3963,637,2024-11-21,Apparel,38.56,0.0,0,38.56,13.5,5.58,19.48
3964,637,2024-12-19,Accessories,71.61,0.05,0,68.03,21.48,6.02,40.53
3965,637,2025-03-28,Home,76.62,0.05,0,72.79,36.78,6.09,29.92
3966,637,2025-05-24,Home,65.7,0.0,0,65.7,31.53,5.99,28.18
3967,638,2024-08-03,Apparel,61.91,0.0,1,0.0,0.0,12.93,-12.93
3968,639,2024-04-28,Home,60.73,0.05,0,57.7,29.15,5.87,22.68
3969,639,2024-07-27,Accessories,59.93,0.05,0,56.93,17.98,5.85,33.1
3970,639,2024-08-11,Home,113.27,0.05,0,107.61,54.37,6.61,46.63
3971,639,2024-08-21,Home,96.67,0.0,0,96.67,46.4,6.45,43.82
3972,639,2024-09-27,Accessories,58.76,0.1,1,0.0,0.0,12.79,-12.79
3973,639,2024-10-15,Electronics,245.19,0.1,0,220.67,176.53,8.31,35.83
3974,639,2024-10-21,Home,227.75,0.1,0,204.98,109.32,8.07,87.59
3975,639,2024-11-26,Accessories,46.65,0.2,0,37.32,13.99,5.56,17.77
3976,639,2025-04-14,Home,74.6,0.0,0,74.6,35.81,6.12,32.67
3977,639,2025-05-10,Apparel,35.33,0.0,0,35.33,12.37,5.53,17.43
3978,639,2025-06-03,Electronics,249.71,0.0,0,249.71,179.79,8.75,61.17
3979,640,2024-09-14,Apparel,33.92,0.0,0,33.92,11.87,5.51,16.54
3980,640,2024-10-13,Electronics,174.2,0.1,0,156.78,125.42,7.35,24.01
3981,640,2024-10-07,Apparel,83.2,0.0,0,83.2,29.12,6.25,47.83
3982,640,2025-05-28,Accessories,28.15,0.05,0,26.74,8.45,5.4,12.89
3983,641,2024-07-25,Accessories,47.03,0.0,0,47.03,14.11,5.71,27.21
3984,641,2024-09-09,Apparel,87.0,0.05,0,82.65,30.45,6.24,45.96
3985,641,2024-09-04,Accessories,59.28,0.1,0,53.35,17.78,5.8,29.77
3986,641,2024-11-27,Apparel,95.09,0.1,0,85.58,33.28,6.28,46.02
3987,641,2024-11-21,Electronics,187.07,0.0,0,187.07,134.69,7.81,44.57
3988,641,2025-03-05,Electronics,240.98,0.1,0,216.88,173.51,8.25,35.12
3989,642,2024-05-20,Home,97.66,0.0,0,97.66,46.87,6.46,44.33
3990,642,2024-06-17,Home,80.23,0.05,0,76.22,38.51,6.14,31.57
3991,642,2024-06-25,Electronics,219.17,0.05,0,208.21,157.8,8.12,42.29
3992,642,2024-09-28,Apparel,59.83,0.05,0,56.84,20.94,5.85,30.05
3993,642,2024-09-05,Accessories,42.16,0.1,0,37.94,12.65,5.57,19.72
3994,642,2024-09-13,Electronics,323.17,0.05,0,307.01,232.68,9.61,64.72
3995,642,2024-11-04,Home,136.21,0.0,0,136.21,65.38,7.04,63.79
3996,642,2025-04-06,Apparel,64.56,0.05,0,61.33,22.6,5.92,32.81
3997,642,2025-04-17,Accessories,37.82,0.2,0,30.26,11.35,5.45,13.46
3998,642,2025-04-13,Accessories,32.56,0.0,0,32.56,9.77,5.49,17.3
3999,642,2025-06-10,Apparel,48.97,0.0,0,48.97,17.14,5.73,26.1
4000,643,2024-04-08,Apparel,157.49,0.2,0,125.99,55.12,6.89,63.98
4001,643,2024-04-02,Apparel,40.0,0.05,0,38.0,14.0,5.57,18.43
4002,643,2024-06-23,Accessories,56.91,0.0,0,56.91,17.07,5.85,33.99
4003,643,2024-06-06,Accessories,77.42,0.05,0,73.55,23.23,6.1,44.22
4004,643,2024-06-28,Apparel,61.02,0.2,0,48.82,21.36,5.73,21.73
4005,643,2024-08-16,Electronics,146.51,0.2,0,117.21,105.49,6.76,4.96
4006,643,2024-08-12,Apparel,89.74,0.0,0,89.74,31.41,6.35,51.98
4007,643,2024-09-14,Home,125.13,0.1,0,112.62,60.06,6.69,45.87
4008,643,2024-12-08,Apparel,121.32,0.05,0,115.26,42.46,6.73,66.07
4009,643,2025-01-28,Accessories,69.78,0.0,0,69.78,20.93,6.05,42.8
4010,643,2025-02-27,Electronics,122.39,0.0,0,122.39,88.12,6.84,27.43
4011,643,2025-02-19,Apparel,79.09,0.05,0,75.14,27.68,6.13,41.33
4012,643,2025-04-15,Accessories,54.3,0.05,0,51.58,16.29,5.77,29.52
4013,644,2024-01-22,Home,100.15,0.0,0,100.15,48.07,6.5,45.58
4014,644,2024-01-10,Apparel,76.38,0.1,0,68.74,26.73,6.03,35.98
4015,644,2024-04-06,Accessories,23.7,0.1,0,21.33,7.11,5.32,8.9
4016,644,2024-04-03,Accessories,24.77,0.05,0,23.54,7.43,5.35,10.76
4017,644,2024-05-20,Apparel,53.82,0.05,0,51.13,18.84,5.77,26.52
4018,644,2024-05-01,Electronics,400.95,0.1,0,360.86,288.69,10.41,61.76
4019,644,2024-06-19,Accessories,75.71,0.05,0,71.92,22.71,6.08,43.13
4020,644,2024-06-06,Accessories,48.76,0.2,0,39.01,14.63,5.59,18.79
4021,644,2024-08-27,Accessories,42.78,0.05,0,40.64,12.83,5.61,22.2
4022,644,2024-08-24,Electronics,205.63,0.2,0,164.5,148.05,7.47,8.98
4023,644,2024-09-16,Accessories,34.58,0.05,0,32.85,10.37,5.49,16.99
4024,644,2024-12-01,Electronics,287.41,0.1,0,258.67,206.93,8.88,42.86
4025,644,2025-02-08,Accessories,27.16,0.2,1,0.0,0.0,12.33,-12.33
4026,645,2024-04-12,Home,96.58,0.05,0,91.75,46.36,6.38,39.01
4027,645,2024-05-24,Accessories,27.15,0.0,0,27.15,8.14,5.41,13.6
4028,645,2024-06-04,Apparel,39.3,0.05,1,0.0,0.0,12.56,-12.56
4029,645,2024-07-25,Home,111.75,0.1,1,0.0,0.0,13.51,-13.51
4030,645,2024-08-11,Apparel,48.65,0.0,0,48.65,17.03,5.73,25.89
4031,645,2024-09-06,Apparel,41.49,0.0,0,41.49,14.52,5.62,21.35
4032,645,2024-09-20,Home,92.4,0.05,0,87.78,44.35,6.32,37.11
4033,645,2025-02-17,Apparel,72.88,0.05,0,69.23,25.51,6.04,37.68
4034,645,2025-04-08,Electronics,180.56,0.05,0,171.53,130.0,7.57,33.96
4035,645,2025-04-09,Electronics,171.48,0.0,0,171.48,123.46,7.57,40.45
4036,645,2025-05-07,Apparel,25.97,0.2,1,0.0,0.0,12.31,-12.31
4037,646,2024-02-09,Electronics,250.37,0.0,0,250.37,180.26,8.76,61.35
4038,646,2024-03-02,Home,145.0,0.1,0,130.5,69.6,6.96,53.94
4039,646,2024-03-06,Apparel,62.48,0.0,0,62.48,21.87,5.94,34.67
4040,646,2024-03-18,Electronics,180.32,0.1,1,0.0,0.0,14.43,-14.43
4041,646,2024-03-14,Accessories,58.36,0.0,0,58.36,17.51,5.88,34.97
4042,646,2024-04-04,Accessories,33.9,0.0,0,33.9,10.17,5.51,18.22
4043,646,2024-06-03,Accessories,29.72,0.1,0,26.75,8.92,5.4,12.43
4044,646,2024-07-22,Apparel,60.42,0.0,0,60.42,21.15,5.91,33.36
4045,646,2024-08-02,Home,42.5,0.1,0,38.25,20.4,5.57,12.28
4046,646,2024-08-17,Electronics,158.3,0.2,0,126.64,113.98,6.9,5.76
4047,646,2024-08-07,Electronics,170.97,0.1,0,153.88,123.1,7.31,23.47
4048,646,2024-09-26,Apparel,34.61,0.0,0,34.61,12.11,5.52,16.98
4049,646,2024-09-17,Apparel,54.89,0.0,1,0.0,0.0,12.82,-12.82
4050,646,2025-01-25,Electronics,296.65,0.0,0,296.65,213.59,9.45,73.61
4051,646,2025-03-11,Apparel,57.07,0.05,0,54.21,19.97,5.81,28.43
4052,646,2025-03-09,Apparel,49.46,0.1,1,0.0,0.0,12.67,-12.67
4053,646,2025-06-13,Home,121.37,0.1,0,109.23,58.26,6.64,44.33
4054,647,2024-10-28,Home,49.11,0.05,0,46.65,23.57,5.7,17.38
4055,647,2025-02-15,Electronics,179.9,0.1,0,161.91,129.53,7.43,24.95
4056,647,2025-03-06,Home,94.88,0.2,0,75.9,45.54,6.14,24.22
4057,647,2025-05-20,Electronics,158.19,0.0,1,0.0,0.0,14.37,-14.37
4058,648,2024-09-03,Apparel,68.4,0.0,0,68.4,23.94,6.03,38.43
4059,648,2025-02-06,Electronics,342.13,0.05,0,325.02,246.33,9.88,68.81
4060,648,2025-02-16,Accessories,37.75,0.1,0,33.97,11.32,5.51,17.14
4061,649,2024-04-02,Electronics,279.56,0.2,0,223.65,201.28,8.35,14.02
4062,649,2024-06-11,Electronics,290.61,0.0,0,290.61,209.24,9.36,72.01
4063,649,2024-10-09,Apparel,28.72,0.05,0,27.29,10.05,5.41,11.83
4064,649,2024-10-07,Apparel,22.48,0.1,0,20.23,7.87,5.3,7.06
4065,649,2025-02-05,Accessories,44.96,0.05,0,42.71,13.49,5.64,23.58
4066,649,2025-02-08,Electronics,295.06,0.0,0,295.06,212.45,9.43,73.18
4067,650,2024-06-08,Apparel,55.46,0.0,0,55.46,19.41,5.83,30.22
4068,650,2024-08-01,Accessories,30.07,0.0,0,30.07,9.02,5.45,15.6
4069,650,2024-08-08,Accessories,34.74,0.2,0,27.79,10.42,5.42,11.95
4070,650,2024-09-21,Apparel,108.78,0.0,0,108.78,38.07,6.63,64.08
4071,650,2024-11-08,Home,75.64,0.0,0,75.64,36.31,6.13,33.2
4072,650,2024-11-18,Electronics,281.68,0.05,0,267.59,202.81,9.01,55.77
4073,650,2024-11-13,Accessories,36.0,0.05,0,34.2,10.8,5.51,17.89
4074,651,2024-10-19,Electronics,147.49,0.05,0,140.11,106.19,7.1,26.82
4075,651,2025-05-05,Apparel,50.09,0.05,0,47.59,17.53,5.71,24.35
4076,652,2024-10-06,Accessories,39.67,0.05,0,37.69,11.9,5.57,20.22
4077,652,2025-01-07,Apparel,111.55,0.0,0,111.55,39.04,6.67,65.84
4078,652,2025-06-10,Home,69.36,0.05,0,65.89,33.29,5.99,26.61
4079,653,2024-05-09,Home,116.65,0.2,0,93.32,55.99,6.4,30.93
4080,653,2024-10-18,Electronics,165.28,0.0,0,165.28,119.0,7.48,38.8
4081,653,2024-11-04,Accessories,70.48,0.0,0,70.48,21.14,6.06,43.28
4082,653,2024-11-09,Apparel,54.37,0.05,1,0.0,0.0,12.77,-12.77
4083,654,2024-01-28,Electronics,140.67,0.0,0,140.67,101.28,7.11,32.28
4084,654,2024-08-04,Electronics,142.6,0.1,0,128.34,102.67,6.93,18.74
4085,654,2024-10-21,Electronics,213.91,0.05,0,203.22,154.02,8.05,41.15
4086,655,2024-01-19,Home,67.13,0.2,0,53.7,32.22,5.81,15.67
4087,655,2024-07-17,Electronics,257.82,0.1,0,232.04,185.63,8.48,37.93
4088,655,2024-09-09,Accessories,51.95,0.05,0,49.35,15.58,5.74,28.03
4089,655,2024-09-12,Electronics,140.39,0.1,0,126.35,101.08,6.9,18.37
4090,655,2024-11-01,Electronics,222.15,0.0,0,222.15,159.95,8.33,53.87
4091,655,2024-11-08,Accessories,55.09,0.05,0,52.33,16.53,5.78,30.02
4092,655,2024-12-05,Accessories,61.41,0.1,0,55.27,18.42,5.83,31.02
4093,655,2025-02-14,Apparel,68.9,0.05,0,65.46,24.12,5.98,35.36
4094,655,2025-02-12,Apparel,61.69,0.0,0,61.69,21.59,5.93,34.17
4095,656,2024-07-22,Electronics,203.6,0.05,0,193.42,146.6,7.9,38.92
4096,656,2024-08-14,Apparel,118.13,0.05,0,112.22,41.35,6.68,64.19
4097,656,2024-09-19,Electronics,358.81,0.2,0,287.05,258.35,9.31,19.39
4098,656,2024-10-16,Home,72.73,0.05,0,69.09,34.91,6.04,28.14
4099,656,2024-11-17,Apparel,60.77,0.05,0,57.73,21.27,5.87,30.59
4100,656,2024-12-13,Accessories,50.91,0.2,0,40.73,15.27,5.61,19.85
4101,656,2025-01-09,Electronics,224.14,0.0,0,224.14,161.38,8.36,54.4
4102,656,2025-02-16,Electronics,267.18,0.1,0,240.46,192.37,8.61,39.48
4103,656,2025-03-21,Apparel,77.75,0.1,0,69.98,27.21,6.05,36.72
4104,656,2025-03-02,Electronics,260.67,0.05,0,247.64,187.68,8.71,51.25
4105,657,2024-09-26,Apparel,31.13,0.05,0,29.57,10.89,5.44,13.24
4106,657,2024-09-15,Home,88.01,0.1,0,79.21,42.24,6.19,30.78
4107,657,2024-11-22,Home,101.92,0.1,0,91.72,48.92,6.38,36.42
4108,657,2025-03-19,Home,65.91,0.0,0,65.91,31.64,5.99,28.28
4109,658,2024-02-21,Apparel,40.86,0.0,0,40.86,14.3,5.61,20.95
4110,658,2024-02-17,Home,86.82,0.0,0,86.82,41.67,6.3,38.85
4111,658,2024-03-11,Apparel,57.98,0.0,0,57.98,20.29,5.87,31.82
4112,658,2024-03-03,Electronics,189.06,0.05,0,179.61,136.13,7.69,35.79
4113,658,2024-09-10,Accessories,49.33,0.0,0,49.33,14.8,5.74,28.79
4114,658,2024-11-23,Apparel,54.91,0.0,1,0.0,0.0,12.82,-12.82
4115,658,2025-03-12,Accessories,28.39,0.2,0,22.72,8.52,5.34,8.86
4116,658,2025-06-21,Apparel,89.99,0.05,0,85.49,31.5,6.28,47.71
4117,659,2024-05-28,Accessories,37.66,0.05,0,35.78,11.3,5.54,18.94
4118,659,2024-06-10,Accessories,72.34,0.0,0,72.34,21.7,6.09,44.55
4119,659,2024-06-16,Electronics,158.78,0.0,0,158.78,114.32,7.38,37.08
4120,659,2024-07-16,Accessories,53.69,0.05,0,51.0,16.11,5.77,29.12
4121,659,2024-08-04,Home,131.7,0.05,0,125.12,63.22,6.88,55.02
4122,659,2024-08-26,Electronics,135.02,0.05,0,128.27,97.21,6.92,24.14
4123,659,2024-08-25,Electronics,449.04,0.2,0,359.23,323.31,10.39,25.53
4124,659,2024-08-25,Apparel,35.52,0.0,0,35.52,12.43,5.53,17.56
4125,659,2024-10-02,Home,72.45,0.05,0,68.83,34.78,6.03,28.02
4126,659,2024-10-28,Accessories,46.61,0.1,0,41.95,13.98,5.63,22.34
4127,659,2024-11-27,Home,146.75,0.05,0,139.41,70.44,7.09,61.88
4128,659,2024-12-25,Accessories,83.03,0.0,1,0.0,0.0,13.25,-13.25
4129,659,2025-02-14,Apparel,79.5,0.0,0,79.5,27.83,6.19,45.48
4130,659,2025-03-07,Electronics,345.04,0.1,0,310.53,248.43,9.66,52.44
4131,659,2025-05-25,Apparel,70.01,0.05,0,66.51,24.5,6.0,36.01
4132,659,2025-06-01,Accessories,46.5,0.1,0,41.85,13.95,5.63,22.27
4133,659,2025-06-03,Electronics,177.45,0.05,0,168.58,127.76,7.53,33.29
4134,660,2024-08-11,Accessories,58.77,0.1,0,52.9,17.63,5.79,29.48
4135,660,2025-01-11,Home,90.6,0.0,0,90.6,43.49,6.36,40.75
4136,660,2025-02-26,Apparel,62.5,0.2,1,0.0,0.0,12.75,-12.75
4137,660,2025-03-12,Electronics,190.88,0.05,1,0.0,0.0,14.72,-14.72
4138,660,2025-03-21,Home,129.8,0.0,0,129.8,62.3,6.95,60.55
4139,661,2024-01-27,Home,149.2,0.1,0,134.28,71.61,7.01,55.66
4140,661,2024-09-25,Electronics,201.56,0.05,0,191.49,145.13,7.87,38.49
4141,661,2024-09-26,Home,92.44,0.05,0,87.82,44.37,6.32,37.13
4142,661,2024-12-20,Apparel,107.79,0.1,0,97.01,37.73,6.46,52.82
4143,662,2024-04-23,Accessories,82.37,0.05,0,78.25,24.71,6.17,47.37
4144,662,2024-05-15,Apparel,87.68,0.1,0,78.91,30.69,6.18,42.04
4145,662,2024-05-21,Home,181.16,0.1,0,163.05,86.96,7.45,68.64
4146,662,2024-05-20,Home,137.1,0.2,0,109.68,65.81,6.65,37.22
4147,662,2024-08-03,Accessories,86.26,0.05,1,0.0,0.0,13.23,-13.23
4148,662,2024-09-25,Electronics,122.15,0.05,0,116.04,87.95,6.74,21.35
4149,662,2024-10-01,Apparel,76.73,0.2,0,61.39,26.86,5.92,28.61
4150,662,2024-10-21,Apparel,35.36,0.0,0,35.36,12.38,5.53,17.45
4151,662,2024-12-21,Electronics,241.47,0.1,1,0.0,0.0,15.26,-15.26
4152,663,2024-01-25,Accessories,32.98,0.0,0,32.98,9.89,5.49,17.6
4153,663,2024-02-22,Apparel,43.43,0.0,0,43.43,15.2,5.65,22.58
4154,663,2024-03-06,Apparel,39.2,0.05,0,37.24,13.72,5.56,17.96
4155,663,2024-07-12,Home,39.6,0.1,1,0.0,0.0,12.53,-12.53
4156,663,2024-08-03,Electronics,108.55,0.2,0,86.84,78.15,6.3,2.39
4157,663,2024-10-03,Accessories,26.19,0.0,0,26.19,7.86,5.39,12.94
4158,663,2024-10-20,Home,98.11,0.0,0,98.11,47.09,6.47,44.55
4159,663,2025-01-15,Home,94.33,0.0,0,94.33,45.28,6.41,42.64
4160,663,2025-01-02,Apparel,33.36,0.0,0,33.36,11.68,5.5,16.18
4161,663,2025-05-06,Electronics,138.98,0.05,0,132.03,100.06,6.98,24.99
4162,663,2025-05-28,Electronics,660.13,0.2,0,528.1,475.29,12.92,39.89
4163,663,2025-06-24,Accessories,51.67,0.0,0,51.67,15.5,5.78,30.39
4164,664,2024-12-21,Apparel,61.33,0.05,0,58.27,21.47,5.87,30.93
4165,664,2025-01-21,Home,87.4,0.0,0,87.4,41.95,6.31,39.14
4166,664,2025-02-01,Electronics,139.22,0.1,0,125.3,100.24,6.88,18.18
4167,664,2025-02-25,Home,104.04,0.1,0,93.63,49.94,6.4,37.29
4168,664,2025-02-01,Electronics,132.81,0.0,0,132.81,95.62,6.99,30.2
4169,664,2025-03-01,Apparel,44.8,0.05,0,42.56,15.68,5.64,21.24
4170,664,2025-03-21,Electronics,325.11,0.1,0,292.59,234.08,9.39,49.12
4171,664,2025-04-18,Electronics,141.99,0.05,0,134.89,102.23,7.02,25.64
4172,664,2025-05-17,Electronics,284.92,0.05,0,270.67,205.14,9.06,56.47
4173,665,2024-07-23,Home,95.55,0.1,0,85.99,45.86,6.29,33.84
4174,665,2024-08-13,Electronics,480.73,0.2,0,384.58,346.12,10.77,27.69
4175,665,2024-09-15,Apparel,38.35,0.05,0,36.43,13.42,5.55,17.46
4176,665,2024-09-03,Electronics,154.2,0.2,0,123.36,111.02,6.85,5.49
4177,665,2024-10-14,Apparel,41.03,0.05,0,38.97,14.36,5.58,19.03
4178,665,2024-11-11,Accessories,40.02,0.05,0,38.02,12.0,5.57,20.45
4179,665,2024-12-23,Accessories,57.57,0.0,0,57.57,17.27,5.86,34.44
4180,665,2025-02-16,Home,43.56,0.0,0,43.56,20.91,5.65,17.0
4181,665,2025-02-22,Apparel,62.08,0.2,1,0.0,0.0,12.74,-12.74
4182,665,2025-03-10,Accessories,36.36,0.05,0,34.54,10.91,5.52,18.11
4183,665,2025-03-10,Apparel,66.64,0.0,0,66.64,23.32,6.0,37.32
4184,665,2025-04-08,Accessories,28.23,0.2,0,22.58,8.47,5.34,8.77
4185,665,2025-04-10,Electronics,313.42,0.1,0,282.08,225.66,9.23,47.19
4186,665,2025-05-28,Apparel,55.44,0.1,0,49.9,19.4,5.75,24.75
4187,665,2025-06-12,Home,86.5,0.2,0,69.2,41.52,6.04,21.64
4188,666,2024-02-07,Apparel,61.23,0.1,1,0.0,0.0,12.83,-12.83
4189,666,2024-02-21,Home,71.42,0.0,0,71.42,34.28,6.07,31.07
4190,666,2024-03-06,Apparel,45.1,0.0,0,45.1,15.78,5.68,23.64
4191,666,2024-06-13,Home,57.48,0.0,0,57.48,27.59,5.86,24.03
4192,666,2024-07-22,Home,116.01,0.2,0,92.81,55.68,6.39,30.74
4193,666,2024-08-17,Electronics,221.64,0.05,0,210.56,159.58,8.16,42.82
4194,666,2024-12-17,Home,127.26,0.0,0,127.26,61.09,6.91,59.26
4195,666,2025-02-01,Accessories,54.33,0.05,0,51.61,16.3,5.77,29.54
4196,667,2024-06-19,Home,103.44,0.2,0,82.75,49.65,6.24,26.86
4197,667,2024-09-12,Electronics,161.29,0.05,0,153.22,116.13,7.3,29.79
4198,667,2024-10-27,Accessories,121.15,0.1,0,109.03,36.34,6.64,66.05
4199,667,2024-10-21,Accessories,20.23,0.0,0,20.23,6.07,5.3,8.86
4200,667,2024-11-01,Apparel,48.78,0.0,0,48.78,17.07,5.73,25.98
4201,667,2024-12-10,Apparel,26.84,0.05,0,25.5,9.39,5.38,10.73
4202,667,2025-03-08,Home,87.64,0.05,0,83.26,42.07,6.25,34.94
4203,667,2025-04-22,Apparel,29.08,0.2,0,23.26,10.18,5.35,7.73
4204,668,2024-09-02,Electronics,294.63,0.1,0,265.17,212.13,8.98,44.06
4205,669,2024-09-15,Accessories,24.25,0.0,0,24.25,7.27,5.36,11.62
4206,669,2024-09-21,Electronics,248.31,0.1,0,223.48,178.78,8.35,36.35
4207,669,2024-11-14,Electronics,218.71,0.05,0,207.77,157.47,8.12,42.18
4208,669,2025-01-18,Home,141.14,0.0,0,141.14,67.75,7.12,66.27
4209,669,2025-03-18,Accessories,17.77,0.05,0,16.88,5.33,5.25,6.3
4210,669,2025-05-15,Home,142.86,0.0,0,142.86,68.57,7.14,67.15
4211,669,2025-06-22,Electronics,115.8,0.2,0,92.64,83.38,6.39,2.87
4212,669,2025-06-20,Accessories,65.95,0.05,0,62.66,19.79,5.94,36.93
4213,669,2025-06-05,Accessories,39.7,0.1,0,35.73,11.91,5.54,18.28
4214,670,2024-01-16,Home,103.77,0.2,1,0.0,0.0,13.25,-13.25
4215,670,2024-01-02,Accessories,45.04,0.0,0,45.04,13.51,5.68,25.85
4216,670,2024-03-22,Apparel,45.73,0.0,0,45.73,16.01,5.69,24.03
4217,670,2024-03-15,Accessories,58.45,0.05,0,55.53,17.54,5.83,32.16
4218,670,2024-06-25,Electronics,303.48,0.2,0,242.79,218.51,8.64,15.64
4219,670,2024-06-08,Home,97.1,0.1,0,87.39,46.61,6.31,34.47
4220,670,2024-12-26,Apparel,54.6,0.0,1,0.0,0.0,12.82,-12.82
4221,670,2024-12-19,Electronics,107.04,0.1,0,96.34,77.07,6.45,12.82
4222,670,2025-02-06,Home,158.64,0.0,0,158.64,76.15,7.38,75.11
4223,670,2025-04-03,Electronics,465.41,0.05,0,442.14,335.09,11.63,95.42
4224,670,2025-04-15,Home,132.51,0.05,0,125.88,63.6,6.89,55.39
4225,671,2024-07-22,Electronics,213.77,0.0,0,213.77,153.91,8.21,51.65
4226,672,2024-07-09,Apparel,46.4,0.2,0,37.12,16.24,5.56,15.32
4227,672,2024-09-15,Electronics,239.71,0.0,0,239.71,172.59,8.6,58.52
4228,672,2024-09-24,Home,76.6,0.05,0,72.77,36.77,6.09,29.91
4229,672,2024-11-24,Electronics,175.99,0.05,0,167.19,126.72,7.51,32.96
4230,672,2025-01-19,Electronics,234.05,0.1,0,210.65,168.52,8.16,33.97
4231,672,2025-01-16,Electronics,272.86,0.1,0,245.57,196.46,8.68,40.43
4232,672,2025-05-20,Electronics,173.64,0.2,0,138.91,125.02,7.08,6.81
4233,673,2024-04-19,Accessories,63.15,0.0,0,63.15,18.95,5.95,38.25
4234,673,2024-04-12,Apparel,50.55,0.1,0,45.49,17.69,5.68,22.12
4235,673,2024-07-23,Apparel,102.61,0.1,0,92.35,35.92,6.39,50.04
4236,673,2025-01-28,Home,199.61,0.0,0,199.61,95.81,7.99,95.81
4237,673,2025-01-07,Home,128.1,0.0,0,128.1,61.49,6.92,59.69
4238,674,2024-09-23,Accessories,47.29,0.05,0,44.92,14.19,5.67,25.06
4239,674,2024-09-03,Accessories,63.63,0.1,0,57.27,19.09,5.86,32.32
4240,674,2024-10-13,Electronics,185.33,0.1,0,166.8,133.44,7.5,25.86
4241,674,2024-10-19,Home,50.56,0.0,0,50.56,24.27,5.76,20.53
4242,674,2024-12-24,Accessories,35.56,0.0,0,35.56,10.67,5.53,19.36
4243,674,2024-12-06,Home,40.0,0.1,0,36.0,19.2,5.54,11.26
4244,674,2025-03-23,Electronics,182.23,0.0,0,182.23,131.2,7.73,43.3
4245,674,2025-03-03,Apparel,111.53,0.1,1,0.0,0.0,13.51,-13.51
4246,674,2025-05-16,Electronics,170.37,0.0,0,170.37,122.67,7.56,40.14
4247,674,2025-06-10,Home,77.03,0.0,0,77.03,36.97,6.16,33.9
4248,675,2024-02-04,Home,128.87,0.2,1,0.0,0.0,13.55,-13.55
4249,675,2024-05-19,Apparel,97.5,0.0,0,97.5,34.13,6.46,56.91
4250,675,2024-05-17,Apparel,128.56,0.05,1,0.0,0.0,13.83,-13.83
4251,675,2024-08-24,Electronics,207.41,0.2,0,165.93,149.34,7.49,9.1
4252,675,2024-08-14,Electronics,248.53,0.05,0,236.1,178.94,8.54,48.62
4253,675,2024-09-05,Home,63.61,0.2,0,50.89,30.53,5.76,14.6
4254,675,2024-10-02,Accessories,51.21,0.1,0,46.09,15.36,5.69,25.04
4255,675,2024-12-05,Electronics,192.52,0.05,0,182.89,138.62,7.74,36.53
4256,675,2024-12-26,Home,61.46,0.0,0,61.46,29.5,5.92,26.04
4257,675,2025-01-07,Electronics,321.57,0.05,0,305.49,231.53,9.58,64.38
4258,675,2025-04-11,Electronics,151.84,0.0,0,151.84,109.33,7.28,35.23
4259,675,2025-04-06,Accessories,63.52,0.2,0,50.81,19.05,5.76,26.0
4260,676,2024-11-19,Accessories,53.59,0.05,0,50.91,16.08,5.76,29.07
4261,676,2025-01-01,Apparel,92.28,0.1,0,83.05,32.3,6.25,44.5
4262,676,2025-01-21,Electronics,254.39,0.2,0,203.51,183.16,8.05,12.3
4263,676,2025-05-03,Apparel,63.51,0.0,1,0.0,0.0,12.95,-12.95
4264,677,2024-10-08,Home,80.43,0.1,0,72.39,38.61,6.09,27.69
4265,677,2025-04-12,Electronics,213.8,0.1,0,192.42,153.93,7.89,30.6
4266,678,2025-04-14,Accessories,33.49,0.1,1,0.0,0.0,12.45,-12.45
4267,679,2024-09-23,Accessories,136.43,0.05,0,129.61,40.93,6.94,81.74
4268,679,2024-09-03,Apparel,59.56,0.0,0,59.56,20.85,5.89,32.82
4269,679,2024-09-20,Accessories,28.5,0.05,0,27.08,8.55,5.41,13.12
4270,679,2024-12-26,Apparel,67.69,0.05,0,64.3,23.69,5.96,34.65
4271,679,2024-12-26,Apparel,118.31,0.0,0,118.31,41.41,6.77,70.13
4272,680,2024-10-21,Apparel,63.98,0.0,0,63.98,22.39,5.96,35.63
4273,680,2024-10-08,Electronics,278.84,0.2,0,223.07,200.77,8.35,13.95
4274,680,2024-11-13,Apparel,59.9,0.05,1,0.0,0.0,12.85,-12.85
4275,680,2025-01-14,Apparel,37.43,0.2,0,29.94,13.1,5.45,11.39
4276,680,2025-01-02,Home,85.03,0.1,0,76.53,40.81,6.15,29.57
4277,680,2025-01-15,Accessories,53.84,0.1,0,48.46,16.15,5.73,26.58
4278,680,2025-04-05,Accessories,80.11,0.0,0,80.11,24.03,6.2,49.88
4279,680,2025-04-26,Accessories,56.2,0.05,0,53.39,16.86,5.8,30.73
4280,680,2025-04-19,Home,72.46,0.05,1,0.0,0.0,13.03,-13.03
4281,681,2024-04-14,Accessories,44.94,0.05,0,42.69,13.48,5.64,23.57
4282,681,2024-04-14,Home,88.61,0.0,0,88.61,42.53,6.33,39.75
4283,681,2024-12-08,Accessories,39.27,0.1,0,35.34,11.78,5.53,18.03
4284,681,2024-12-09,Electronics,316.05,0.05,1,0.0,0.0,16.5,-16.5
4285,682,2024-07-14,Electronics,223.66,0.1,0,201.3,161.04,8.02,32.24
4286,682,2024-08-10,Electronics,309.03,0.0,0,309.03,222.5,9.64,76.89
4287,682,2024-08-02,Apparel,48.85,0.05,0,46.41,17.1,5.7,23.61
4288,682,2024-11-01,Apparel,55.39,0.05,1,0.0,0.0,12.79,-12.79
4289,682,2024-12-01,Apparel,63.33,0.2,0,50.67,22.17,5.76,22.74
4290,682,2025-01-08,Electronics,117.18,0.0,0,117.18,84.37,6.76,26.05
4291,682,2025-01-23,Accessories,57.83,0.2,0,46.26,17.35,5.69,23.22
4292,682,2025-02-07,Apparel,43.29,0.0,0,43.29,15.15,5.65,22.49
4293,682,2025-05-12,Apparel,82.79,0.2,0,66.23,28.98,5.99,31.26
4294,683,2024-02-27,Electronics,398.66,0.0,0,398.66,287.04,10.98,100.64
4295,683,2024-06-05,Electronics,260.1,0.1,0,234.09,187.27,8.51,38.31
4296,683,2024-08-10,Home,92.34,0.0,0,92.34,44.32,6.39,41.63
4297,683,2024-08-13,Accessories,60.05,0.05,0,57.05,18.02,5.86,33.17
4298,684,2024-02-25,Accessories,41.43,0.1,1,0.0,0.0,12.56,-12.56
4299,684,2024-02-10,Accessories,23.94,0.05,0,22.74,7.18,5.34,10.22
4300,684,2024-03-04,Electronics,91.03,0.0,0,91.03,65.54,6.37,19.12
4301,684,2024-04-20,Home,134.74,0.1,0,121.26,64.67,6.82,49.77
4302,684,2024-05-13,Accessories,80.91,0.1,0,72.81,24.27,6.09,42.45
4303,684,2024-06-15,Apparel,118.04,0.05,1,0.0,0.0,13.68,-13.68
4304,684,2024-06-06,Electronics,138.22,0.1,0,124.4,99.52,6.87,18.01
4305,684,2024-07-02,Home,69.22,0.05,0,65.76,33.23,5.99,26.54
4306,684,2024-09-05,Accessories,32.6,0.05,0,30.97,9.78,5.46,15.73
4307,684,2024-09-25,Apparel,47.85,0.05,0,45.46,16.75,5.68,23.03
4308,684,2024-10-09,Apparel,199.68,0.0,0,199.68,69.89,8.0,121.79
4309,684,2025-01-24,Apparel,59.24,0.05,0,56.27,20.73,5.84,29.7
4310,684,2025-01-19,Home,59.19,0.2,0,47.35,28.41,5.71,13.23
4311,684,2025-02-18,Apparel,45.56,0.1,0,41.0,15.94,5.62,19.44
4312,684,2025-04-07,Apparel,76.03,0.0,0,76.03,26.61,6.14,43.28
4313,684,2025-06-13,Electronics,258.31,0.0,0,258.31,185.98,8.87,63.46
4314,685,2024-04-10,Home,76.3,0.1,0,68.67,36.63,6.03,26.01
4315,685,2024-06-26,Home,212.51,0.05,0,201.89,102.01,8.03,91.85
4316,685,2024-07-05,Accessories,41.05,0.1,0,36.94,12.31,5.55,19.08
4317,685,2024-08-12,Accessories,46.86,0.1,0,42.18,14.06,5.63,22.49
4318,685,2024-09-18,Home,148.1,0.1,0,133.29,71.09,7.0,55.2
4319,685,2024-09-09,Accessories,38.26,0.05,0,36.35,11.48,5.55,19.32
4320,685,2024-10-21,Apparel,44.94,0.05,0,42.7,15.73,5.64,21.33
4321,685,2024-10-05,Accessories,38.08,0.0,0,38.08,11.43,5.57,21.08
4322,685,2024-11-25,Home,48.55,0.05,0,46.13,23.31,5.69,17.13
4323,685,2024-12-22,Electronics,262.72,0.05,0,249.58,189.16,8.74,51.68
4324,685,2025-03-27,Home,55.64,0.05,0,52.85,26.7,5.79,20.36
4325,685,2025-03-25,Electronics,87.2,0.2,0,69.76,62.79,6.05,0.92
4326,685,2025-06-07,Home,100.99,0.1,0,90.89,48.47,6.36,36.06
4327,686,2024-05-19,Electronics,216.9,0.05,0,206.05,156.17,8.09,41.79
4328,686,2024-06-07,Accessories,52.5,0.05,0,49.88,15.75,5.75,28.38
4329,686,2024-06-16,Apparel,89.36,0.0,1,0.0,0.0,13.34,-13.34
4330,686,2024-07-12,Apparel,84.06,0.05,0,79.85,29.42,6.2,44.23
4331,686,2024-07-19,Electronics,178.89,0.0,0,178.89,128.8,7.68,42.41
4332,686,2024-07-08,Electronics,284.44,0.2,0,227.55,204.8,8.41,14.34
4333,686,2024-09-10,Electronics,155.86,0.1,0,140.27,112.22,7.1,20.95
4334,686,2024-10-21,Apparel,41.61,0.2,0,33.29,14.56,5.5,13.23
4335,686,2024-10-05,Apparel,36.49,0.05,1,0.0,0.0,12.52,-12.52
4336,686,2024-11-04,Accessories,40.8,0.0,0,40.8,12.24,5.61,22.95
4337,686,2024-11-20,Accessories,45.37,0.0,0,45.37,13.61,5.68,26.08
4338,686,2025-03-24,Electronics,256.59,0.05,0,243.76,184.74,8.66,50.36
4339,686,2025-04-14,Electronics,235.16,0.05,0,223.4,169.31,8.35,45.74
4340,687,2024-06-15,Electronics,130.8,0.0,0,130.8,94.18,6.96,29.66
4341,687,2024-07-17,Accessories,30.38,0.1,0,27.34,9.11,5.41,12.82
4342,687,2024-08-23,Electronics,141.16,0.2,0,112.93,101.63,6.69,4.61
4343,687,2024-08-02,Electronics,178.47,0.1,0,160.63,128.5,7.41,24.72
4344,687,2024-09-12,Accessories,35.56,0.0,0,35.56,10.67,5.53,19.36
4345,687,2024-09-14,Electronics,140.17,0.05,1,0.0,0.0,14.0,-14.0
4346,687,2024-10-11,Accessories,41.17,0.2,0,32.94,12.35,5.49,15.1
4347,687,2025-01-22,Accessories,68.59,0.2,0,54.87,20.58,5.82,28.47
4348,688,2024-07-09,Accessories,60.27,0.2,0,48.21,18.08,5.72,24.41
4349,688,2024-11-04,Apparel,39.52,0.0,0,39.52,13.83,5.59,20.1
4350,688,2024-12-01,Home,119.05,0.1,0,107.15,57.15,6.61,43.39
4351,688,2024-12-16,Electronics,345.14,0.0,0,345.14,248.5,10.18,86.46
4352,688,2024-12-06,Electronics,127.03,0.1,0,114.33,91.46,6.71,16.16
4353,688,2025-02-22,Electronics,101.8,0.0,1,0.0,0.0,13.53,-13.53
4354,688,2025-04-03,Home,86.87,0.1,0,78.18,41.7,6.17,30.31
4355,688,2025-05-16,Electronics,102.85,0.05,0,97.71,74.05,6.47,17.19
4356,688,2025-06-20,Apparel,64.3,0.0,0,64.3,22.5,5.96,35.84
4357,688,2025-06-07,Home,173.17,0.05,0,164.52,83.12,7.47,73.93
4358,689,2024-04-09,Electronics,142.84,0.1,0,128.55,102.84,6.93,18.78
4359,690,2024-02-04,Home,156.34,0.1,1,0.0,0.0,14.11,-14.11
4360,690,2024-06-22,Electronics,136.33,0.0,0,136.33,98.16,7.04,31.13
4361,690,2024-07-13,Apparel,71.36,0.0,0,71.36,24.98,6.07,40.31
4362,690,2024-09-19,Electronics,319.78,0.1,0,287.8,230.24,9.32,48.24
4363,690,2024-10-17,Apparel,79.06,0.1,0,71.15,27.67,6.07,37.41
4364,690,2024-12-05,Electronics,98.66,0.1,0,88.8,71.04,6.33,11.43
4365,690,2025-04-10,Accessories,47.12,0.0,0,47.12,14.13,5.71,27.28
4366,690,2025-04-16,Electronics,205.43,0.05,1,0.0,0.0,14.93,-14.93
4367,690,2025-05-03,Accessories,38.1,0.0,0,38.1,11.43,5.57,21.1
4368,690,2025-05-28,Electronics,270.2,0.0,0,270.2,194.55,9.05,66.6
4369,690,2025-06-12,Electronics,195.79,0.05,0,186.0,140.97,7.79,37.24
4370,690,2025-06-23,Electronics,221.28,0.0,0,221.28,159.32,8.32,53.64
4371,691,2024-12-19,Apparel,40.62,0.0,0,40.62,14.22,5.61,20.79
4372,691,2025-01-26,Home,133.34,0.0,0,133.34,64.0,7.0,62.34
4373,691,2025-01-22,Electronics,242.47,0.05,0,230.34,174.58,8.46,47.3
4374,691,2025-03-26,Electronics,233.91,0.0,0,233.91,168.41,8.51,56.99
4375,691,2025-05-19,Accessories,39.12,0.0,0,39.12,11.74,5.59,21.79
4376,691,2025-06-28,Apparel,46.76,0.05,0,44.42,16.37,5.67,22.38
4377,691,2025-06-16,Home,93.23,0.2,0,74.58,44.75,6.12,23.71
4378,691,2025-06-22,Electronics,200.99,0.1,0,180.89,144.71,7.71,28.47
4379,692,2024-07-21,Apparel,93.03,0.05,0,88.38,32.56,6.33,49.49
4380,692,2024-08-14,Apparel,66.87,0.0,1,0.0,0.0,13.0,-13.0
4381,692,2024-12-21,Electronics,237.38,0.1,0,213.64,170.92,8.2,34.52
4382,692,2025-04-18,Home,67.3,0.1,0,60.57,32.3,5.91,22.36
4383,692,2025-04-03,Electronics,230.12,0.05,0,218.61,165.68,8.28,44.65
4384,692,2025-04-24,Electronics,248.14,0.1,0,223.32,178.66,8.35,36.31
4385,693,2024-07-18,Accessories,42.4,0.2,1,0.0,0.0,12.51,-12.51
4386,693,2024-09-10,Electronics,315.12,0.1,0,283.61,226.88,9.25,47.48
4387,693,2024-10-23,Home,168.47,0.0,1,0.0,0.0,14.53,-14.53
4388,693,2024-11-10,Home,107.1,0.0,0,107.1,51.41,6.61,49.08
4389,693,2025-01-17,Apparel,29.7,0.0,0,29.7,10.39,5.45,13.86
4390,693,2025-02-18,Accessories,52.02,0.1,0,46.82,15.61,5.7,25.51
4391,693,2025-05-23,Apparel,82.04,0.2,1,0.0,0.0,12.98,-12.98
4392,693,2025-05-21,Apparel,85.84,0.1,0,77.26,30.04,6.16,41.06
4393,694,2024-06-06,Home,118.49,0.2,1,0.0,0.0,13.42,-13.42
4394,695,2024-10-28,Home,72.72,0.0,0,72.72,34.91,6.09,31.72
4395,695,2025-02-27,Home,103.49,0.05,0,98.32,49.68,6.47,42.17
4396,696,2024-08-01,Home,157.21,0.0,0,157.21,75.46,7.36,74.39
4397,696,2024-08-09,Apparel,183.82,0.2,1,0.0,0.0,14.21,-14.21
4398,696,2024-10-02,Apparel,66.5,0.0,0,66.5,23.28,6.0,37.22
4399,696,2024-10-07,Electronics,80.88,0.0,0,80.88,58.23,6.21,16.44
4400,696,2024-11-14,Electronics,131.8,0.05,0,125.21,94.9,6.88,23.43
4401,696,2024-11-10,Apparel,51.52,0.2,0,41.22,18.03,5.62,17.57
4402,696,2024-12-16,Accessories,40.64,0.1,0,36.57,12.19,5.55,18.83
4403,696,2024-12-18,Apparel,37.86,0.05,0,35.97,13.25,5.54,17.18
4404,696,2025-02-25,Apparel,105.27,0.0,0,105.27,36.84,6.58,61.85
4405,696,2025-04-25,Accessories,36.66,0.0,0,36.66,11.0,5.55,20.11
4406,696,2025-05-27,Accessories,88.87,0.0,0,88.87,26.66,6.33,55.88
4407,697,2024-07-05,Apparel,76.15,0.0,1,0.0,0.0,13.14,-13.14
4408,697,2024-08-09,Electronics,145.03,0.0,0,145.03,104.42,7.18,33.43
4409,697,2024-08-24,Home,100.85,0.0,0,100.85,48.41,6.51,45.93
4410,697,2024-09-08,Apparel,58.79,0.0,1,0.0,0.0,12.88,-12.88
4411,697,2024-11-09,Electronics,128.76,0.0,0,128.76,92.7,6.93,29.13
4412,697,2024-12-26,Electronics,224.74,0.1,0,202.27,161.81,8.03,32.43
4413,697,2025-01-10,Electronics,107.66,0.1,0,96.89,77.51,6.45,12.93
4414,697,2025-01-21,Electronics,207.26,0.1,0,186.53,149.22,7.8,29.51
4415,697,2025-01-18,Home,90.74,0.05,0,86.2,43.55,6.29,36.36
4416,697,2025-01-03,Electronics,160.39,0.0,1,0.0,0.0,14.41,-14.41
4417,697,2025-02-09,Home,93.19,0.0,0,93.19,44.73,6.4,42.06
4418,697,2025-03-13,Accessories,29.93,0.05,0,28.43,8.98,5.43,14.02
4419,697,2025-06-01,Apparel,44.11,0.0,0,44.11,15.44,5.66,23.01
4420,697,2025-06-26,Apparel,75.28,0.0,0,75.28,26.35,6.13,42.8
4421,698,2024-04-23,Accessories,36.39,0.0,0,36.39,10.92,5.55,19.92
4422,698,2024-07-26,Accessories,54.94,0.1,0,49.44,16.48,5.74,27.22
4423,698,2024-09-25,Apparel,89.24,0.2,0,71.39,31.23,6.07,34.09
4424,698,2024-09-15,Home,60.61,0.2,0,48.49,29.09,5.73,13.67
4425,698,2024-11-16,Apparel,38.82,0.2,0,31.06,13.59,5.47,12.0
4426,698,2024-12-13,Accessories,87.81,0.1,0,79.03,26.34,6.19,46.5
4427,698,2025-03-01,Accessories,55.8,0.2,0,44.64,16.74,5.67,22.23
4428,698,2025-03-28,Home,80.62,0.05,0,76.59,38.7,6.15,31.74
4429,698,2025-06-09,Electronics,438.39,0.05,0,416.47,315.64,11.25,89.58
4430,699,2024-05-03,Apparel,109.89,0.2,0,87.91,38.46,6.32,43.13
4431,699,2024-08-21,Electronics,192.53,0.0,0,192.53,138.62,7.89,46.02
4432,699,2024-09-13,Accessories,44.47,0.05,0,42.24,13.34,5.63,23.27
4433,699,2024-10-22,Home,53.44,0.0,0,53.44,25.65,5.8,21.99
4434,699,2024-10-14,Accessories,25.08,0.1,0,22.57,7.52,5.34,9.71
4435,699,2024-11-19,Electronics,140.55,0.1,0,126.49,101.19,6.9,18.4
4436,699,2024-11-01,Apparel,68.18,0.05,0,64.77,23.86,5.97,34.94
4437,699,2024-12-04,Accessories,28.7,0.0,0,28.7,8.61,5.43,14.66
4438,699,2025-01-09,Apparel,58.24,0.05,0,55.33,20.38,5.83,29.12
4439,699,2025-03-23,Accessories,33.49,0.0,0,33.49,10.05,5.5,17.94
4440,699,2025-03-02,Apparel,55.31,0.2,1,0.0,0.0,12.66,-12.66
4441,700,2024-11-01,Home,45.81,0.2,0,36.65,21.99,5.55,9.11
4442,700,2025-02-15,Accessories,28.8,0.05,0,27.36,8.64,5.41,13.31
4443,700,2025-03-24,Home,59.79,0.05,0,56.8,28.7,5.85,22.25
4444,700,2025-04-19,Home,70.04,0.0,0,70.04,33.62,6.05,30.37
4445,700,2025-05-15,Accessories,67.84,0.05,0,64.45,20.35,5.97,38.13
4446,701,2024-02-24,Electronics,127.97,0.2,0,102.38,92.14,6.54,3.7
4447,701,2024-02-12,Electronics,256.81,0.2,0,205.44,184.9,8.08,12.46
4448,701,2024-03-15,Apparel,65.47,0.1,1,0.0,0.0,12.88,-12.88
4449,701,2024-04-03,Apparel,30.82,0.1,1,0.0,0.0,12.42,-12.42
4450,701,2024-05-14,Apparel,60.9,0.0,0,60.9,21.32,5.91,33.67
4451,701,2024-06-23,Apparel,62.66,0.1,0,56.39,21.93,5.85,28.61
4452,701,2024-07-24,Accessories,41.88,0.0,0,41.88,12.56,5.63,23.69
4453,701,2024-08-07,Electronics,162.76,0.05,0,154.62,117.19,7.32,30.11
4454,701,2024-08-13,Accessories,89.35,0.2,0,71.48,26.8,6.07,38.61
4455,701,2024-09-08,Accessories,43.16,0.1,0,38.84,12.95,5.58,20.31
4456,701,2024-11-02,Apparel,53.52,0.1,0,48.16,18.73,5.72,23.71
4457,701,2024-12-06,Apparel,58.14,0.0,1,0.0,0.0,12.87,-12.87
4458,701,2024-12-21,Electronics,409.87,0.2,0,327.9,295.11,9.92,22.87
4459,701,2025-03-03,Electronics,224.5,0.05,0,213.27,161.64,8.2,43.43
4460,702,2024-04-27,Home,70.22,0.1,0,63.2,33.71,5.95,23.54
4461,702,2024-04-25,Electronics,104.36,0.05,0,99.14,75.14,6.49,17.51
4462,702,2024-04-12,Electronics,190.3,0.0,0,190.3,137.02,7.85,45.43
4463,702,2025-05-15,Electronics,232.1,0.0,0,232.1,167.11,8.48,56.51
4464,702,2025-05-28,Electronics,139.53,0.1,0,125.58,100.46,6.88,18.24
4465,703,2024-02-11,Apparel,70.29,0.0,0,70.29,24.6,6.05,39.64
4466,703,2024-02-10,Electronics,148.1,0.0,0,148.1,106.63,7.22,34.25
4467,703,2024-06-02,Accessories,51.43,0.0,0,51.43,15.43,5.77,30.23
4468,703,2025-05-11,Electronics,330.1,0.0,0,330.1,237.67,9.95,82.48
4469,703,2025-05-01,Accessories,75.72,0.0,0,75.72,22.72,6.14,46.86
4470,703,2025-06-11,Apparel,63.21,0.1,0,56.89,22.12,5.85,28.92
4471,704,2024-06-16,Home,94.86,0.0,0,94.86,45.53,6.42,42.91
4472,704,2024-06-15,Home,76.72,0.1,0,69.05,36.83,6.04,26.18
4473,704,2024-06-24,Accessories,71.41,0.1,0,64.27,21.42,5.96,36.89
4474,705,2024-08-21,Home,219.35,0.05,0,208.38,105.29,8.13,94.96
4475,705,2025-04-11,Accessories,32.25,0.2,0,25.8,9.68,5.39,10.73
4476,706,2024-09-20,Electronics,206.01,0.05,0,195.71,148.33,7.94,39.44
4477,706,2024-12-03,Home,162.53,0.1,1,0.0,0.0,14.19,-14.19
4478,706,2024-12-22,Apparel,103.26,0.05,0,98.1,36.14,6.47,55.49
4479,706,2025-01-15,Home,94.77,0.0,0,94.77,45.49,6.42,42.86
4480,706,2025-03-05,Electronics,220.78,0.2,0,176.62,158.96,7.65,10.01
4481,706,2025-03-03,Apparel,66.95,0.1,0,60.25,23.43,5.9,30.92
4482,707,2024-07-10,Home,101.75,0.0,0,101.75,48.84,6.53,46.38
4483,707,2024-07-16,Apparel,83.03,0.05,1,0.0,0.0,13.18,-13.18
4484,707,2024-08-26,Apparel,66.21,0.05,0,62.9,23.17,5.94,33.79
4485,707,2024-10-16,Accessories,40.01,0.0,0,40.01,12.0,5.6,22.41
4486,707,2024-11-02,Accessories,64.79,0.0,0,64.79,19.44,5.97,39.38
4487,707,2025-04-07,Home,70.78,0.1,0,63.7,33.97,5.96,23.77
4488,708,2024-09-09,Home,199.53,0.05,0,189.55,95.77,7.84,85.94
4489,708,2024-12-11,Electronics,254.82,0.1,0,229.34,183.47,8.44,37.43
4490,708,2024-12-24,Apparel,86.78,0.0,0,86.78,30.37,6.3,50.11
4491,708,2024-12-13,Electronics,400.38,0.1,0,360.34,288.27,10.41,61.66
4492,709,2024-03-07,Home,146.24,0.05,1,0.0,0.0,14.08,-14.08
4493,709,2024-04-20,Electronics,98.01,0.1,0,88.21,70.57,6.32,11.32
4494,709,2024-04-17,Electronics,249.21,0.1,0,224.29,179.43,8.36,36.5
4495,709,2024-05-06,Apparel,68.56,0.1,0,61.71,24.0,5.93,31.78
4496,709,2024-06-16,Electronics,237.68,0.1,0,213.91,171.13,8.21,34.57
4497,709,2024-08-26,Accessories,68.94,0.0,0,68.94,20.68,6.03,42.23
4498,709,2024-10-11,Home,45.78,0.0,0,45.78,21.97,5.69,18.12
4499,709,2024-10-06,Electronics,208.0,0.05,0,197.6,149.76,7.96,39.88
4500,709,2024-11-20,Home,198.92,0.05,0,188.98,95.48,7.83,85.67
4501,709,2025-02-11,Electronics,125.32,0.0,0,125.32,90.23,6.88,28.21
4502,709,2025-03-12,Apparel,43.06,0.0,0,43.06,15.07,5.65,22.34
4503,709,2025-06-06,Apparel,63.82,0.0,0,63.82,22.34,5.96,35.52
4504,709,2025-06-22,Home,73.91,0.2,1,0.0,0.0,12.89,-12.89
4505,710,2024-05-26,Apparel,79.17,0.05,1,0.0,0.0,13.13,-13.13
4506,710,2024-09-21,Electronics,178.25,0.05,0,169.33,128.34,7.54,33.45
4507,710,2024-10-18,Home,102.49,0.05,1,0.0,0.0,13.46,-13.46
4508,711,2024-09-05,Accessories,81.11,0.2,0,64.89,24.33,5.97,34.59
4509,711,2024-09-13,Home,137.0,0.2,1,0.0,0.0,13.64,-13.64
4510,711,2024-10-09,Apparel,37.29,0.2,0,29.83,13.05,5.45,11.33
4511,711,2024-10-03,Accessories,48.55,0.0,0,48.55,14.56,5.73,28.26
4512,711,2024-10-18,Accessories,86.99,0.05,0,82.64,26.1,6.24,50.3
4513,712,2024-06-01,Accessories,81.34,0.1,0,73.21,24.4,6.1,42.71
4514,712,2024-11-06,Electronics,300.49,0.0,1,0.0,0.0,16.51,-16.51
4515,712,2024-11-16,Apparel,129.82,0.2,0,103.85,45.44,6.56,51.85
4516,712,2025-01-27,Accessories,35.57,0.2,0,28.45,10.67,5.43,12.35
4517,712,2025-04-07,Electronics,180.8,0.05,0,171.76,130.17,7.58,34.01
4518,712,2025-04-04,Accessories,34.38,0.05,0,32.66,10.31,5.49,16.86
4519,713,2024-01-16,Home,148.77,0.1,0,133.89,71.41,7.01,55.47
4520,713,2025-04-16,Electronics,267.4,0.2,0,213.92,192.53,8.21,13.18
4521,713,2025-04-18,Accessories,68.66,0.0,1,0.0,0.0,13.03,-13.03
4522,714,2024-07-09,Electronics,130.62,0.0,0,130.62,94.05,6.96,29.61
4523,714,2024-08-20,Apparel,72.88,0.05,0,69.23,25.51,6.04,37.68
4524,715,2024-10-22,Electronics,304.08,0.0,0,304.08,218.94,9.56,75.58
4525,715,2024-10-18,Accessories,30.86,0.05,0,29.31,9.26,5.44,14.61
4526,715,2025-05-12,Apparel,49.59,0.2,0,39.67,17.36,5.6,16.71
4527,716,2024-04-15,Accessories,25.22,0.1,0,22.7,7.57,5.34,9.79
4528,716,2024-04-21,Apparel,77.9,0.0,0,77.9,27.27,6.17,44.46
4529,716,2024-05-23,Home,55.76,0.0,0,55.76,26.76,5.84,23.16
4530,716,2024-06-11,Apparel,88.04,0.05,0,83.63,30.81,6.25,46.57
4531,716,2024-06-14,Accessories,26.73,0.05,0,25.4,8.02,5.38,12.0
4532,716,2024-06-08,Accessories,21.61,0.0,0,21.61,6.48,5.32,9.81
4533,716,2024-07-28,Electronics,98.23,0.05,0,93.31,70.72,6.4,16.19
4534,716,2024-12-12,Apparel,16.75,0.1,0,15.07,5.86,5.23,3.98
4535,716,2024-12-06,Home,98.94,0.05,0,93.99,47.49,6.41,40.09
4536,716,2025-01-18,Apparel,67.13,0.0,0,67.13,23.5,6.01,37.62
4537,716,2025-02-07,Accessories,24.46,0.05,0,23.23,7.34,5.35,10.54
4538,716,2025-03-14,Accessories,51.35,0.1,1,0.0,0.0,12.69,-12.69
4539,716,2025-03-27,Accessories,37.59,0.1,0,33.83,11.28,5.51,17.04
4540,716,2025-06-12,Electronics,273.63,0.1,0,246.27,197.02,8.69,40.56
4541,717,2024-09-02,Electronics,367.97,0.05,0,349.57,264.94,10.24,74.39
4542,717,2024-09-16,Apparel,76.68,0.2,0,61.34,26.84,5.92,28.58
4543,717,2024-09-17,Apparel,64.69,0.05,0,61.46,22.64,5.92,32.9
4544,717,2025-03-13,Accessories,21.33,0.1,1,0.0,0.0,12.29,-12.29
4545,717,2025-03-18,Home,75.51,0.0,0,75.51,36.24,6.13,33.14
4546,717,2025-05-02,Apparel,22.35,0.05,0,21.23,7.82,5.32,8.09
4547,718,2024-01-05,Apparel,83.08,0.2,0,66.47,29.08,6.0,31.39
4548,718,2025-01-25,Accessories,36.77,0.1,0,33.09,11.03,5.5,16.56
4549,718,2025-01-23,Apparel,81.99,0.2,0,65.6,28.7,5.98,30.92
4550,719,2024-09-11,Home,85.03,0.0,0,85.03,40.81,6.28,37.94
4551,719,2024-11-25,Home,117.01,0.05,0,111.16,56.17,6.67,48.32
4552,719,2024-11-07,Electronics,337.33,0.1,0,303.6,242.88,9.55,51.17
4553,719,2025-06-26,Accessories,28.89,0.1,0,26.0,8.67,5.39,11.94
4554,720,2024-04-02,Electronics,307.61,0.05,0,292.23,221.48,9.38,61.37
4555,720,2024-06-13,Home,153.99,0.1,0,138.59,73.92,7.08,57.59
4556,720,2024-08-26,Electronics,96.55,0.1,0,86.89,69.52,6.3,11.07
4557,720,2024-09-06,Accessories,55.55,0.05,1,0.0,0.0,12.79,-12.79
4558,720,2025-01-26,Electronics,252.89,0.0,0,252.89,182.08,8.79,62.02
4559,720,2025-01-04,Accessories,64.76,0.2,0,51.81,19.43,5.78,26.6
4560,720,2025-05-25,Electronics,243.99,0.05,0,231.79,175.67,8.48,47.64
4561,720,2025-05-14,Accessories,30.63,0.0,0,30.63,9.19,5.46,15.98
4562,721,2024-08-12,Home,106.53,0.0,0,106.53,51.13,6.6,48.8
4563,721,2024-11-28,Electronics,282.26,0.0,0,282.26,203.23,9.23,69.8
4564,721,2024-11-14,Accessories,62.28,0.0,0,62.28,18.68,5.93,37.67
4565,721,2025-03-15,Accessories,38.06,0.2,0,30.45,11.42,5.46,13.57
4566,721,2025-03-16,Electronics,324.65,0.05,0,308.42,233.75,9.63,65.04
4567,722,2024-04-01,Electronics,220.91,0.05,0,209.86,159.05,8.15,42.66
4568,722,2024-12-01,Apparel,45.33,0.2,1,0.0,0.0,12.54,-12.54
4569,722,2025-06-04,Electronics,132.89,0.2,0,106.31,95.68,6.59,4.04
4570,723,2024-05-26,Electronics,460.66,0.05,0,437.63,331.68,11.56,94.39
4571,724,2024-06-26,Electronics,183.7,0.0,0,183.7,132.27,7.76,43.67
4572,724,2024-06-06,Apparel,36.6,0.0,0,36.6,12.81,5.55,18.24
4573,724,2024-12-24,Electronics,593.93,0.0,0,593.93,427.63,13.91,152.39
4574,724,2024-12-28,Accessories,58.92,0.05,0,55.98,17.68,5.84,32.46
4575,724,2024-12-14,Home,63.35,0.0,0,63.35,30.41,5.95,26.99
4576,724,2025-01-08,Home,112.89,0.2,0,90.31,54.19,6.35,29.77
4577,724,2025-03-23,Apparel,47.11,0.1,0,42.4,16.49,5.64,20.27
4578,724,2025-03-09,Apparel,51.59,0.0,0,51.59,18.06,5.77,27.76
4579,725,2024-07-06,Apparel,40.11,0.05,0,38.11,14.04,5.57,18.5
4580,725,2024-08-20,Accessories,60.21,0.05,0,57.2,18.06,5.86,33.28
4581,725,2024-11-14,Home,73.54,0.0,0,73.54,35.3,6.1,32.14
4582,726,2024-03-15,Accessories,52.2,0.2,0,41.76,15.66,5.63,20.47
4583,726,2024-04-27,Electronics,422.84,0.2,0,338.27,304.44,10.07,23.76
4584,726,2024-12-13,Home,49.88,0.1,0,44.89,23.94,5.67,15.28
4585,726,2025-02-14,Apparel,60.65,0.0,0,60.65,21.23,5.91,33.51
4586,726,2025-02-06,Home,91.5,0.05,0,86.93,43.92,6.3,36.71
4587,726,2025-03-04,Accessories,77.83,0.05,0,73.94,23.35,6.11,44.48
4588,726,2025-06-26,Apparel,52.36,0.0,0,52.36,18.33,5.79,28.24
4589,726,2025-06-12,Accessories,59.72,0.2,0,47.78,17.92,5.72,24.14
4590,727,2024-12-13,Home,83.16,0.2,0,66.53,39.92,6.0,20.61
4591,727,2024-12-19,Home,92.88,0.0,0,92.88,44.58,6.39,41.91
4592,728,2024-10-24,Home,63.62,0.0,0,63.62,30.54,5.95,27.13
4593,729,2024-08-28,Electronics,259.91,0.0,0,259.91,187.13,8.9,63.88
4594,729,2024-11-06,Accessories,55.79,0.1,0,50.21,16.74,5.75,27.72
4595,729,2025-04-18,Home,68.06,0.1,0,61.25,32.67,5.92,22.66
4596,730,2024-02-14,Apparel,44.05,0.1,0,39.64,15.42,5.59,18.63
4597,730,2024-03-26,Accessories,44.08,0.2,0,35.26,13.22,5.53,16.51
4598,730,2024-04-05,Apparel,58.67,0.2,0,46.94,20.54,5.7,20.7
4599,730,2024-09-15,Accessories,46.09,0.0,0,46.09,13.83,5.69,26.57
4600,730,2024-11-26,Accessories,56.09,0.05,0,53.28,16.83,5.8,30.65
4601,730,2025-02-04,Electronics,133.83,0.0,0,133.83,96.36,7.01,30.46
4602,730,2025-03-03,Electronics,138.89,0.0,0,138.89,100.0,7.08,31.81
4603,730,2025-03-11,Home,53.23,0.05,0,50.56,25.55,5.76,19.25
4604,730,2025-03-04,Electronics,127.12,0.0,0,127.12,91.53,6.91,28.68
4605,730,2025-03-09,Accessories,79.18,0.05,0,75.22,23.75,6.13,45.34
4606,730,2025-03-20,Accessories,32.6,0.05,0,30.97,9.78,5.46,15.73
4607,730,2025-04-08,Electronics,182.54,0.05,0,173.41,131.43,7.6,34.38
4608,730,2025-04-12,Accessories,35.81,0.05,0,34.02,10.74,5.51,17.77
4609,730,2025-06-28,Electronics,183.73,0.05,0,174.54,132.28,7.62,34.64
4610,730,2025-06-18,Home,68.46,0.1,0,61.62,32.86,5.92,22.84
4611,731,2024-09-19,Apparel,39.22,0.0,0,39.22,13.73,5.59,19.9
4612,731,2024-10-19,Apparel,51.57,0.0,0,51.57,18.05,5.77,27.75
4613,731,2024-10-11,Home,130.26,0.0,0,130.26,62.53,6.95,60.78
4614,731,2024-11-11,Apparel,48.65,0.0,0,48.65,17.03,5.73,25.89
4615,731,2025-01-05,Apparel,64.31,0.0,0,64.31,22.51,5.96,35.84
4616,731,2025-02-28,Electronics,143.18,0.05,1,0.0,0.0,14.04,-14.04
4617,731,2025-04-01,Accessories,24.8,0.1,0,22.32,7.44,5.33,9.55
4618,731,2025-04-28,Apparel,91.92,0.0,1,0.0,0.0,13.38,-13.38
4619,731,2025-05-27,Apparel,63.63,0.05,0,60.45,22.27,5.91,32.27
4620,732,2024-10-15,Accessories,30.6,0.2,0,24.48,9.18,5.37,9.93
4621,732,2024-10-21,Apparel,33.11,0.05,0,31.45,11.59,5.47,14.39
4622,732,2024-11-08,Home,129.91,0.05,0,123.42,62.36,6.85,54.21
4623,732,2024-11-11,Accessories,120.31,0.0,1,0.0,0.0,13.8,-13.8
4624,732,2024-12-09,Electronics,208.68,0.0,0,208.68,150.25,8.13,50.3
4625,732,2025-01-05,Home,168.46,0.0,0,168.46,80.86,7.53,80.07
4626,733,2024-04-08,Accessories,42.83,0.1,0,38.54,12.85,5.58,20.11
4627,733,2025-01-01,Home,181.98,0.05,0,172.88,87.35,7.59,77.94
4628,733,2025-01-23,Accessories,54.44,0.2,0,43.55,16.33,5.65,21.57
4629,734,2024-02-23,Home,50.49,0.1,0,45.44,24.24,5.68,15.52
4630,734,2024-02-15,Electronics,305.95,0.05,0,290.65,220.28,9.36,61.01
4631,735,2024-04-09,Apparel,59.63,0.05,0,56.65,20.87,5.85,29.93
4632,735,2024-06-21,Apparel,52.02,0.1,0,46.82,18.21,5.7,22.91
4633,735,2024-07-16,Electronics,192.56,0.0,0,192.56,138.64,7.89,46.03
4634,735,2024-08-24,Apparel,62.22,0.1,0,55.99,21.78,5.84,28.37
4635,735,2024-10-13,Electronics,239.81,0.0,0,239.81,172.67,8.6,58.54
4636,735,2024-10-21,Home,72.71,0.0,0,72.71,34.9,6.09,31.72
4637,735,2024-12-01,Apparel,91.37,0.0,0,91.37,31.98,6.37,53.02
4638,735,2025-02-18,Apparel,80.61,0.1,1,0.0,0.0,13.09,-13.09
4639,735,2025-05-07,Apparel,83.47,0.0,0,83.47,29.22,6.25,48.0
4640,736,2024-10-16,Apparel,65.75,0.1,0,59.18,23.01,5.89,30.28
4641,736,2024-11-01,Electronics,285.14,0.05,0,270.88,205.3,9.06,56.52
4642,736,2025-01-01,Accessories,40.4,0.1,0,36.36,12.12,5.55,18.69
4643,736,2025-03-10,Accessories,28.51,0.05,0,27.09,8.55,5.41,13.13
4644,737,2024-01-14,Apparel,80.92,0.05,0,76.87,28.32,6.15,42.4
4645,737,2024-03-28,Apparel,56.6,0.05,0,53.77,19.81,5.81,28.15
4646,737,2024-04-07,Home,125.41,0.1,0,112.87,60.2,6.69,45.98
4647,737,2024-04-16,Accessories,47.36,0.05,0,44.99,14.21,5.67,25.11
4648,737,2024-06-02,Home,96.19,0.1,0,86.57,46.17,6.3,34.1
4649,737,2024-09-02,Electronics,247.55,0.05,0,235.17,178.23,8.53,48.41
4650,737,2025-04-28,Accessories,49.11,0.2,0,39.29,14.73,5.59,18.97
4651,738,2024-02-05,Home,106.55,0.05,0,101.22,51.14,6.52,43.56
4652,738,2024-02-17,Accessories,86.13,0.0,0,86.13,25.84,6.29,54.0
4653,738,2024-06-16,Accessories,44.52,0.0,0,44.52,13.36,5.67,25.49
4654,738,2025-03-06,Accessories,22.95,0.05,0,21.81,6.89,5.33,9.59
4655,738,2025-04-08,Apparel,45.9,0.05,1,0.0,0.0,12.65,-12.65
4656,739,2024-01-28,Home,85.17,0.1,0,76.65,40.88,6.15,29.62
4657,739,2024-02-20,Apparel,46.5,0.1,0,41.85,16.28,5.63,19.94
4658,739,2024-03-16,Electronics,257.93,0.0,0,257.93,185.71,8.87,63.35
4659,739,2024-03-05,Accessories,38.63,0.0,0,38.63,11.59,5.58,21.46
4660,739,2024-05-22,Electronics,261.68,0.1,0,235.51,188.41,8.53,38.57
4661,739,2024-08-09,Apparel,44.69,0.2,0,35.76,15.64,5.54,14.58
4662,739,2024-09-21,Apparel,47.21,0.1,0,42.49,16.52,5.64,20.33
4663,739,2024-09-26,Home,68.62,0.0,0,68.62,32.94,6.03,29.65
4664,739,2024-10-11,Home,45.13,0.1,1,0.0,0.0,12.61,-12.61
4665,739,2024-12-02,Electronics,394.63,0.0,0,394.63,284.13,10.92,99.58
4666,739,2025-03-18,Apparel,71.97,0.0,0,71.97,25.19,6.08,40.7
4667,739,2025-03-18,Apparel,16.84,0.05,0,16.0,5.9,5.24,4.86
4668,740,2024-09-03,Accessories,30.7,0.1,0,27.63,9.21,5.41,13.01
4669,740,2024-09-18,Electronics,116.07,0.0,0,116.07,83.57,6.74,25.76
4670,740,2024-11-21,Accessories,25.72,0.05,0,24.44,7.72,5.37,11.35
4671,740,2024-12-13,Accessories,60.39,0.1,0,54.35,18.12,5.82,30.41
4672,740,2025-01-09,Home,124.57,0.1,0,112.11,59.79,6.68,45.64
4673,740,2025-01-22,Apparel,53.7,0.1,0,48.33,18.8,5.73,23.8
4674,741,2024-03-27,Electronics,102.58,0.1,0,92.32,73.86,6.38,12.08
4675,741,2024-03-11,Apparel,68.0,0.2,0,54.4,23.8,5.82,24.78
4676,741,2024-04-05,Accessories,33.04,0.0,0,33.04,9.91,5.5,17.63
4677,741,2024-04-03,Electronics,194.62,0.1,0,175.16,140.13,7.63,27.4
4678,741,2024-06-14,Electronics,183.08,0.0,0,183.08,131.82,7.75,43.51
4679,741,2024-08-19,Electronics,80.14,0.1,0,72.13,57.7,6.08,8.35
4680,741,2024-08-09,Home,80.71,0.2,0,64.57,38.74,5.97,19.86
4681,741,2024-09-17,Accessories,38.83,0.1,0,34.95,11.65,5.52,17.78
4682,741,2024-12-15,Apparel,54.13,0.1,0,48.72,18.94,5.73,24.05
4683,741,2025-06-11,Apparel,68.71,0.2,1,0.0,0.0,12.82,-12.82
4684,742,2024-06-05,Home,89.5,0.2,0,71.6,42.96,6.07,22.57
4685,742,2024-06-20,Accessories,34.96,0.2,0,27.97,10.49,5.42,12.06
4686,742,2024-12-03,Electronics,242.88,0.05,0,230.74,174.87,8.46,47.41
4687,743,2024-03-10,Electronics,146.43,0.2,1,0.0,0.0,13.76,-13.76
4688,743,2024-07-26,Apparel,55.49,0.05,0,52.72,19.42,5.79,27.51
4689,743,2024-09-23,Electronics,105.2,0.2,0,84.16,75.75,6.26,2.15
4690,743,2024-10-04,Accessories,59.14,0.2,0,47.32,17.74,5.71,23.87
4691,744,2024-07-03,Accessories,127.49,0.0,0,127.49,38.25,6.91,82.33
4692,745,2024-06-06,Home,134.54,0.2,0,107.63,64.58,6.61,36.44
4693,745,2025-01-26,Home,105.4,0.1,0,94.86,50.59,6.42,37.85
4694,745,2025-02-21,Electronics,218.4,0.2,0,174.72,157.25,7.62,9.85
4695,745,2025-05-27,Apparel,47.42,0.2,0,37.94,16.6,5.57,15.77
4696,745,2025-05-28,Apparel,83.58,0.1,0,75.22,29.25,6.13,39.84
4697,745,2025-05-20,Electronics,260.36,0.05,0,247.34,187.46,8.71,51.17
4698,745,2025-06-04,Home,73.76,0.2,0,59.01,35.4,5.89,17.72
4699,746,2024-06-26,Apparel,61.76,0.2,0,49.41,21.62,5.74,22.05
4700,747,2024-06-19,Accessories,44.21,0.2,0,35.37,13.26,5.53,16.58
4701,747,2024-06-18,Apparel,61.46,0.0,0,61.46,21.51,5.92,34.03
4702,747,2024-08-18,Apparel,54.52,0.0,0,54.52,19.08,5.82,29.62
4703,747,2024-09-09,Home,111.93,0.1,0,100.73,53.73,6.51,40.49
4704,747,2024-12-13,Accessories,89.53,0.0,0,89.53,26.86,6.34,56.33
4705,747,2025-05-13,Accessories,70.93,0.2,1,0.0,0.0,12.85,-12.85
4706,747,2025-05-13,Apparel,21.31,0.05,1,0.0,0.0,12.3,-12.3
4707,748,2024-04-01,Home,109.37,0.0,0,109.37,52.5,6.64,50.23
4708,748,2024-05-07,Electronics,125.0,0.2,0,100.0,90.0,6.5,3.5
4709,748,2024-11-02,Accessories,37.59,0.0,0,37.59,11.28,5.56,20.75
4710,748,2024-12-16,Apparel,30.24,0.05,0,28.73,10.58,5.43,12.72
4711,749,2024-01-01,Apparel,55.53,0.0,0,55.53,19.44,5.83,30.26
4712,749,2024-09-24,Electronics,110.96,0.05,0,105.41,79.89,6.58,18.94
4713,750,2024-07-12,Home,84.65,0.1,0,76.19,40.63,6.14,29.42
4714,750,2024-07-05,Accessories,45.36,0.05,0,43.09,13.61,5.65,23.83
4715,750,2024-10-15,Electronics,144.99,0.0,0,144.99,104.39,7.17,33.43
4716,750,2025-02-02,Home,113.49,0.0,0,113.49,54.48,6.7,52.31
4717,750,2025-02-14,Home,73.19,0.05,0,69.53,35.13,6.04,28.36
4718,750,2025-06-03,Accessories,32.33,0.1,0,29.1,9.7,5.44,13.96
4719,751,2025-04-24,Electronics,120.85,0.0,0,120.85,87.01,6.81,27.03
4720,752,2024-01-07,Accessories,52.19,0.2,0,41.76,15.66,5.63,20.47
4721,752,2024-01-06,Accessories,63.72,0.0,0,63.72,19.11,5.96,38.65
4722,752,2024-09-23,Apparel,44.71,0.0,0,44.71,15.65,5.67,23.39
4723,752,2024-11-09,Apparel,26.47,0.0,0,26.47,9.26,5.4,11.81
4724,752,2024-11-20,Electronics,241.73,0.1,0,217.56,174.05,8.26,35.25
4725,752,2024-11-26,Accessories,49.01,0.2,0,39.21,14.7,5.59,18.92
4726,752,2025-05-27,Accessories,40.18,0.1,1,0.0,0.0,12.54,-12.54
4727,752,2025-05-01,Electronics,126.31,0.2,0,101.05,90.94,6.52,3.59
4728,753,2024-08-13,Electronics,273.5,0.05,0,259.82,196.92,8.9,54.0
4729,753,2024-09-05,Accessories,50.87,0.2,0,40.69,15.26,5.61,19.82
4730,753,2024-10-08,Home,85.04,0.0,0,85.04,40.82,6.28,37.94
4731,753,2024-10-21,Home,103.89,0.1,0,93.5,49.87,6.4,37.23
4732,753,2024-11-27,Accessories,30.78,0.1,0,27.7,9.23,5.42,13.05
4733,753,2024-11-27,Apparel,64.53,0.1,0,58.08,22.59,5.87,29.62
4734,753,2024-12-27,Apparel,84.04,0.1,0,75.64,29.41,6.13,40.1
4735,753,2025-01-04,Electronics,117.03,0.0,0,117.03,84.26,6.76,26.01
4736,753,2025-02-07,Home,51.53,0.1,0,46.38,24.74,5.7,15.94
4737,753,2025-03-14,Accessories,52.51,0.1,0,47.26,15.75,5.71,25.8
4738,753,2025-03-22,Home,72.8,0.2,0,58.24,34.94,5.87,17.43
4739,753,2025-04-11,Accessories,23.26,0.0,0,23.26,6.98,5.35,10.93
4740,753,2025-05-03,Home,63.58,0.1,0,57.23,30.52,5.86,20.85
4741,753,2025-06-17,Accessories,43.58,0.2,0,34.87,13.08,5.52,16.27
4742,754,2024-04-10,Apparel,31.79,0.0,0,31.79,11.13,5.48,15.18
4743,754,2024-07-22,Electronics,261.71,0.05,0,248.62,188.43,8.73,51.46
4744,755,2024-06-05,Apparel,81.37,0.0,0,81.37,28.48,6.22,46.67
4745,755,2024-10-07,Accessories,48.13,0.0,1,0.0,0.0,12.72,-12.72
4746,756,2024-08-25,Accessories,71.26,0.1,0,64.14,21.38,5.96,36.8
4747,756,2024-08-02,Accessories,51.31,0.0,0,51.31,15.39,5.77,30.15
4748,756,2024-11-13,Electronics,287.53,0.05,0,273.15,207.02,9.1,57.03
4749,756,2024-11-17,Accessories,40.61,0.2,1,0.0,0.0,12.49,-12.49
4750,756,2024-12-28,Electronics,85.38,0.0,0,85.38,61.47,6.28,17.63
4751,756,2024-12-08,Accessories,21.39,0.05,0,20.32,6.42,5.3,8.6
4752,756,2024-12-10,Electronics,164.55,0.0,0,164.55,118.47,7.47,38.61
4753,756,2025-01-21,Home,117.74,0.1,0,105.97,56.52,6.59,42.86
4754,757,2024-06-25,Home,124.3,0.05,1,0.0,0.0,13.77,-13.77
4755,757,2024-11-04,Accessories,62.61,0.05,0,59.48,18.78,5.89,34.81
4756,757,2024-12-07,Home,98.85,0.0,0,98.85,47.45,6.48,44.92
4757,757,2025-02-12,Accessories,59.92,0.05,0,56.92,17.98,5.85,33.09
4758,759,2024-01-18,Home,38.96,0.2,0,31.17,18.7,5.47,7.0
4759,759,2024-02-19,Accessories,46.95,0.0,1,0.0,0.0,12.7,-12.7
4760,759,2024-02-07,Apparel,59.06,0.05,0,56.1,20.67,5.84,29.59
4761,759,2024-04-12,Accessories,86.8,0.2,0,69.44,26.04,6.04,37.36
4762,759,2024-05-03,Electronics,172.41,0.0,0,172.41,124.14,7.59,40.68
4763,759,2024-06-05,Accessories,76.51,0.05,0,72.69,22.95,6.09,43.65
4764,759,2024-07-02,Apparel,48.52,0.05,0,46.09,16.98,5.69,23.42
4765,759,2024-10-09,Accessories,35.07,0.0,0,35.07,10.52,5.53,19.02
4766,759,2024-12-08,Accessories,26.76,0.1,0,24.08,8.03,5.36,10.69
4767,759,2025-04-28,Apparel,55.41,0.0,0,55.41,19.39,5.83,30.19
4768,759,2025-04-13,Apparel,42.15,0.05,0,40.04,14.75,5.6,19.69
4769,759,2025-04-21,Apparel,79.03,0.05,0,75.08,27.66,6.13,41.29
4770,760,2024-05-02,Electronics,171.05,0.0,0,171.05,123.16,7.57,40.32
4771,760,2024-06-06,Electronics,93.24,0.2,0,74.59,67.13,6.12,1.34
4772,760,2024-06-11,Accessories,66.93,0.05,0,63.59,20.08,5.95,37.56
4773,760,2024-07-26,Home,72.5,0.0,1,0.0,0.0,13.09,-13.09
4774,760,2024-10-09,Accessories,22.04,0.0,0,22.04,6.61,5.33,10.1
4775,761,2025-01-05,Electronics,243.93,0.05,1,0.0,0.0,15.48,-15.48
4776,761,2025-01-19,Apparel,61.77,0.05,0,58.68,21.62,5.88,31.18
4777,761,2025-02-20,Apparel,158.83,0.0,1,0.0,0.0,14.38,-14.38
4778,762,2024-07-23,Accessories,24.69,0.05,0,23.46,7.41,5.35,10.7
4779,762,2024-09-25,Home,115.54,0.05,0,109.77,55.46,6.65,47.66
4780,762,2024-12-15,Home,66.71,0.0,0,66.71,32.02,6.0,28.69
4781,762,2025-01-21,Electronics,281.24,0.05,0,267.18,202.49,9.01,55.68
4782,762,2025-02-06,Accessories,38.87,0.0,0,38.87,11.66,5.58,21.63
4783,763,2024-08-07,Electronics,389.09,0.1,0,350.18,280.14,10.25,59.79
4784,763,2024-08-01,Electronics,180.75,0.1,0,162.68,130.14,7.44,25.1
4785,763,2024-11-24,Electronics,330.62,0.05,0,314.09,238.05,9.71,66.33
4786,763,2025-03-24,Apparel,83.34,0.1,0,75.01,29.17,6.13,39.71
4787,763,2025-03-19,Electronics,225.97,0.2,0,180.78,162.7,7.71,10.37
4788,763,2025-06-15,Apparel,63.0,0.0,0,63.0,22.05,5.94,35.01
4789,764,2024-05-14,Electronics,140.66,0.0,0,140.66,101.27,7.11,32.28
4790,764,2024-06-27,Accessories,39.06,0.05,1,0.0,0.0,12.56,-12.56
4791,764,2024-07-19,Electronics,350.06,0.0,0,350.06,252.04,10.25,87.77
4792,764,2024-08-18,Accessories,22.89,0.0,0,22.89,6.87,5.34,10.68
4793,764,2024-08-28,Apparel,57.33,0.0,0,57.33,20.07,5.86,31.4
4794,764,2024-10-16,Home,93.34,0.1,0,84.01,44.8,6.26,32.95
4795,764,2024-11-22,Apparel,43.82,0.1,0,39.44,15.34,5.59,18.51
4796,764,2024-12-16,Electronics,240.48,0.0,0,240.48,173.14,8.61,58.73
4797,765,2024-07-15,Apparel,47.84,0.0,0,47.84,16.75,5.72,25.37
4798,765,2024-08-15,Apparel,37.32,0.05,0,35.46,13.06,5.53,16.87
4799,765,2024-10-12,Accessories,60.03,0.05,0,57.03,18.01,5.86,33.16
4800,765,2024-12-16,Apparel,84.37,0.05,0,80.15,29.53,6.2,44.42
4801,765,2024-12-08,Home,47.49,0.05,0,45.11,22.79,5.68,16.64
4802,766,2024-02-28,Accessories,56.25,0.05,0,53.43,16.87,5.8,30.76
4803,766,2024-05-26,Electronics,159.01,0.2,1,0.0,0.0,13.91,-13.91
4804,766,2024-05-24,Electronics,215.11,0.05,0,204.36,154.88,8.07,41.41
4805,766,2024-08-10,Accessories,28.53,0.05,0,27.1,8.56,5.41,13.13
4806,767,2024-06-20,Accessories,38.19,0.1,0,34.37,11.46,5.52,17.39
4807,767,2024-07-03,Electronics,152.93,0.2,0,122.35,110.11,6.84,5.4
4808,767,2024-08-17,Apparel,39.5,0.1,0,35.55,13.82,5.53,16.2
4809,767,2025-04-20,Accessories,47.98,0.05,0,45.59,14.4,5.68,25.51
4810,767,2025-05-21,Apparel,77.47,0.05,0,73.6,27.11,6.1,40.39
4811,768,2024-09-08,Apparel,64.38,0.05,0,61.16,22.53,5.92,32.71
4812,768,2024-09-18,Home,81.61,0.05,0,77.53,39.17,6.16,32.2
4813,768,2024-09-17,Home,52.34,0.2,0,41.87,25.12,5.63,11.12
4814,768,2024-10-16,Accessories,51.49,0.0,0,51.49,15.45,5.77,30.27
4815,768,2025-02-01,Accessories,55.44,0.2,0,44.35,16.63,5.67,22.05
4816,769,2024-01-06,Home,47.55,0.05,0,45.17,22.82,5.68,16.67
4817,769,2024-02-16,Accessories,36.71,0.0,1,0.0,0.0,12.55,-12.55
4818,769,2024-03-11,Electronics,219.28,0.1,0,197.36,157.88,7.96,31.52
4819,769,2024-06-11,Accessories,41.69,0.05,0,39.6,12.51,5.59,21.5
4820,769,2024-06-14,Apparel,58.28,0.05,0,55.36,20.4,5.83,29.13
4821,769,2024-06-27,Accessories,89.88,0.05,0,85.39,26.96,6.28,52.15
4822,769,2024-09-19,Apparel,61.69,0.1,0,55.52,21.59,5.83,28.1
4823,769,2025-03-05,Home,142.68,0.05,0,135.55,68.49,7.03,60.03
4824,769,2025-03-13,Home,147.51,0.1,0,132.76,70.81,6.99,54.96
4825,770,2024-04-03,Accessories,22.36,0.0,1,0.0,0.0,12.34,-12.34
4826,770,2024-05-11,Accessories,43.86,0.1,0,39.48,13.16,5.59,20.73
4827,770,2024-10-12,Electronics,228.79,0.1,0,205.91,164.73,8.09,33.09
4828,770,2025-01-18,Home,80.26,0.1,0,72.24,38.53,6.08,27.63
4829,770,2025-01-10,Accessories,53.16,0.0,0,53.16,15.95,5.8,31.41
4830,770,2025-03-08,Apparel,46.31,0.0,0,46.31,16.21,5.69,24.41
4831,771,2024-07-15,Home,79.35,0.05,0,75.38,38.09,6.13,31.16
4832,771,2024-07-04,Home,152.15,0.05,0,144.54,73.03,7.17,64.34
4833,771,2024-09-18,Home,49.12,0.05,1,0.0,0.0,12.7,-12.7
4834,771,2024-09-06,Apparel,74.97,0.0,0,74.97,26.24,6.12,42.61
4835,771,2024-09-26,Electronics,113.78,0.0,0,113.78,81.92,6.71,25.15
4836,771,2024-09-05,Electronics,340.22,0.0,0,340.22,244.96,10.1,85.16
4837,771,2024-09-15,Accessories,50.33,0.0,0,50.33,15.1,5.75,29.48
4838,771,2025-02-03,Accessories,78.34,0.2,1,0.0,0.0,12.94,-12.94
4839,771,2025-04-13,Apparel,90.67,0.0,0,90.67,31.74,6.36,52.57
4840,771,2025-04-13,Accessories,16.37,0.0,0,16.37,4.91,5.25,6.21
4841,771,2025-05-11,Home,55.06,0.0,0,55.06,26.43,5.83,22.8
4842,771,2025-06-21,Apparel,74.54,0.05,0,70.82,26.09,6.06,38.67
4843,772,2024-10-11,Electronics,192.6,0.1,0,173.34,138.68,7.6,27.06
4844,772,2024-10-26,Home,109.82,0.0,0,109.82,52.71,6.65,50.46
4845,772,2024-10-11,Electronics,68.55,0.1,0,61.69,49.35,5.93,6.41
4846,772,2024-10-10,Accessories,54.81,0.05,0,52.07,16.44,5.78,29.85
4847,773,2024-10-07,Accessories,45.69,0.0,0,45.69,13.71,5.69,26.29
4848,773,2024-10-26,Home,105.45,0.0,0,105.45,50.61,6.58,48.26
4849,773,2024-11-17,Apparel,46.49,0.2,0,37.19,16.27,5.56,15.36
4850,773,2024-11-13,Home,123.19,0.0,0,123.19,59.13,6.85,57.21
4851,773,2025-01-24,Electronics,117.94,0.1,0,106.15,84.92,6.59,14.64
4852,773,2025-02-22,Home,71.48,0.1,0,64.33,34.31,5.96,24.06
4853,773,2025-03-14,Electronics,222.12,0.1,0,199.91,159.92,8.0,31.99
4854,773,2025-03-20,Accessories,27.84,0.1,0,25.05,8.35,5.38,11.32
4855,773,2025-05-10,Electronics,416.02,0.1,0,374.41,299.53,10.62,64.26
4856,773,2025-05-07,Electronics,351.35,0.0,0,351.35,252.97,10.27,88.11
4857,774,2024-01-07,Home,107.41,0.05,0,102.04,51.56,6.53,43.95
4858,774,2024-01-18,Apparel,50.7,0.0,1,0.0,0.0,12.76,-12.76
4859,774,2024-03-24,Apparel,68.26,0.1,0,61.43,23.89,5.92,31.62
4860,774,2024-04-07,Accessories,33.79,0.0,0,33.79,10.14,5.51,18.14
4861,774,2024-05-04,Home,62.03,0.0,0,62.03,29.77,5.93,26.33
4862,774,2024-05-24,Accessories,33.96,0.05,0,32.27,10.19,5.48,16.6
4863,774,2024-06-01,Apparel,74.87,0.1,0,67.39,26.21,6.01,35.17
4864,774,2024-09-06,Accessories,43.74,0.0,0,43.74,13.12,5.66,24.96
4865,774,2024-11-23,Home,125.46,0.0,1,0.0,0.0,13.88,-13.88
4866,774,2024-11-13,Accessories,43.41,0.1,1,0.0,0.0,12.59,-12.59
4867,774,2024-12-25,Apparel,44.6,0.05,0,42.37,15.61,5.64,21.12
4868,774,2025-01-13,Home,69.59,0.05,0,66.11,33.4,5.99,26.72
4869,774,2025-01-07,Home,169.7,0.0,0,169.7,81.46,7.55,80.69
4870,774,2025-02-03,Electronics,186.27,0.05,0,176.95,134.11,7.65,35.19
4871,774,2025-05-11,Electronics,286.9,0.0,0,286.9,206.57,9.3,71.03
4872,774,2025-06-22,Apparel,87.29,0.0,0,87.29,30.55,6.31,50.43
4873,775,2024-07-02,Electronics,197.56,0.0,0,197.56,142.24,7.96,47.36
4874,775,2024-08-23,Accessories,44.35,0.0,0,44.35,13.3,5.67,25.38
4875,775,2025-05-16,Home,57.25,0.0,0,57.25,27.48,5.86,23.91
4876,776,2024-08-09,Electronics,129.41,0.05,0,122.94,93.17,6.84,22.93
4877,776,2024-08-20,Accessories,57.23,0.05,0,54.37,17.17,5.82,31.38
4878,776,2024-09-11,Home,55.36,0.0,0,55.36,26.57,5.83,22.96
4879,776,2024-09-09,Electronics,197.41,0.2,0,157.93,142.13,7.37,8.43
4880,776,2024-10-28,Accessories,67.2,0.0,0,67.2,20.16,6.01,41.03
4881,776,2024-10-24,Home,83.61,0.0,0,83.61,40.13,6.25,37.23
4882,776,2024-11-19,Home,52.1,0.2,0,41.68,25.01,5.63,11.04
4883,776,2025-02-23,Apparel,80.53,0.0,1,0.0,0.0,13.21,-13.21
4884,776,2025-03-01,Apparel,51.84,0.2,0,41.47,18.14,5.62,17.71
4885,776,2025-04-21,Apparel,58.08,0.1,0,52.27,20.33,5.78,26.16
4886,776,2025-05-13,Electronics,209.03,0.1,0,188.13,150.5,7.82,29.81
4887,776,2025-06-06,Apparel,57.72,0.0,0,57.72,20.2,5.87,31.65
4888,776,2025-06-15,Accessories,63.59,0.05,0,60.41,19.08,5.91,35.42
4889,777,2024-01-24,Accessories,28.17,0.0,1,0.0,0.0,12.42,-12.42
4890,777,2024-03-08,Accessories,28.79,0.05,0,27.35,8.64,5.41,13.3
4891,777,2024-07-15,Home,95.05,0.0,0,95.05,45.63,6.43,42.99
4892,777,2024-07-02,Electronics,163.53,0.0,0,163.53,117.74,7.45,38.34
4893,777,2024-09-16,Electronics,281.61,0.0,0,281.61,202.76,9.22,69.63
4894,778,2024-02-28,Home,92.24,0.05,0,87.63,44.27,6.31,37.05
4895,778,2024-06-25,Accessories,14.16,0.2,0,11.32,4.25,5.17,1.9
4896,778,2024-09-01,Home,69.49,0.05,0,66.02,33.36,5.99,26.67
4897,778,2024-09-26,Home,80.87,0.0,0,80.87,38.82,6.21,35.84
4898,778,2025-04-01,Electronics,110.15,0.0,0,110.15,79.31,6.65,24.19
4899,779,2024-07-21,Electronics,334.32,0.0,0,334.32,240.71,10.01,83.6
4900,779,2024-09-15,Home,189.09,0.1,0,170.18,90.76,7.55,71.87
4901,779,2025-01-15,Accessories,43.37,0.05,0,41.21,13.01,5.62,22.58
4902,779,2025-01-21,Home,88.2,0.2,0,70.56,42.33,6.06,22.17
4903,779,2025-02-13,Electronics,268.84,0.05,0,255.4,193.57,8.83,53.0
4904,779,2025-03-10,Accessories,46.72,0.05,0,44.38,14.01,5.67,24.7
4905,779,2025-04-11,Electronics,350.94,0.1,0,315.84,252.67,9.74,53.43
4906,780,2024-08-13,Accessories,30.6,0.0,1,0.0,0.0,12.46,-12.46
4907,780,2025-03-21,Home,84.44,0.05,0,80.22,40.53,6.2,33.49
4908,780,2025-06-24,Apparel,74.72,0.1,0,67.25,26.15,6.01,35.09
4909,781,2024-04-23,Apparel,96.48,0.05,0,91.66,33.77,6.37,51.52
4910,782,2024-07-03,Electronics,132.96,0.0,0,132.96,95.73,6.99,30.24
4911,782,2024-09-28,Home,99.16,0.0,0,99.16,47.6,6.49,45.07
4912,782,2024-10-02,Apparel,66.74,0.0,0,66.74,23.36,6.0,37.38
4913,782,2024-11-06,Home,40.58,0.0,0,40.58,19.48,5.61,15.49
4914,782,2024-12-20,Home,136.75,0.0,0,136.75,65.64,7.05,64.06
4915,782,2024-12-18,Apparel,56.76,0.0,1,0.0,0.0,12.85,-12.85
4916,782,2025-03-03,Accessories,27.69,0.05,0,26.3,8.31,5.39,12.6
4917,783,2024-07-14,Electronics,189.19,0.1,0,170.27,136.22,7.55,26.5
4918,783,2024-07-28,Electronics,352.75,0.05,0,335.12,253.98,10.03,71.11
4919,783,2024-07-24,Home,111.05,0.0,0,111.05,53.3,6.67,51.08
4920,783,2024-08-07,Electronics,183.95,0.0,1,0.0,0.0,14.76,-14.76
4921,783,2024-09-09,Apparel,51.73,0.2,1,0.0,0.0,12.62,-12.62
4922,783,2024-10-07,Accessories,33.81,0.05,0,32.12,10.14,5.48,16.5
4923,783,2024-11-08,Home,159.99,0.1,0,143.99,76.8,7.16,60.03
4924,783,2024-11-05,Apparel,69.77,0.0,0,69.77,24.42,6.05,39.3
4925,783,2024-12-13,Accessories,48.18,0.2,0,38.54,14.45,5.58,18.51
4926,783,2025-01-11,Home,118.97,0.05,0,113.02,57.11,6.7,49.21
4927,783,2025-01-18,Electronics,161.12,0.0,0,161.12,116.01,7.42,37.69
4928,784,2024-05-21,Home,61.81,0.1,0,55.63,29.67,5.83,20.13
4929,784,2024-05-18,Apparel,118.17,0.0,1,0.0,0.0,13.77,-13.77
4930,784,2024-06-09,Apparel,64.53,0.05,0,61.31,22.59,5.92,32.8
4931,784,2024-06-04,Accessories,62.27,0.0,0,62.27,18.68,5.93,37.66
4932,784,2024-06-21,Home,50.79,0.1,0,45.71,24.38,5.69,15.64
4933,784,2024-08-04,Apparel,85.29,0.0,0,85.29,29.85,6.28,49.16
4934,784,2024-10-21,Apparel,69.12,0.05,1,0.0,0.0,12.99,-12.99
4935,784,2024-12-04,Apparel,53.64,0.05,0,50.95,18.77,5.76,26.42
4936,784,2025-01-20,Apparel,66.15,0.1,1,0.0,0.0,12.89,-12.89
4937,784,2025-03-25,Home,76.51,0.1,0,68.86,36.72,6.03,26.11
4938,784,2025-04-05,Electronics,182.28,0.1,0,164.05,131.24,7.46,25.35
4939,784,2025-06-19,Electronics,224.75,0.2,0,179.8,161.82,7.7,10.28
4940,785,2024-02-24,Accessories,81.89,0.05,0,77.8,24.57,6.17,47.06
4941,785,2024-04-10,Apparel,69.87,0.0,1,0.0,0.0,13.05,-13.05
4942,785,2024-09-10,Electronics,260.36,0.05,0,247.34,187.46,8.71,51.17
4943,785,2024-10-22,Apparel,45.13,0.0,1,0.0,0.0,12.68,-12.68
4944,785,2024-12-03,Accessories,33.85,0.1,0,30.47,10.16,5.46,14.85
4945,785,2025-04-27,Home,124.25,0.05,0,118.03,59.64,6.77,51.62
4946,786,2024-04-22,Electronics,298.66,0.0,0,298.66,215.03,9.48,74.15
4947,786,2024-07-23,Accessories,52.42,0.1,0,47.18,15.73,5.71,25.74
4948,786,2024-08-20,Apparel,127.72,0.05,0,121.33,44.7,6.82,69.81
4949,786,2024-08-11,Electronics,174.6,0.1,0,157.14,125.72,7.36,24.06
4950,786,2024-09-14,Home,101.67,0.05,0,96.59,48.8,6.45,41.34
4951,786,2024-10-15,Apparel,36.78,0.05,0,34.94,12.87,5.52,16.55
4952,786,2024-10-24,Accessories,65.42,0.1,0,58.87,19.62,5.88,33.37
4953,786,2024-12-02,Home,72.88,0.2,0,58.31,34.98,5.87,17.46
4954,786,2024-12-03,Apparel,41.29,0.2,0,33.03,14.45,5.5,13.08
4955,786,2025-04-06,Accessories,50.54,0.2,0,40.43,15.16,5.61,19.66
4956,787,2024-07-07,Apparel,39.75,0.05,0,37.76,13.91,5.57,18.28
4957,787,2024-08-02,Electronics,362.58,0.2,0,290.07,261.06,9.35,19.66
4958,787,2024-08-20,Electronics,166.54,0.1,0,149.88,119.91,7.25,22.72
4959,787,2024-09-17,Accessories,55.25,0.2,0,44.2,16.57,5.66,21.97
4960,787,2024-11-12,Accessories,24.59,0.1,0,22.13,7.38,5.33,9.42
4961,787,2025-01-17,Electronics,143.55,0.0,0,143.55,103.35,7.15,33.05
4962,787,2025-04-04,Apparel,49.45,0.1,0,44.51,17.31,5.67,21.53
4963,787,2025-05-13,Accessories,49.39,0.2,0,39.51,14.82,5.59,19.1
4964,787,2025-06-04,Home,120.5,0.05,0,114.48,57.84,6.72,49.92
4965,788,2024-03-20,Accessories,37.06,0.1,0,33.36,11.12,5.5,16.74
4966,788,2024-08-21,Home,123.99,0.0,0,123.99,59.52,6.86,57.61
4967,788,2024-08-26,Accessories,48.29,0.2,0,38.63,14.49,5.58,18.56
4968,788,2024-08-18,Apparel,30.57,0.0,0,30.57,10.7,5.46,14.41
4969,788,2025-05-07,Apparel,31.27,0.1,0,28.15,10.95,5.42,11.78
4970,789,2024-04-07,Accessories,28.43,0.2,0,22.74,8.53,5.34,8.87
4971,789,2024-04-19,Electronics,78.56,0.2,0,62.85,56.56,5.94,0.35
4972,789,2024-04-21,Electronics,161.99,0.1,0,145.79,116.63,7.19,21.97
4973,789,2024-07-16,Apparel,32.75,0.05,0,31.11,11.46,5.47,14.18
4974,789,2024-08-01,Accessories,58.04,0.05,0,55.14,17.41,5.83,31.9
4975,789,2024-09-02,Accessories,57.19,0.0,0,57.19,17.16,5.86,34.17
4976,789,2024-12-23,Home,77.24,0.0,0,77.24,37.08,6.16,34.0
4977,789,2025-03-21,Apparel,41.22,0.1,1,0.0,0.0,12.56,-12.56
4978,790,2024-07-08,Accessories,45.52,0.1,0,40.97,13.66,5.61,21.7
4979,791,2024-10-08,Home,133.81,0.1,0,120.43,64.23,6.81,49.39
4980,791,2024-11-24,Electronics,159.48,0.1,0,143.53,114.83,7.15,21.55
4981,791,2024-12-02,Home,51.15,0.05,0,48.59,24.55,5.73,18.31
4982,791,2025-03-03,Home,34.92,0.2,0,27.93,16.76,5.42,5.75
4983,791,2025-03-10,Home,80.69,0.0,0,80.69,38.73,6.21,35.75
4984,791,2025-03-12,Electronics,91.5,0.1,0,82.35,65.88,6.24,10.23
4985,791,2025-04-25,Accessories,85.13,0.0,0,85.13,25.54,6.28,53.31
4986,791,2025-05-15,Home,220.66,0.05,0,209.62,105.92,8.14,95.56
4987,791,2025-06-23,Home,74.96,0.1,0,67.46,35.98,6.01,25.47
4988,792,2024-04-02,Home,241.3,0.1,0,217.17,115.83,8.26,93.08
4989,792,2024-06-21,Accessories,57.19,0.05,0,54.33,17.16,5.81,31.36
4990,792,2024-07-24,Apparel,59.87,0.05,0,56.87,20.95,5.85,30.07
4991,792,2025-02-07,Apparel,93.44,0.1,0,84.09,32.7,6.26,45.13
4992,792,2025-02-17,Electronics,187.36,0.1,1,0.0,0.0,14.53,-14.53
4993,792,2025-02-08,Electronics,185.24,0.05,1,0.0,0.0,14.64,-14.64
4994,792,2025-03-15,Accessories,55.38,0.2,0,44.3,16.61,5.66,22.03
4995,793,2024-02-10,Home,94.39,0.0,0,94.39,45.31,6.42,42.66
4996,793,2024-02-27,Apparel,84.61,0.05,0,80.38,29.62,6.21,44.55
4997,793,2024-06-06,Apparel,78.32,0.2,0,62.65,27.41,5.94,29.3
4998,793,2024-07-21,Electronics,200.22,0.05,0,190.21,144.16,7.85,38.2
4999,793,2024-12-11,Home,69.4,0.05,0,65.93,33.31,5.99,26.63
5000,793,2025-04-05,Electronics,170.3,0.0,0,170.3,122.62,7.55,40.13
5001,794,2024-04-27,Electronics,85.93,0.05,0,81.63,61.87,6.22,13.54
5002,794,2024-05-11,Home,186.55,0.05,0,177.22,89.54,7.66,80.02
5003,794,2024-05-22,Home,117.0,0.1,0,105.3,56.16,6.58,42.56
5004,794,2024-06-10,Home,126.97,0.0,0,126.97,60.95,6.9,59.12
5005,794,2024-08-02,Apparel,47.37,0.1,0,42.63,16.58,5.64,20.41
5006,794,2024-09-24,Home,161.67,0.05,0,153.58,77.6,7.3,68.68
5007,794,2024-09-24,Apparel,57.55,0.05,0,54.67,20.14,5.82,28.71
5008,794,2024-09-20,Electronics,117.38,0.05,0,111.51,84.51,6.67,20.33
5009,794,2024-09-15,Home,72.88,0.1,0,65.59,34.98,5.98,24.63
5010,794,2024-10-02,Apparel,46.96,0.0,0,46.96,16.44,5.7,24.82
5011,794,2024-10-13,Apparel,87.22,0.05,0,82.86,30.53,6.24,46.09
5012,794,2024-11-25,Electronics,117.28,0.0,0,117.28,84.44,6.76,26.08
5013,794,2024-11-20,Accessories,28.2,0.1,0,25.38,8.46,5.38,11.54
5014,794,2025-01-18,Accessories,64.62,0.1,0,58.16,19.39,5.87,32.9
5015,794,2025-03-25,Apparel,120.47,0.05,0,114.45,42.17,6.72,65.56
5016,794,2025-04-07,Accessories,91.54,0.05,0,86.97,27.46,6.3,53.21
5017,795,2024-04-28,Home,129.72,0.0,0,129.72,62.26,6.95,60.51
5018,795,2024-04-19,Home,60.7,0.0,0,60.7,29.14,5.91,25.65
5019,795,2024-06-07,Electronics,338.11,0.05,0,321.2,243.44,9.82,67.94
5020,795,2024-08-04,Home,95.45,0.2,0,76.36,45.82,6.15,24.39
5021,796,2024-05-01,Apparel,99.05,0.1,0,89.15,34.67,6.34,48.14
5022,796,2024-05-10,Accessories,26.08,0.0,0,26.08,7.82,5.39,12.87
5023,796,2024-11-28,Apparel,29.79,0.05,0,28.3,10.42,5.42,12.46
5024,796,2024-11-24,Home,80.86,0.0,0,80.86,38.81,6.21,35.84
5025,796,2024-11-22,Electronics,131.32,0.1,0,118.19,94.55,6.77,16.87
5026,796,2024-11-26,Electronics,282.07,0.2,0,225.66,203.09,8.38,14.19
5027,796,2024-11-10,Home,194.2,0.2,0,155.36,93.22,7.33,54.81
5028,796,2024-12-11,Accessories,41.76,0.05,0,39.67,12.53,5.6,21.54
5029,796,2025-03-20,Accessories,98.33,0.05,0,93.42,29.5,6.4,57.52
5030,797,2024-07-01,Accessories,44.41,0.0,0,44.41,13.32,5.67,25.42
5031,797,2024-07-26,Apparel,80.66,0.0,0,80.66,28.23,6.21,46.22
5032,797,2024-07-20,Home,116.84,0.05,0,111.0,56.08,6.66,48.26
5033,797,2024-08-20,Electronics,177.05,0.1,0,159.34,127.47,7.39,24.48
5034,797,2024-09-21,Accessories,58.45,0.1,0,52.6,17.53,5.79,29.28
5035,797,2025-03-20,Electronics,262.12,0.0,0,262.12,188.73,8.93,64.46
5036,797,2025-04-20,Accessories,39.91,0.05,0,37.91,11.97,5.57,20.37
5037,798,2024-08-04,Accessories,44.72,0.1,0,40.24,13.41,5.6,21.23
5038,798,2025-01-23,Home,142.69,0.2,0,114.15,68.49,6.71,38.95
5039,799,2024-03-14,Accessories,41.79,0.0,0,41.79,12.54,5.63,23.62
5040,799,2024-04-24,Apparel,45.34,0.05,0,43.08,15.87,5.65,21.56
5041,799,2024-05-08,Accessories,32.02,0.1,1,0.0,0.0,12.43,-12.43
5042,799,2024-06-12,Home,112.64,0.05,0,107.01,54.07,6.61,46.33
5043,799,2024-07-09,Apparel,126.22,0.0,0,126.22,44.18,6.89,75.15
5044,799,2024-07-07,Electronics,179.64,0.1,0,161.68,129.34,7.43,24.91
5045,799,2024-08-03,Apparel,53.01,0.05,0,50.36,18.55,5.76,26.05
5046,799,2024-10-28,Accessories,60.73,0.0,0,60.73,18.22,5.91,36.6
5047,799,2025-01-09,Apparel,44.82,0.0,0,44.82,15.69,5.67,23.46
5048,799,2025-05-16,Electronics,187.7,0.1,0,168.93,135.14,7.53,26.26
5049,800,2024-07-15,Electronics,92.67,0.2,0,74.14,66.72,6.11,1.31
5050,800,2024-12-02,Home,121.8,0.05,0,115.71,58.47,6.74,50.5
5051,800,2025-01-21,Accessories,34.16,0.0,0,34.16,10.25,5.51,18.4
5052,800,2025-01-15,Accessories,38.16,0.2,1,0.0,0.0,12.46,-12.46
5053,800,2025-02-23,Home,116.52,0.1,0,104.86,55.93,6.57,42.36
5054,800,2025-02-19,Accessories,41.29,0.0,1,0.0,0.0,12.62,-12.62
5055,800,2025-02-14,Home,97.66,0.1,0,87.9,46.88,6.32,34.7
5056,800,2025-04-03,Accessories,68.2,0.0,0,68.2,20.46,6.02,41.72
5057,800,2025-05-21,Apparel,43.88,0.05,0,41.69,15.36,5.63,20.7
5058,801,2024-10-13,Accessories,40.73,0.05,0,38.69,12.22,5.58,20.89
5059,801,2024-10-16,Apparel,36.47,0.1,0,32.82,12.76,5.49,14.57
5060,801,2025-03-13,Accessories,31.05,0.05,0,29.49,9.31,5.44,14.74
5061,801,2025-04-22,Electronics,186.66,0.05,0,177.32,134.39,7.66,35.27
5062,802,2024-07-14,Electronics,172.94,0.0,1,0.0,0.0,14.59,-14.59
5063,802,2024-12-19,Apparel,70.68,0.0,0,70.68,24.74,6.06,39.88
5064,802,2024-12-26,Accessories,30.49,0.1,0,27.44,9.15,5.41,12.88
5065,802,2024-12-18,Apparel,30.15,0.0,0,30.15,10.55,5.45,14.15
5066,802,2025-02-02,Accessories,31.66,0.05,0,30.08,9.5,5.45,15.13
5067,802,2025-04-26,Accessories,65.19,0.05,0,61.93,19.56,5.93,36.44
5068,802,2025-04-05,Electronics,219.87,0.2,0,175.89,158.3,7.64,9.95
5069,803,2024-06-15,Electronics,107.66,0.0,0,107.66,77.52,6.61,23.53
5070,803,2024-06-12,Accessories,58.28,0.1,0,52.45,17.48,5.79,29.18
5071,803,2024-07-27,Apparel,132.97,0.05,0,126.32,46.54,6.89,72.89
5072,803,2024-09-09,Apparel,123.79,0.2,0,99.03,43.33,6.49,49.21
5073,803,2024-12-20,Accessories,32.63,0.0,0,32.63,9.79,5.49,17.35
5074,803,2025-03-18,Electronics,375.72,0.2,0,300.58,270.52,9.51,20.55
5075,804,2024-01-14,Home,74.72,0.1,0,67.25,35.87,6.01,25.37
5076,804,2024-02-20,Home,106.83,0.05,0,101.49,51.28,6.52,43.69
5077,804,2024-02-22,Apparel,57.53,0.0,0,57.53,20.14,5.86,31.53
5078,804,2024-03-04,Home,161.89,0.0,0,161.89,77.71,7.43,76.75
5079,804,2024-09-06,Home,96.27,0.0,0,96.27,46.21,6.44,43.62
5080,804,2025-01-23,Home,133.98,0.1,0,120.58,64.31,6.81,49.46
5081,804,2025-01-28,Electronics,364.04,0.0,0,364.04,262.11,10.46,91.47
5082,805,2024-02-16,Home,74.81,0.1,0,67.33,35.91,6.01,25.41
5083,805,2024-02-17,Home,114.34,0.05,0,108.62,54.88,6.63,47.11
5084,805,2024-05-12,Apparel,94.42,0.05,0,89.7,33.05,6.35,50.3
5085,805,2024-07-27,Apparel,48.83,0.0,0,48.83,17.09,5.73,26.01
5086,805,2024-07-22,Electronics,311.03,0.0,0,311.03,223.95,9.67,77.41
5087,805,2024-10-22,Accessories,34.03,0.0,0,34.03,10.21,5.51,18.31
5088,805,2025-03-11,Home,64.99,0.2,0,51.99,31.2,5.78,15.01
5089,806,2024-02-02,Accessories,44.88,0.05,0,42.63,13.46,5.64,23.53
5090,806,2024-02-15,Apparel,71.31,0.0,0,71.31,24.96,6.07,40.28
5091,806,2024-05-23,Home,74.72,0.05,0,70.99,35.87,6.06,29.06
5092,806,2024-05-17,Home,105.61,0.0,0,105.61,50.69,6.58,48.34
5093,806,2024-06-10,Apparel,29.54,0.1,0,26.59,10.34,5.4,10.85
5094,806,2024-07-24,Home,98.62,0.2,0,78.9,47.34,6.18,25.38
5095,806,2024-07-19,Accessories,13.39,0.2,0,10.71,4.02,5.16,1.53
5096,806,2024-08-14,Electronics,182.86,0.0,0,182.86,131.66,7.74,43.46
5097,806,2024-09-17,Accessories,32.28,0.05,0,30.67,9.68,5.46,15.53
5098,806,2024-09-24,Electronics,236.58,0.05,0,224.75,170.34,8.37,46.04
5099,806,2024-11-27,Apparel,59.5,0.2,1,0.0,0.0,12.71,-12.71
5100,806,2025-01-26,Home,50.45,0.05,0,47.93,24.22,5.72,17.99
5101,806,2025-01-19,Accessories,75.23,0.2,0,60.18,22.57,5.9,31.71
5102,806,2025-02-14,Accessories,34.24,0.1,0,30.81,10.27,5.46,15.08
5103,806,2025-03-14,Accessories,30.58,0.0,1,0.0,0.0,12.46,-12.46
5104,806,2025-04-12,Home,161.32,0.0,0,161.32,77.44,7.42,76.46
5105,806,2025-06-18,Apparel,114.88,0.0,0,114.88,40.21,6.72,67.95
5106,806,2025-06-22,Accessories,76.1,0.1,0,68.49,22.83,6.03,39.63
5107,807,2024-05-28,Accessories,79.04,0.1,0,71.14,23.71,6.07,41.36
5108,807,2024-08-02,Accessories,62.43,0.2,0,49.95,18.73,5.75,25.47
5109,807,2025-06-01,Home,178.27,0.1,0,160.44,85.57,7.41,67.46
5110,807,2025-06-01,Home,133.26,0.1,0,119.93,63.96,6.8,49.17
5111,808,2024-07-09,Accessories,28.35,0.1,0,25.51,8.5,5.38,11.63
5112,808,2024-08-21,Apparel,85.81,0.1,0,77.23,30.03,6.16,41.04
5113,808,2024-10-09,Accessories,54.81,0.0,0,54.81,16.44,5.82,32.55
5114,808,2024-10-24,Apparel,52.87,0.05,0,50.23,18.5,5.75,25.98
5115,808,2024-12-14,Accessories,27.95,0.0,0,27.95,8.39,5.42,14.14
5116,809,2024-08-17,Home,68.93,0.0,1,0.0,0.0,13.03,-13.03
5117,809,2024-08-13,Apparel,54.49,0.0,1,0.0,0.0,12.82,-12.82
5118,809,2024-08-18,Electronics,100.4,0.0,0,100.4,72.29,6.51,21.6
5119,809,2024-09-11,Apparel,76.0,0.1,0,68.4,26.6,6.03,35.77
5120,809,2025-01-21,Apparel,78.95,0.2,0,63.16,27.63,5.95,29.58
5121,809,2025-01-21,Apparel,116.76,0.05,0,110.92,40.87,6.66,63.39
5122,809,2025-01-27,Accessories,93.15,0.1,0,83.83,27.94,6.26,49.63
5123,809,2025-02-19,Electronics,275.26,0.0,0,275.26,198.19,9.13,67.94
5124,809,2025-03-13,Apparel,46.05,0.05,0,43.75,16.12,5.66,21.97
5125,809,2025-05-06,Electronics,198.68,0.05,0,188.74,143.05,7.83,37.86
5126,810,2024-02-06,Apparel,113.95,0.1,0,102.55,39.88,6.54,56.13
5127,810,2024-03-01,Electronics,186.32,0.0,0,186.32,134.15,7.79,44.38
5128,810,2024-04-03,Apparel,62.45,0.1,0,56.2,21.86,5.84,28.5
5129,810,2024-05-09,Accessories,24.41,0.1,0,21.97,7.32,5.33,9.32
5130,810,2024-07-05,Electronics,153.96,0.1,0,138.57,110.85,7.08,20.64
5131,810,2024-07-20,Home,83.75,0.0,0,83.75,40.2,6.26,37.29
5132,811,2024-05-09,Home,72.67,0.0,1,0.0,0.0,13.09,-13.09
5133,811,2024-05-04,Accessories,52.05,0.0,0,52.05,15.61,5.78,30.66
5134,811,2024-07-18,Apparel,108.49,0.05,0,103.06,37.97,6.55,58.54
5135,811,2024-08-13,Home,212.37,0.05,0,201.76,101.94,8.03,91.79
5136,811,2024-11-27,Electronics,118.76,0.05,0,112.83,85.51,6.69,20.63
5137,811,2024-11-05,Electronics,220.9,0.1,0,198.81,159.05,7.98,31.78
5138,811,2024-12-02,Electronics,143.41,0.0,0,143.41,103.25,7.15,33.01
5139,811,2024-12-23,Electronics,145.7,0.05,0,138.41,104.9,7.08,26.43
5140,811,2025-03-14,Electronics,169.33,0.1,0,152.4,121.92,7.29,23.19
5141,811,2025-05-15,Electronics,283.25,0.0,0,283.25,203.94,9.25,70.06
5142,812,2024-05-04,Home,140.93,0.0,0,140.93,67.64,7.11,66.18
5143,812,2024-07-28,Apparel,50.16,0.0,0,50.16,17.56,5.75,26.85
5144,812,2024-12-22,Apparel,48.46,0.1,0,43.62,16.96,5.65,21.01
5145,812,2024-12-09,Home,69.8,0.0,0,69.8,33.5,6.05,30.25
5146,813,2024-12-02,Home,170.15,0.2,0,136.12,81.67,7.04,47.41
5147,813,2025-01-24,Apparel,47.83,0.05,0,45.44,16.74,5.68,23.02
5148,813,2025-01-27,Home,171.96,0.0,0,171.96,82.54,7.58,81.84
5149,813,2025-01-25,Home,92.22,0.2,0,73.78,44.27,6.11,23.4
5150,813,2025-03-23,Accessories,40.81,0.05,0,38.77,12.24,5.58,20.95
5151,813,2025-03-11,Electronics,220.04,0.05,0,209.04,158.43,8.14,42.47
5152,814,2024-03-03,Electronics,351.74,0.1,0,316.57,253.26,9.75,53.56
5153,814,2024-04-13,Electronics,294.03,0.05,0,279.32,211.7,9.19,58.43
5154,814,2024-05-18,Apparel,125.78,0.2,0,100.62,44.02,6.51,50.09
5155,814,2024-07-25,Accessories,28.15,0.0,0,28.15,8.45,5.42,14.28
5156,814,2024-07-13,Home,98.43,0.1,0,88.59,47.25,6.33,35.01
5157,814,2024-08-25,Accessories,23.74,0.2,0,19.0,7.12,5.28,6.6
5158,814,2024-09-21,Apparel,121.83,0.05,0,115.74,42.64,6.74,66.36
5159,814,2025-03-26,Home,46.84,0.1,1,0.0,0.0,12.63,-12.63
5160,814,2025-05-01,Electronics,281.9,0.2,0,225.52,202.96,8.38,14.18
5161,815,2024-06-09,Apparel,46.09,0.0,0,46.09,16.13,5.69,24.27
5162,815,2024-06-03,Apparel,61.05,0.1,0,54.95,21.37,5.82,27.76
5163,815,2024-08-25,Electronics,203.27,0.05,0,193.1,146.35,7.9,38.85
5164,815,2024-12-14,Electronics,194.57,0.1,1,0.0,0.0,14.63,-14.63
5165,815,2025-06-21,Apparel,44.77,0.2,0,35.82,15.67,5.54,14.61
5166,816,2024-02-24,Apparel,48.06,0.0,0,48.06,16.82,5.72,25.52
5167,816,2024-02-24,Home,115.08,0.05,0,109.33,55.24,6.64,47.45
5168,816,2024-06-11,Accessories,63.61,0.05,0,60.43,19.08,5.91,35.44
5169,816,2024-09-12,Electronics,258.73,0.0,0,258.73,186.28,8.88,63.57
5170,816,2024-12-21,Apparel,38.6,0.0,0,38.6,13.51,5.58,19.51
5171,816,2025-02-28,Accessories,86.3,0.05,0,81.98,25.89,6.23,49.86
5172,816,2025-03-04,Home,61.8,0.1,0,55.62,29.67,5.83,20.12
5173,816,2025-05-18,Home,132.17,0.0,0,132.17,63.44,6.98,61.75
5174,816,2025-05-12,Electronics,182.86,0.2,0,146.29,131.66,7.19,7.44
5175,816,2025-06-10,Accessories,24.04,0.0,0,24.04,7.21,5.36,11.47
5176,817,2024-09-09,Accessories,25.06,0.05,0,23.81,7.52,5.36,10.93
5177,817,2025-06-10,Accessories,42.49,0.2,0,33.99,12.75,5.51,15.73
5178,818,2024-02-19,Accessories,33.03,0.05,0,31.38,9.91,5.47,16.0
5179,818,2024-02-28,Electronics,118.24,0.1,0,106.41,85.13,6.6,14.68
5180,818,2024-03-14,Apparel,64.94,0.0,0,64.94,22.73,5.97,36.24
5181,818,2024-04-28,Accessories,48.32,0.1,0,43.49,14.5,5.65,23.34
5182,818,2024-08-23,Apparel,39.62,0.0,0,39.62,13.87,5.59,20.16
5183,818,2024-08-04,Home,68.5,0.0,0,68.5,32.88,6.03,29.59
5184,818,2025-02-12,Accessories,33.13,0.0,1,0.0,0.0,12.5,-12.5
5185,818,2025-02-09,Accessories,33.99,0.0,0,33.99,10.2,5.51,18.28
5186,819,2024-11-17,Home,62.54,0.0,0,62.54,30.02,5.94,26.58
5187,819,2025-03-18,Accessories,32.52,0.05,0,30.89,9.75,5.46,15.68
5188,819,2025-03-25,Accessories,71.09,0.0,1,0.0,0.0,13.07,-13.07
5189,819,2025-05-08,Apparel,48.49,0.0,0,48.49,16.97,5.73,25.79
5190,819,2025-06-14,Apparel,102.3,0.0,0,102.3,35.81,6.53,59.96
5191,819,2025-06-04,Electronics,401.48,0.0,0,401.48,289.07,11.02,101.39
5192,820,2024-05-28,Accessories,83.17,0.05,0,79.01,24.95,6.19,47.87
5193,820,2024-05-22,Home,120.24,0.1,0,108.22,57.72,6.62,43.88
5194,821,2024-01-20,Home,83.5,0.2,0,66.8,40.08,6.0,20.72
5195,821,2024-07-13,Apparel,32.07,0.1,1,0.0,0.0,12.43,-12.43
5196,821,2025-01-13,Apparel,55.18,0.2,0,44.15,19.31,5.66,19.18
5197,822,2024-03-07,Electronics,133.34,0.0,0,133.34,96.01,7.0,30.33
5198,822,2024-04-09,Electronics,327.1,0.0,0,327.1,235.51,9.91,81.68
5199,822,2024-04-11,Accessories,63.04,0.2,0,50.43,18.91,5.76,25.76
5200,822,2024-07-03,Electronics,234.34,0.1,0,210.91,168.73,8.16,34.02
5201,822,2024-08-08,Electronics,282.66,0.1,0,254.4,203.52,8.82,42.06
5202,822,2024-08-04,Apparel,63.28,0.05,1,0.0,0.0,12.9,-12.9
5203,822,2025-03-27,Home,39.34,0.0,0,39.34,18.88,5.59,14.87
5204,822,2025-03-08,Accessories,54.36,0.0,0,54.36,16.31,5.82,32.23
5205,822,2025-03-16,Electronics,133.5,0.1,0,120.15,96.12,6.8,17.23
5206,822,2025-03-20,Apparel,71.21,0.05,0,67.65,24.92,6.01,36.72
5207,822,2025-05-14,Home,54.12,0.05,0,51.41,25.98,5.77,19.66
5208,823,2024-04-07,Electronics,161.4,0.1,0,145.26,116.21,7.18,21.87
5209,823,2024-12-07,Accessories,18.61,0.2,0,14.89,5.58,5.22,4.09
5210,823,2024-12-24,Accessories,20.44,0.0,0,20.44,6.13,5.31,9.0
5211,824,2024-07-10,Accessories,40.64,0.1,0,36.58,12.19,5.55,18.84
5212,824,2024-09-03,Home,113.6,0.0,0,113.6,54.53,6.7,52.37
5213,824,2024-09-19,Apparel,55.81,0.05,0,53.02,19.53,5.8,27.69
5214,824,2024-11-26,Electronics,170.64,0.0,0,170.64,122.86,7.56,40.22
5215,824,2024-11-03,Accessories,30.95,0.2,1,0.0,0.0,12.37,-12.37
5216,824,2024-12-07,Home,100.46,0.2,0,80.37,48.22,6.21,25.94
5217,824,2025-02-26,Accessories,35.33,0.1,0,31.8,10.6,5.48,15.72
5218,824,2025-02-16,Accessories,54.38,0.0,0,54.38,16.31,5.82,32.25
5219,825,2024-04-02,Accessories,64.79,0.0,1,0.0,0.0,12.97,-12.97
5220,825,2024-05-27,Electronics,140.77,0.05,0,133.73,101.35,7.01,25.37
5221,825,2024-06-22,Home,129.88,0.0,0,129.88,62.34,6.95,60.59
5222,825,2024-07-10,Accessories,22.47,0.0,0,22.47,6.74,5.34,10.39
5223,825,2024-09-19,Electronics,109.31,0.2,0,87.44,78.7,6.31,2.43
5224,825,2025-01-05,Electronics,173.2,0.0,0,173.2,124.7,7.6,40.9
5225,825,2025-02-21,Electronics,157.29,0.05,0,149.42,113.25,7.24,28.93
5226,825,2025-03-21,Apparel,57.0,0.0,0,57.0,19.95,5.85,31.2
5227,826,2024-06-07,Electronics,253.15,0.05,0,240.49,182.27,8.61,49.61
5228,826,2024-07-06,Apparel,75.41,0.0,0,75.41,26.4,6.13,42.88
5229,826,2024-07-04,Home,118.63,0.05,0,112.7,56.94,6.69,49.07
5230,826,2024-09-17,Home,85.14,0.1,0,76.62,40.87,6.15,29.6
5231,826,2024-10-02,Electronics,168.44,0.05,0,160.02,121.28,7.4,31.34
5232,826,2024-12-17,Home,36.63,0.2,0,29.31,17.58,5.44,6.29
5233,826,2025-04-09,Accessories,18.49,0.0,0,18.49,5.55,5.28,7.66
5234,826,2025-06-19,Apparel,101.94,0.1,0,91.75,35.68,6.38,49.69
5235,826,2025-06-23,Apparel,130.31,0.0,0,130.31,45.61,6.95,77.75
5236,827,2024-09-17,Accessories,36.52,0.1,0,32.87,10.96,5.49,16.42
5237,827,2024-10-07,Electronics,380.0,0.0,0,380.0,273.6,10.7,95.7
5238,827,2024-10-07,Home,102.96,0.0,0,102.96,49.42,6.54,47.0
5239,827,2024-11-05,Electronics,392.15,0.0,0,392.15,282.35,10.88,98.92
5240,827,2024-11-23,Electronics,127.91,0.0,1,0.0,0.0,13.92,-13.92
5241,827,2025-01-26,Home,83.99,0.05,0,79.79,40.32,6.2,33.27
5242,827,2025-03-06,Home,66.88,0.05,0,63.53,32.1,5.95,25.48
5243,827,2025-03-23,Apparel,51.71,0.0,0,51.71,18.1,5.78,27.83
5244,827,2025-04-01,Accessories,41.85,0.05,0,39.76,12.56,5.6,21.6
5245,827,2025-04-12,Home,110.46,0.05,0,104.94,53.02,6.57,45.35
5246,827,2025-04-19,Apparel,148.57,0.1,0,133.71,52.0,7.01,74.7
5247,827,2025-05-20,Electronics,115.71,0.1,0,104.13,83.31,6.56,14.26
5248,827,2025-05-23,Accessories,35.86,0.0,1,0.0,0.0,12.54,-12.54
5249,828,2024-04-18,Accessories,48.51,0.2,0,38.81,14.55,5.58,18.68
5250,828,2024-05-15,Accessories,73.14,0.05,0,69.48,21.94,6.04,41.5
5251,828,2024-08-11,Accessories,35.66,0.05,0,33.88,10.7,5.51,17.67
5252,828,2024-08-16,Home,87.06,0.05,0,82.71,41.79,6.24,34.68
5253,828,2024-10-27,Accessories,84.11,0.05,0,79.9,25.23,6.2,48.47
5254,828,2025-01-04,Home,65.91,0.0,0,65.91,31.64,5.99,28.28
5255,828,2025-03-08,Home,154.1,0.05,0,146.39,73.97,7.2,65.22
5256,828,2025-04-13,Electronics,216.77,0.2,0,173.42,156.08,7.6,9.74
5257,829,2024-07-13,Home,146.61,0.1,0,131.95,70.37,6.98,54.6
5258,829,2024-08-07,Accessories,57.73,0.1,0,51.95,17.32,5.78,28.85
5259,829,2024-10-01,Accessories,35.12,0.2,0,28.1,10.54,5.42,12.14
5260,829,2024-12-20,Apparel,57.96,0.05,0,55.06,20.29,5.83,28.94
5261,829,2025-01-03,Home,35.7,0.05,0,33.92,17.14,5.51,11.27
5262,829,2025-01-24,Electronics,296.41,0.1,0,266.76,213.41,9.0,44.35
5263,829,2025-03-14,Home,46.32,0.0,0,46.32,22.23,5.69,18.4
5264,829,2025-04-04,Home,73.17,0.1,0,65.85,35.12,5.99,24.74
5265,830,2024-05-16,Electronics,324.45,0.2,1,0.0,0.0,15.89,-15.89
5266,830,2024-12-16,Home,63.95,0.05,0,60.76,30.7,5.91,24.15
5267,830,2024-12-03,Home,62.22,0.2,0,49.77,29.86,5.75,14.16
5268,830,2025-01-11,Home,98.27,0.2,0,78.62,47.17,6.18,25.27
5269,830,2025-04-28,Home,86.4,0.0,0,86.4,41.47,6.3,38.63
5270,830,2025-04-17,Accessories,32.19,0.2,0,25.75,9.66,5.39,10.7
5271,831,2024-11-13,Electronics,252.59,0.2,0,202.07,181.86,8.03,12.18
5272,831,2024-11-02,Apparel,27.71,0.05,0,26.32,9.7,5.39,11.23
5273,831,2024-12-12,Accessories,27.03,0.0,1,0.0,0.0,12.41,-12.41
5274,832,2024-05-22,Apparel,106.63,0.1,1,0.0,0.0,13.44,-13.44
5275,832,2024-07-10,Electronics,217.75,0.1,0,195.97,156.78,7.94,31.25
5276,833,2024-08-17,Home,79.24,0.1,0,71.31,38.03,6.07,27.21
5277,833,2024-09-13,Accessories,38.29,0.1,0,34.46,11.49,5.52,17.45
5278,833,2024-09-12,Accessories,49.93,0.0,0,49.93,14.98,5.75,29.2
5279,833,2024-10-11,Home,73.24,0.1,0,65.92,35.16,5.99,24.77
5280,833,2024-10-22,Electronics,260.9,0.2,0,208.72,187.85,8.13,12.74
5281,833,2024-11-11,Apparel,30.73,0.0,1,0.0,0.0,12.46,-12.46
5282,833,2025-01-18,Electronics,136.65,0.05,0,129.82,98.39,6.95,24.48
5283,833,2025-02-16,Electronics,158.5,0.0,0,158.5,114.12,7.38,37.0
5284,833,2025-02-22,Accessories,21.66,0.2,0,17.33,6.5,5.26,5.57
5285,833,2025-03-03,Electronics,168.47,0.1,0,151.63,121.3,7.27,23.06
5286,833,2025-04-12,Home,87.01,0.0,0,87.01,41.76,6.31,38.94
5287,833,2025-04-27,Home,119.2,0.05,0,113.24,57.22,6.7,49.32
5288,834,2024-06-18,Apparel,78.36,0.0,0,78.36,27.43,6.18,44.75
5289,834,2024-11-21,Apparel,45.23,0.1,0,40.71,15.83,5.61,19.27
5290,834,2025-06-07,Apparel,48.12,0.2,0,38.5,16.84,5.58,16.08
5291,834,2025-06-10,Accessories,52.78,0.1,0,47.5,15.83,5.71,25.96
5292,835,2024-08-23,Home,74.17,0.05,0,70.46,35.6,6.06,28.8
5293,835,2024-09-02,Home,113.4,0.1,0,102.06,54.43,6.53,41.1
5294,835,2024-10-10,Accessories,43.13,0.0,1,0.0,0.0,12.65,-12.65
5295,835,2025-04-02,Accessories,30.13,0.2,0,24.11,9.04,5.36,9.71
5296,835,2025-06-11,Apparel,65.47,0.0,0,65.47,22.91,5.98,36.58
5297,836,2024-04-26,Apparel,100.58,0.05,1,0.0,0.0,13.43,-13.43
5298,836,2024-04-12,Apparel,41.33,0.2,0,33.07,14.47,5.5,13.1
5299,836,2025-02-14,Home,74.13,0.0,0,74.13,35.58,6.11,32.44
5300,836,2025-02-21,Apparel,94.25,0.1,0,84.82,32.99,6.27,45.56
5301,837,2024-04-11,Home,97.51,0.05,0,92.63,46.8,6.39,39.44
5302,837,2024-11-28,Home,69.99,0.1,0,62.99,33.59,5.94,23.46
5303,837,2024-12-16,Electronics,224.28,0.1,0,201.85,161.48,8.03,32.34
5304,837,2025-05-08,Apparel,112.54,0.2,0,90.04,39.39,6.35,44.3
5305,838,2024-05-10,Accessories,64.59,0.0,0,64.59,19.38,5.97,39.24
5306,838,2024-07-20,Electronics,224.05,0.2,0,179.24,161.32,7.69,10.23
5307,838,2024-12-25,Home,79.31,0.0,0,79.31,38.07,6.19,35.05
5308,838,2025-01-03,Home,74.16,0.0,0,74.16,35.6,6.11,32.45
5309,838,2025-02-09,Home,79.24,0.2,0,63.39,38.03,5.95,19.41
5310,838,2025-02-22,Accessories,33.67,0.2,0,26.93,10.1,5.4,11.43
5311,839,2024-06-07,Apparel,46.57,0.0,0,46.57,16.3,5.7,24.57
5312,839,2024-08-20,Home,69.68,0.05,0,66.2,33.45,5.99,26.76
5313,839,2024-08-04,Apparel,79.92,0.2,0,63.93,27.97,5.96,30.0
5314,839,2024-11-14,Electronics,203.21,0.2,0,162.57,146.31,7.44,8.82
5315,840,2024-01-18,Apparel,69.49,0.0,0,69.49,24.32,6.04,39.13
5316,840,2024-07-04,Apparel,46.69,0.1,0,42.02,16.34,5.63,20.05
5317,840,2024-10-13,Home,99.82,0.2,0,79.86,47.91,6.2,25.75
5318,840,2024-10-08,Accessories,88.55,0.2,0,70.84,26.56,6.06,38.22
5319,841,2025-01-09,Apparel,43.04,0.0,0,43.04,15.06,5.65,22.33
5320,841,2025-03-05,Home,51.16,0.1,0,46.05,24.56,5.69,15.8
5321,841,2025-05-28,Apparel,157.36,0.2,0,125.89,55.08,6.89,63.92
5322,841,2025-06-05,Accessories,47.69,0.05,0,45.31,14.31,5.68,25.32
5323,842,2024-09-12,Home,234.65,0.0,0,234.65,112.63,8.52,113.5
5324,842,2024-12-02,Home,64.8,0.05,0,61.56,31.11,5.92,24.53
5325,842,2024-12-11,Home,88.35,0.05,0,83.94,42.41,6.26,35.27
5326,842,2025-01-12,Home,106.95,0.05,0,101.6,51.33,6.52,43.75
5327,842,2025-02-19,Accessories,60.16,0.2,0,48.13,18.05,5.72,24.36
5328,842,2025-02-16,Apparel,40.28,0.1,0,36.26,14.1,5.54,16.62
5329,842,2025-02-04,Apparel,125.3,0.1,1,0.0,0.0,13.69,-13.69
5330,842,2025-05-19,Home,53.09,0.0,0,53.09,25.48,5.8,21.81
5331,843,2024-10-10,Electronics,192.96,0.0,0,192.96,138.93,7.89,46.14
5332,843,2025-04-20,Home,141.54,0.05,0,134.46,67.94,7.02,59.5
5333,843,2025-05-12,Home,155.52,0.2,1,0.0,0.0,13.87,-13.87
5334,844,2024-07-28,Home,87.66,0.2,0,70.13,42.08,6.05,22.0
5335,844,2025-02-27,Accessories,64.96,0.2,0,51.97,19.49,5.78,26.7
5336,845,2024-08-22,Apparel,79.39,0.0,0,79.39,27.79,6.19,45.41
5337,846,2024-03-10,Home,72.54,0.2,0,58.03,34.82,5.87,17.34
5338,846,2024-03-24,Electronics,199.91,0.0,0,199.91,143.94,8.0,47.97
5339,846,2024-03-06,Electronics,116.14,0.1,0,104.53,83.62,6.57,14.34
5340,846,2024-07-05,Apparel,65.84,0.0,0,65.84,23.04,5.99,36.81
5341,846,2024-12-10,Electronics,267.5,0.05,0,254.13,192.6,8.81,52.72
5342,846,2024-12-05,Apparel,35.66,0.1,0,32.09,12.48,5.48,14.13
5343,846,2025-03-22,Apparel,66.61,0.0,0,66.61,23.31,6.0,37.3
5344,847,2024-05-08,Apparel,56.45,0.05,0,53.63,19.76,5.8,28.07
5345,847,2024-05-22,Electronics,216.73,0.2,0,173.39,156.05,7.6,9.74
5346,848,2024-04-23,Apparel,93.83,0.05,0,89.14,32.84,6.34,49.96
5347,848,2024-07-21,Home,126.65,0.05,0,120.32,60.79,6.8,52.73
5348,848,2024-09-06,Accessories,36.5,0.0,0,36.5,10.95,5.55,20.0
5349,848,2024-11-16,Apparel,49.31,0.05,0,46.84,17.26,5.7,23.88
5350,849,2024-05-01,Apparel,30.56,0.1,0,27.5,10.69,5.41,11.4
5351,849,2024-06-11,Electronics,186.9,0.0,0,186.9,134.57,7.8,44.53
5352,849,2024-07-04,Home,96.63,0.1,0,86.97,46.38,6.3,34.29
5353,849,2024-07-15,Electronics,126.68,0.0,0,126.68,91.21,6.9,28.57
5354,849,2024-07-17,Accessories,31.19,0.1,0,28.07,9.36,5.42,13.29
5355,849,2024-09-16,Electronics,312.67,0.2,0,250.14,225.13,8.75,16.26
5356,849,2024-10-17,Accessories,31.21,0.05,0,29.65,9.36,5.44,14.85
5357,849,2024-12-13,Accessories,74.46,0.05,0,70.74,22.34,6.06,42.34
5358,850,2024-08-17,Electronics,150.97,0.1,0,135.88,108.7,7.04,20.14
5359,850,2024-09-07,Electronics,176.59,0.1,0,158.93,127.14,7.38,24.41
5360,850,2025-02-27,Electronics,445.48,0.2,0,356.39,320.75,10.35,25.29
5361,851,2024-07-26,Apparel,85.52,0.0,0,85.52,29.93,6.28,49.31
5362,851,2024-11-12,Accessories,21.34,0.2,1,0.0,0.0,12.26,-12.26
5363,851,2025-01-09,Electronics,214.18,0.05,0,203.48,154.21,8.05,41.22
5364,851,2025-01-12,Apparel,27.1,0.0,0,27.1,9.48,5.41,12.21
5365,852,2024-02-08,Electronics,147.07,0.2,0,117.66,105.89,6.76,5.01
5366,852,2024-04-08,Accessories,83.06,0.0,0,83.06,24.92,6.25,51.89
5367,852,2024-04-01,Accessories,45.5,0.05,0,43.22,13.65,5.65,23.92
5368,852,2024-10-12,Home,113.34,0.05,0,107.67,54.4,6.62,46.65
5369,853,2024-03-04,Accessories,19.94,0.2,0,15.95,5.98,5.24,4.73
5370,853,2024-03-10,Apparel,44.32,0.0,0,44.32,15.51,5.66,23.15
5371,853,2024-04-21,Accessories,40.12,0.0,0,40.12,12.03,5.6,22.49
5372,853,2024-05-03,Electronics,95.97,0.1,0,86.38,69.1,6.3,10.98
5373,853,2024-05-01,Apparel,73.01,0.2,0,58.4,25.55,5.88,26.97
5374,853,2024-06-28,Electronics,244.61,0.05,0,232.37,176.12,8.49,47.76
5375,853,2024-06-01,Apparel,24.25,0.0,0,24.25,8.49,5.36,10.4
5376,853,2024-07-07,Electronics,277.63,0.0,0,277.63,199.89,9.16,68.58
5377,853,2024-08-03,Electronics,233.26,0.0,0,233.26,167.95,8.5,56.81
5378,853,2024-08-11,Apparel,65.47,0.05,1,0.0,0.0,12.93,-12.93
5379,853,2024-09-23,Apparel,24.15,0.1,0,21.73,8.45,5.33,7.95
5380,853,2024-09-17,Electronics,268.41,0.0,0,268.41,193.26,9.03,66.12
5381,853,2024-12-20,Apparel,62.26,0.2,0,49.81,21.79,5.75,22.27
5382,853,2024-12-04,Apparel,56.22,0.0,0,56.22,19.68,5.84,30.7
5383,853,2025-01-05,Apparel,72.35,0.05,0,68.73,25.32,6.03,37.38
5384,853,2025-03-03,Home,79.81,0.0,0,79.81,38.31,6.2,35.3
5385,853,2025-04-06,Home,82.78,0.2,0,66.23,39.74,5.99,20.5
5386,854,2024-06-16,Home,73.65,0.1,0,66.28,35.35,5.99,24.94
5387,854,2024-06-21,Apparel,57.2,0.0,0,57.2,20.02,5.86,31.32
5388,854,2024-12-02,Home,98.88,0.1,0,88.99,47.46,6.33,35.2
5389,854,2025-01-03,Accessories,43.14,0.05,0,40.98,12.94,5.61,22.43
5390,854,2025-03-11,Home,130.52,0.2,0,104.41,62.65,6.57,35.19
5391,855,2024-12-27,Electronics,203.31,0.2,0,162.65,146.39,7.44,8.82
5392,855,2025-03-06,Apparel,43.55,0.0,1,0.0,0.0,12.65,-12.65
5393,855,2025-03-02,Home,68.86,0.05,0,65.41,33.05,5.98,26.38
5394,855,2025-05-01,Home,47.13,0.0,0,47.13,22.62,5.71,18.8
5395,855,2025-06-25,Accessories,40.38,0.0,0,40.38,12.11,5.61,22.66
5396,856,2024-05-11,Home,98.15,0.1,0,88.34,47.11,6.33,34.9
5397,856,2024-07-23,Apparel,35.1,0.0,0,35.1,12.28,5.53,17.29
5398,856,2024-07-06,Home,75.65,0.1,0,68.08,36.31,6.02,25.75
5399,856,2024-08-19,Accessories,45.81,0.1,0,41.23,13.74,5.62,21.87
5400,856,2024-08-27,Accessories,46.74,0.1,0,42.07,14.02,5.63,22.42
5401,856,2024-09-25,Accessories,35.26,0.1,0,31.74,10.58,5.48,15.68
5402,856,2024-09-11,Electronics,236.29,0.1,0,212.66,170.13,8.19,34.34
5403,856,2025-04-14,Apparel,76.18,0.05,0,72.37,26.66,6.09,39.62
5404,856,2025-04-14,Electronics,93.59,0.0,0,93.59,67.38,6.4,19.81
5405,856,2025-05-05,Accessories,37.16,0.05,0,35.31,11.15,5.53,18.63
5406,857,2024-08-02,Home,91.92,0.2,0,73.54,44.12,6.1,23.32
5407,857,2024-10-20,Apparel,45.75,0.05,0,43.46,16.01,5.65,21.8
5408,857,2025-01-18,Electronics,246.8,0.05,0,234.46,177.7,8.52,48.24
5409,857,2025-04-02,Apparel,57.66,0.05,0,54.77,20.18,5.82,28.77
5410,858,2024-05-07,Home,74.05,0.1,0,66.65,35.55,6.0,25.1
5411,858,2024-07-11,Accessories,39.82,0.1,1,0.0,0.0,12.54,-12.54
5412,858,2024-11-01,Electronics,362.87,0.0,0,362.87,261.27,10.44,91.16
5413,858,2025-05-09,Apparel,125.8,0.05,0,119.51,44.03,6.79,68.69
5414,859,2024-09-12,Electronics,146.33,0.0,0,146.33,105.35,7.19,33.79
5415,859,2024-10-12,Home,64.15,0.2,0,51.32,30.79,5.77,14.76
5416,859,2024-10-22,Electronics,130.39,0.05,0,123.87,93.88,6.86,23.13
5417,859,2024-12-08,Electronics,112.76,0.1,0,101.48,81.19,6.52,13.77
5418,859,2024-12-24,Apparel,128.76,0.1,0,115.88,45.06,6.74,64.08
5419,859,2025-02-05,Home,90.63,0.2,0,72.5,43.5,6.09,22.91
5420,859,2025-05-24,Accessories,22.12,0.1,0,19.91,6.64,5.3,7.97
5421,860,2024-10-10,Apparel,95.97,0.1,0,86.38,33.59,6.3,46.49
5422,860,2024-11-23,Accessories,37.35,0.1,0,33.61,11.2,5.5,16.91
5423,860,2024-12-28,Home,45.02,0.1,0,40.52,21.61,5.61,13.3
5424,860,2025-01-17,Accessories,54.39,0.0,0,54.39,16.32,5.82,32.25
5425,860,2025-02-14,Electronics,105.24,0.05,0,99.98,75.77,6.5,17.71
5426,860,2025-04-28,Accessories,54.48,0.0,0,54.48,16.34,5.82,32.32
5427,860,2025-06-24,Accessories,20.39,0.05,0,19.37,6.12,5.29,7.96
5428,861,2024-08-18,Apparel,50.5,0.1,1,0.0,0.0,12.68,-12.68
5429,861,2024-10-11,Home,75.69,0.05,0,71.9,36.33,6.08,29.49
5430,861,2024-12-15,Accessories,61.67,0.05,0,58.59,18.5,5.88,34.21
5431,861,2025-01-08,Accessories,43.13,0.0,0,43.13,12.94,5.65,24.54
5432,861,2025-04-23,Electronics,159.64,0.05,0,151.66,114.94,7.27,29.45
5433,862,2024-04-05,Apparel,56.65,0.1,0,50.98,19.83,5.76,25.39
5434,862,2024-06-01,Accessories,20.28,0.05,0,19.26,6.08,5.29,7.89
5435,862,2024-09-15,Apparel,75.23,0.0,0,75.23,26.33,6.13,42.77
5436,862,2024-09-03,Home,102.67,0.1,0,92.41,49.28,6.39,36.74
5437,862,2025-06-25,Electronics,365.67,0.1,0,329.11,263.29,9.94,55.88
5438,863,2024-09-01,Accessories,23.6,0.0,0,23.6,7.08,5.35,11.17
5439,863,2024-10-21,Apparel,51.44,0.2,0,41.15,18.0,5.62,17.53
5440,863,2025-02-04,Accessories,39.37,0.05,0,37.4,11.81,5.56,20.03
5441,863,2025-03-24,Home,59.79,0.1,0,53.81,28.7,5.81,19.3
5442,863,2025-03-06,Home,46.51,0.05,0,44.19,22.33,5.66,16.2
5443,863,2025-05-17,Home,49.74,0.05,0,47.25,23.87,5.71,17.67
5444,863,2025-06-03,Apparel,43.78,0.1,0,39.4,15.32,5.59,18.49
5445,863,2025-06-10,Electronics,109.96,0.0,0,109.96,79.17,6.65,24.14
5446,864,2024-09-02,Electronics,218.55,0.0,0,218.55,157.36,8.28,52.91
5447,864,2024-09-05,Electronics,105.93,0.0,0,105.93,76.27,6.59,23.07
5448,864,2024-10-23,Home,75.56,0.2,0,60.45,36.27,5.91,18.27
5449,864,2024-11-06,Apparel,68.31,0.1,0,61.47,23.91,5.92,31.64
5450,864,2024-12-28,Electronics,164.43,0.05,0,156.21,118.39,7.34,30.48
5451,864,2025-03-06,Apparel,129.64,0.1,0,116.67,45.37,6.75,64.55
5452,864,2025-03-25,Home,49.85,0.05,0,47.36,23.93,5.71,17.72
5453,864,2025-04-20,Home,49.24,0.0,0,49.24,23.63,5.74,19.87
5454,864,2025-04-10,Accessories,25.93,0.0,0,25.93,7.78,5.39,12.76
5455,864,2025-05-21,Apparel,58.79,0.1,0,52.91,20.58,5.79,26.54
5456,864,2025-06-06,Electronics,168.0,0.2,0,134.4,120.96,7.02,6.42
5457,865,2024-04-28,Electronics,319.85,0.1,0,287.86,230.29,9.32,48.25
5458,865,2024-04-19,Home,71.72,0.05,0,68.13,34.43,6.02,27.68
5459,865,2024-05-07,Apparel,71.91,0.1,1,0.0,0.0,12.97,-12.97
5460,865,2024-10-19,Electronics,201.54,0.0,0,201.54,145.11,8.02,48.41
5461,865,2024-12-16,Home,105.93,0.1,0,95.34,50.85,6.43,38.06
5462,865,2024-12-11,Electronics,244.19,0.1,1,0.0,0.0,15.3,-15.3
5463,865,2024-12-08,Home,137.06,0.0,0,137.06,65.79,7.06,64.21
5464,865,2025-06-17,Electronics,193.87,0.1,0,174.48,139.58,7.62,27.28
5465,866,2024-07-16,Electronics,179.28,0.2,0,143.42,129.08,7.15,7.19
5466,866,2024-08-20,Apparel,53.65,0.0,0,53.65,18.78,5.8,29.07
5467,866,2024-08-28,Electronics,203.48,0.0,0,203.48,146.51,8.05,48.92
5468,866,2024-09-05,Accessories,68.89,0.0,0,68.89,20.67,6.03,42.19
5469,866,2024-10-10,Accessories,70.28,0.0,0,70.28,21.08,6.05,43.15
5470,866,2024-11-12,Accessories,80.27,0.1,0,72.25,24.08,6.08,42.09
5471,866,2024-12-03,Accessories,31.48,0.1,0,28.33,9.44,5.43,13.46
5472,866,2024-12-02,Home,49.15,0.0,0,49.15,23.59,5.74,19.82
5473,866,2024-12-20,Home,92.11,0.0,0,92.11,44.21,6.38,41.52
5474,866,2025-02-02,Electronics,293.17,0.0,0,293.17,211.08,9.4,72.69
5475,866,2025-02-03,Electronics,139.65,0.2,0,111.72,100.55,6.68,4.49
5476,866,2025-03-25,Home,109.82,0.0,0,109.82,52.71,6.65,50.46
5477,866,2025-03-07,Accessories,28.5,0.1,0,25.65,8.55,5.38,11.72
5478,866,2025-06-24,Home,152.58,0.2,0,122.06,73.24,6.83,41.99
5479,867,2024-11-01,Accessories,104.57,0.1,0,94.11,31.37,6.41,56.33
5480,867,2024-11-19,Electronics,111.82,0.1,0,100.64,80.51,6.51,13.62
5481,867,2025-04-19,Accessories,23.28,0.05,0,22.11,6.98,5.33,9.8
5482,868,2024-03-24,Electronics,267.98,0.0,1,0.0,0.0,16.02,-16.02
5483,868,2024-09-06,Electronics,107.86,0.0,0,107.86,77.66,6.62,23.58
5484,869,2024-10-22,Apparel,62.94,0.05,0,59.79,22.03,5.9,31.86
5485,869,2024-11-24,Accessories,64.8,0.05,0,61.56,19.44,5.92,36.2
5486,869,2024-12-19,Apparel,27.41,0.1,0,24.67,9.59,5.37,9.71
5487,869,2025-02-01,Home,101.5,0.2,0,81.2,48.72,6.22,26.26
5488,869,2025-03-22,Accessories,39.71,0.0,0,39.71,11.91,5.6,22.2
5489,869,2025-04-03,Electronics,184.11,0.2,0,147.29,132.56,7.21,7.52
5490,869,2025-05-06,Apparel,73.08,0.2,0,58.46,25.58,5.88,27.0
5491,869,2025-06-09,Accessories,37.18,0.05,0,35.32,11.15,5.53,18.64
5492,870,2024-09-22,Home,69.59,0.0,0,69.59,33.4,6.04,30.15
5493,870,2024-11-05,Accessories,35.66,0.05,0,33.88,10.7,5.51,17.67
5494,870,2025-02-02,Apparel,58.44,0.0,0,58.44,20.45,5.88,32.11
5495,870,2025-02-20,Apparel,65.22,0.05,0,61.96,22.83,5.93,33.2
5496,870,2025-04-13,Apparel,43.49,0.1,1,0.0,0.0,12.59,-12.59
5497,871,2024-09-16,Home,90.74,0.2,0,72.59,43.55,6.09,22.95
5498,871,2024-10-21,Electronics,298.91,0.05,0,283.96,215.22,9.26,59.48
5499,871,2024-12-01,Electronics,74.09,0.2,0,59.27,53.35,5.89,0.03
5500,871,2025-01-01,Apparel,58.1,0.0,0,58.1,20.34,5.87,31.89
5501,871,2025-01-26,Apparel,40.11,0.05,0,38.1,14.04,5.57,18.49
5502,871,2025-03-28,Home,45.92,0.05,0,43.63,22.04,5.65,15.94
5503,871,2025-04-11,Accessories,42.57,0.05,0,40.44,12.77,5.61,22.06
5504,871,2025-04-25,Apparel,82.71,0.0,0,82.71,28.95,6.24,47.52
5505,871,2025-04-28,Accessories,55.77,0.05,0,52.99,16.73,5.79,30.47
5506,871,2025-04-27,Electronics,99.55,0.0,0,99.55,71.68,6.49,21.38
5507,872,2024-10-11,Apparel,46.51,0.2,0,37.2,16.28,5.56,15.36
5508,872,2024-12-15,Electronics,214.0,0.0,0,214.0,154.08,8.21,51.71
5509,872,2025-04-16,Home,175.15,0.05,0,166.4,84.07,7.5,74.83
5510,872,2025-05-28,Accessories,71.31,0.05,0,67.74,21.39,6.02,40.33
5511,872,2025-05-12,Apparel,59.81,0.2,0,47.85,20.93,5.72,21.2
5512,873,2024-03-23,Accessories,24.04,0.05,0,22.84,7.21,5.34,10.29
5513,873,2024-04-10,Electronics,291.4,0.05,0,276.83,209.81,9.15,57.87
5514,873,2024-06-10,Accessories,68.81,0.0,0,68.81,20.64,6.03,42.14
5515,873,2024-06-09,Accessories,90.37,0.0,0,90.37,27.11,6.36,56.9
5516,873,2024-06-20,Electronics,293.82,0.0,0,293.82,211.55,9.41,72.86
5517,873,2024-08-04,Electronics,211.99,0.1,0,190.79,152.63,7.86,30.3
5518,873,2024-08-19,Home,82.65,0.05,0,78.52,39.67,6.18,32.67
5519,873,2024-08-19,Accessories,46.72,0.05,0,44.38,14.02,5.67,24.69
5520,874,2024-10-18,Accessories,40.7,0.0,0,40.7,12.21,5.61,22.88
5521,875,2024-10-23,Apparel,65.33,0.0,0,65.33,22.86,5.98,36.49
5522,875,2024-10-15,Accessories,39.34,0.2,0,31.47,11.8,5.47,14.2
5523,875,2024-11-25,Accessories,61.1,0.1,0,54.99,18.33,5.82,30.84
5524,875,2024-12-23,Accessories,32.29,0.1,0,29.06,9.69,5.44,13.93
5525,876,2024-02-11,Apparel,91.68,0.0,0,91.68,32.09,6.38,53.21
5526,876,2024-03-06,Electronics,294.51,0.0,0,294.51,212.04,9.42,73.05
5527,876,2024-04-21,Accessories,29.35,0.05,0,27.88,8.81,5.42,13.65
5528,876,2024-07-26,Home,108.26,0.05,1,0.0,0.0,13.54,-13.54
5529,876,2024-11-19,Home,180.61,0.1,0,162.55,86.69,7.44,68.42
5530,876,2024-11-26,Home,70.92,0.0,0,70.92,34.04,6.06,30.82
5531,876,2024-11-23,Home,157.24,0.2,0,125.79,75.47,6.89,43.43
5532,876,2024-12-25,Accessories,44.46,0.0,0,44.46,13.34,5.67,25.45
5533,876,2025-03-28,Apparel,79.76,0.0,0,79.76,27.92,6.2,45.64
5534,876,2025-04-15,Electronics,161.32,0.2,1,0.0,0.0,13.94,-13.94
5535,876,2025-04-14,Accessories,20.96,0.1,0,18.86,6.29,5.28,7.29
5536,877,2025-04-23,Electronics,203.48,0.1,0,183.14,146.51,7.75,28.88
5537,878,2024-05-13,Accessories,33.26,0.2,1,0.0,0.0,12.4,-12.4
5538,878,2024-05-23,Accessories,51.08,0.1,0,45.97,15.32,5.69,24.96
5539,878,2024-06-24,Apparel,59.47,0.0,0,59.47,20.82,5.89,32.76
5540,878,2024-06-26,Home,100.82,0.1,0,90.74,48.39,6.36,35.99
5541,878,2024-07-17,Accessories,110.52,0.05,0,104.99,33.16,6.57,65.26
5542,878,2024-09-21,Accessories,27.35,0.05,1,0.0,0.0,12.39,-12.39
5543,878,2024-10-12,Home,132.77,0.0,0,132.77,63.73,6.99,62.05
5544,878,2025-01-22,Accessories,61.23,0.2,0,48.98,18.37,5.73,24.88
5545,878,2025-01-11,Apparel,21.78,0.05,0,20.69,7.62,5.31,7.76
5546,878,2025-04-05,Accessories,57.8,0.1,0,52.02,17.34,5.78,28.9
5547,879,2024-02-27,Accessories,42.3,0.1,0,38.07,12.69,5.57,19.81
5548,879,2024-02-18,Electronics,154.88,0.1,0,139.39,111.51,7.09,20.79
5549,879,2024-03-05,Apparel,76.84,0.1,0,69.16,26.89,6.04,36.23
5550,879,2024-05-12,Accessories,54.24,0.05,1,0.0,0.0,12.77,-12.77
5551,879,2024-06-13,Accessories,46.72,0.05,0,44.38,14.02,5.67,24.69
5552,879,2024-06-08,Accessories,51.35,0.05,0,48.78,15.4,5.73,27.65
5553,879,2024-07-12,Accessories,28.39,0.05,0,26.97,8.52,5.4,13.05
5554,879,2024-08-12,Accessories,42.15,0.0,0,42.15,12.65,5.63,23.87
5555,879,2024-10-10,Electronics,147.47,0.0,0,147.47,106.18,7.21,34.08
5556,879,2025-01-04,Home,121.31,0.05,0,115.24,58.23,6.73,50.28
5557,880,2024-02-20,Home,124.16,0.1,0,111.75,59.6,6.68,45.47
5558,880,2024-08-03,Electronics,317.15,0.05,1,0.0,0.0,16.52,-16.52
5559,880,2024-08-15,Accessories,41.48,0.2,0,33.18,12.44,5.5,15.24
5560,880,2025-02-20,Accessories,94.46,0.1,0,85.02,28.34,6.28,50.4
5561,880,2025-04-02,Apparel,57.56,0.2,0,46.05,20.15,5.69,20.21
5562,881,2024-03-27,Accessories,50.89,0.0,0,50.89,15.27,5.76,29.86
5563,881,2024-03-08,Accessories,36.87,0.1,0,33.19,11.06,5.5,16.63
5564,881,2024-05-01,Electronics,201.06,0.1,0,180.95,144.76,7.71,28.48
5565,881,2024-08-23,Accessories,54.65,0.05,0,51.92,16.39,5.78,29.75
5566,881,2025-02-10,Apparel,82.9,0.2,1,0.0,0.0,12.99,-12.99
5567,882,2024-09-02,Home,193.15,0.0,0,193.15,92.71,7.9,92.54
5568,882,2024-10-02,Accessories,33.75,0.2,0,27.0,10.12,5.4,11.48
5569,882,2024-10-24,Apparel,151.98,0.1,0,136.78,53.19,7.05,76.54
5570,882,2024-11-03,Apparel,70.12,0.2,1,0.0,0.0,12.84,-12.84
5571,882,2025-01-21,Accessories,26.52,0.05,0,25.2,7.96,5.38,11.86
5572,882,2025-01-16,Apparel,22.05,0.0,0,22.05,7.72,5.33,9.0
5573,882,2025-03-02,Apparel,28.22,0.1,0,25.4,9.88,5.38,10.14
5574,882,2025-06-12,Home,86.11,0.05,0,81.8,41.33,6.23,34.24
5575,883,2024-01-21,Electronics,157.09,0.05,0,149.24,113.11,7.24,28.89
5576,883,2024-02-27,Accessories,24.25,0.0,0,24.25,7.27,5.36,11.62
5577,883,2024-03-01,Accessories,39.09,0.0,0,39.09,11.73,5.59,21.77
5578,883,2024-06-07,Electronics,207.51,0.2,0,166.0,149.4,7.49,9.11
5579,883,2024-08-08,Accessories,48.6,0.05,0,46.17,14.58,5.69,25.9
5580,883,2024-11-13,Home,257.5,0.1,0,231.75,123.6,8.48,99.67
5581,883,2025-01-07,Apparel,75.93,0.0,1,0.0,0.0,13.14,-13.14
5582,883,2025-01-04,Electronics,162.54,0.1,0,146.29,117.03,7.19,22.07
5583,883,2025-03-10,Apparel,99.79,0.0,0,99.79,34.93,6.5,58.36
5584,883,2025-03-13,Electronics,238.22,0.0,1,0.0,0.0,15.57,-15.57
5585,883,2025-04-18,Home,56.07,0.05,0,53.27,26.92,5.8,20.55
5586,883,2025-04-23,Accessories,40.66,0.0,0,40.66,12.2,5.61,22.85
5587,883,2025-04-01,Accessories,46.57,0.05,0,44.24,13.97,5.66,24.61
5588,883,2025-06-13,Home,63.24,0.1,0,56.92,30.35,5.85,20.72
5589,884,2024-06-09,Apparel,64.1,0.1,0,57.69,22.43,5.87,29.39
5590,884,2024-08-18,Accessories,39.76,0.0,0,39.76,11.93,5.6,22.23
5591,884,2025-01-25,Electronics,256.93,0.0,1,0.0,0.0,15.85,-15.85
5592,884,2025-04-06,Home,80.08,0.05,0,76.08,38.44,6.14,31.5
5593,884,2025-05-26,Accessories,60.65,0.0,0,60.65,18.2,5.91,36.54
5594,885,2024-07-19,Apparel,52.76,0.05,0,50.12,18.47,5.75,25.9
5595,885,2025-01-14,Apparel,54.61,0.1,0,49.15,19.11,5.74,24.3
5596,885,2025-02-26,Home,130.04,0.2,0,104.03,62.42,6.56,35.05
5597,885,2025-02-25,Electronics,267.77,0.2,1,0.0,0.0,15.21,-15.21
5598,886,2024-10-08,Apparel,45.09,0.05,0,42.83,15.78,5.64,21.41
5599,886,2024-12-26,Apparel,79.87,0.2,0,63.9,27.96,5.96,29.98
5600,886,2024-12-22,Accessories,25.91,0.05,0,24.62,7.77,5.37,11.48
5601,886,2025-01-14,Accessories,27.05,0.2,0,21.64,8.11,5.32,8.21
5602,887,2024-01-25,Electronics,120.8,0.1,0,108.72,86.98,6.63,15.11
5603,887,2024-01-23,Accessories,51.37,0.05,0,48.8,15.41,5.73,27.66
5604,887,2024-02-23,Home,92.54,0.0,0,92.54,44.42,6.39,41.73
5605,887,2024-06-24,Accessories,40.13,0.2,0,32.1,12.04,5.48,14.58
5606,887,2024-06-27,Electronics,140.99,0.1,0,126.89,101.51,6.9,18.48
5607,887,2024-07-25,Electronics,115.04,0.1,0,103.54,82.83,6.55,14.16
5608,887,2024-08-22,Accessories,36.41,0.0,0,36.41,10.92,5.55,19.94
5609,887,2024-10-22,Home,106.22,0.1,0,95.6,50.99,6.43,38.18
5610,887,2024-11-01,Accessories,43.05,0.0,0,43.05,12.92,5.65,24.48
5611,887,2025-03-10,Apparel,165.02,0.1,0,148.52,57.76,7.23,83.53
5612,887,2025-04-25,Apparel,88.72,0.0,0,88.72,31.05,6.33,51.34
5613,887,2025-05-03,Apparel,53.73,0.05,0,51.04,18.8,5.77,26.47
5614,887,2025-05-15,Apparel,94.66,0.1,0,85.19,33.13,6.28,45.78
5615,887,2025-06-08,Accessories,19.7,0.05,0,18.71,5.91,5.28,7.52
5616,888,2024-08-11,Apparel,42.33,0.0,0,42.33,14.82,5.63,21.88
5617,888,2024-08-25,Electronics,76.03,0.0,0,76.03,54.74,6.14,15.15
5618,888,2024-10-10,Apparel,73.08,0.2,0,58.46,25.58,5.88,27.0
5619,888,2025-02-21,Home,91.71,0.0,0,91.71,44.02,6.38,41.31
5620,889,2024-04-24,Apparel,69.12,0.1,1,0.0,0.0,12.93,-12.93
5621,889,2024-08-10,Home,39.64,0.05,0,37.65,19.03,5.56,13.06
5622,889,2024-08-13,Apparel,135.46,0.05,0,128.69,47.41,6.93,74.35
5623,889,2024-10-23,Electronics,349.4,0.2,0,279.52,251.57,9.19,18.76
5624,889,2025-04-11,Accessories,41.74,0.1,0,37.56,12.52,5.56,19.48
5625,890,2024-07-10,Home,108.1,0.1,0,97.29,51.89,6.46,38.94
5626,890,2024-08-04,Electronics,240.2,0.2,0,192.16,172.94,7.88,11.34
5627,890,2024-09-12,Apparel,41.44,0.1,0,37.3,14.5,5.56,17.24
5628,890,2024-10-14,Home,51.44,0.2,0,41.15,24.69,5.62,10.84
5629,890,2025-01-06,Home,96.0,0.0,0,96.0,46.08,6.44,43.48
5630,891,2024-05-08,Apparel,47.46,0.05,0,45.09,16.61,5.68,22.8
5631,891,2024-07-12,Home,73.17,0.0,0,73.17,35.12,6.1,31.95
5632,891,2024-07-06,Electronics,211.66,0.05,0,201.08,152.4,8.02,40.66
5633,891,2024-08-28,Apparel,116.95,0.05,1,0.0,0.0,13.67,-13.67
5634,891,2024-08-04,Home,147.45,0.2,0,117.96,70.78,6.77,40.41
5635,891,2024-10-04,Apparel,91.2,0.1,0,82.08,31.92,6.23,43.93
5636,891,2024-11-23,Apparel,67.07,0.0,0,67.07,23.48,6.01,37.58
5637,891,2024-12-21,Accessories,60.66,0.2,0,48.53,18.2,5.73,24.6
5638,891,2025-02-27,Apparel,59.65,0.1,1,0.0,0.0,12.81,-12.81
5639,891,2025-03-04,Home,184.28,0.05,0,175.06,88.45,7.63,78.98
5640,891,2025-04-23,Home,56.3,0.0,0,56.3,27.02,5.84,23.44
5641,891,2025-04-09,Apparel,72.12,0.0,1,0.0,0.0,13.08,-13.08
5642,891,2025-04-13,Accessories,25.57,0.2,0,20.46,7.67,5.31,7.48
5643,891,2025-06-22,Electronics,167.23,0.05,0,158.87,120.41,7.38,31.08
5644,892,2024-07-28,Accessories,62.86,0.05,1,0.0,0.0,12.9,-12.9
5645,893,2024-08-21,Apparel,34.0,0.05,1,0.0,0.0,12.48,-12.48
5646,893,2024-09-20,Apparel,26.24,0.0,0,26.24,9.18,5.39,11.67
5647,894,2024-10-26,Electronics,231.25,0.0,0,231.25,166.5,8.47,56.28
5648,894,2024-10-13,Accessories,43.11,0.0,0,43.11,12.93,5.65,24.53
5649,894,2024-12-28,Accessories,58.77,0.0,0,58.77,17.63,5.88,35.26
5650,894,2024-12-11,Accessories,62.39,0.2,0,49.91,18.72,5.75,25.44
5651,895,2024-01-06,Accessories,57.74,0.05,0,54.86,17.32,5.82,31.72
5652,895,2024-10-25,Accessories,25.21,0.1,0,22.69,7.56,5.34,9.79
5653,895,2024-10-15,Accessories,57.22,0.0,0,57.22,17.17,5.86,34.19
5654,895,2024-11-13,Apparel,69.46,0.1,0,62.52,24.31,5.94,32.27
5655,895,2025-01-09,Electronics,208.97,0.05,0,198.52,150.46,7.98,40.08
5656,895,2025-04-12,Electronics,141.75,0.0,1,0.0,0.0,14.13,-14.13
5657,895,2025-04-27,Accessories,35.45,0.0,0,35.45,10.63,5.53,19.29
5658,896,2024-02-15,Home,93.08,0.1,0,83.77,44.68,6.26,32.83
5659,896,2024-02-06,Apparel,79.72,0.0,0,79.72,27.9,6.2,45.62
5660,896,2024-03-03,Home,121.69,0.05,0,115.6,58.41,6.73,50.46
5661,896,2024-05-17,Apparel,53.92,0.2,1,0.0,0.0,12.65,-12.65
5662,896,2024-07-23,Apparel,40.52,0.05,0,38.49,14.18,5.58,18.73
5663,896,2024-08-06,Accessories,40.12,0.0,0,40.12,12.04,5.6,22.48
5664,896,2024-09-08,Accessories,44.15,0.05,0,41.94,13.24,5.63,23.07
5665,896,2024-10-17,Electronics,285.24,0.1,0,256.72,205.38,8.85,42.49
5666,896,2024-11-24,Apparel,47.35,0.05,0,44.98,16.57,5.67,22.74
5667,896,2024-12-06,Electronics,150.39,0.2,0,120.31,108.28,6.8,5.23
5668,897,2024-01-27,Electronics,210.84,0.05,0,200.3,151.8,8.0,40.5
5669,897,2024-02-19,Electronics,256.21,0.0,0,256.21,184.47,8.84,62.9
5670,897,2024-02-01,Apparel,25.43,0.0,0,25.43,8.9,5.38,11.15
5671,897,2024-07-28,Electronics,136.9,0.05,1,0.0,0.0,13.95,-13.95
5672,897,2024-10-28,Electronics,145.04,0.05,0,137.79,104.43,7.07,26.29
5673,897,2025-02-18,Electronics,250.68,0.05,1,0.0,0.0,15.57,-15.57
5674,897,2025-05-14,Apparel,53.12,0.2,0,42.49,18.59,5.64,18.26
5675,898,2024-01-18,Accessories,48.9,0.05,0,46.46,14.67,5.7,26.09
5676,898,2025-01-22,Home,125.45,0.1,0,112.91,60.22,6.69,46.0
5677,899,2024-10-12,Accessories,59.07,0.1,1,0.0,0.0,12.8,-12.8
5678,899,2024-11-12,Home,41.48,0.0,0,41.48,19.91,5.62,15.95
5679,899,2024-12-07,Home,56.14,0.1,0,50.52,26.95,5.76,17.81
5680,899,2025-02-25,Apparel,42.1,0.0,0,42.1,14.73,5.63,21.74
5681,899,2025-04-24,Accessories,31.95,0.0,0,31.95,9.59,5.48,16.88
5682,899,2025-04-07,Home,71.3,0.1,0,64.17,34.23,5.96,23.98
5683,899,2025-05-14,Electronics,238.95,0.0,0,238.95,172.05,8.58,58.32
5684,900,2024-02-21,Apparel,47.57,0.05,0,45.19,16.65,5.68,22.86
5685,900,2024-03-10,Accessories,82.89,0.0,0,82.89,24.87,6.24,51.78
5686,900,2024-03-13,Home,166.32,0.2,0,133.06,79.84,7.0,46.22
5687,900,2024-03-09,Apparel,61.13,0.0,0,61.13,21.4,5.92,33.81
5688,900,2024-04-11,Electronics,282.15,0.05,0,268.04,203.15,9.02,55.87
5689,900,2024-04-25,Apparel,111.74,0.2,0,89.39,39.11,6.34,43.94
5690,900,2024-07-19,Home,70.0,0.0,0,70.0,33.6,6.05,30.35
5691,900,2024-10-01,Electronics,218.03,0.0,0,218.03,156.98,8.27,52.78
5692,900,2024-10-21,Accessories,25.5,0.1,0,22.95,7.65,5.34,9.96
5693,900,2024-11-12,Accessories,77.69,0.05,0,73.8,23.31,6.11,44.38
5694,900,2024-12-20,Electronics,110.27,0.2,0,88.21,79.39,6.32,2.5
5695,900,2024-12-01,Home,109.29,0.0,0,109.29,52.46,6.64,50.19
5696,900,2025-03-04,Electronics,212.08,0.0,0,212.08,152.7,8.18,51.2
5697,900,2025-04-14,Home,78.05,0.1,0,70.25,37.46,6.05,26.74
5698,901,2024-07-25,Electronics,94.2,0.0,0,94.2,67.82,6.41,19.97
5699,901,2024-12-15,Home,71.44,0.0,0,71.44,34.29,6.07,31.08
5700,901,2025-01-20,Home,39.24,0.1,0,35.32,18.84,5.53,10.95
5701,901,2025-05-16,Apparel,60.81,0.0,0,60.81,21.28,5.91,33.62
5702,902,2024-04-06,Accessories,30.73,0.05,1,0.0,0.0,12.44,-12.44
5703,902,2024-04-06,Electronics,391.36,0.2,0,313.09,281.78,9.7,21.61
5704,902,2024-04-01,Electronics,154.38,0.1,0,138.94,111.15,7.08,20.71
5705,902,2024-06-08,Apparel,33.84,0.2,0,27.07,11.84,5.41,9.82
5706,902,2024-06-12,Apparel,61.34,0.0,0,61.34,21.47,5.92,33.95
5707,902,2024-07-01,Apparel,52.13,0.1,0,46.92,18.25,5.7,22.97
5708,902,2024-07-24,Apparel,73.51,0.1,1,0.0,0.0,12.99,-12.99
5709,902,2025-05-14,Home,68.43,0.1,0,61.58,32.84,5.92,22.82
5710,902,2025-06-24,Apparel,47.05,0.0,0,47.05,16.47,5.71,24.87
5711,903,2024-05-28,Electronics,614.59,0.05,0,583.86,442.5,13.76,127.6
5712,903,2024-06-01,Electronics,165.09,0.2,0,132.07,118.87,6.98,6.22
5713,903,2024-07-08,Home,99.74,0.05,0,94.75,47.87,6.42,40.46
5714,903,2024-08-14,Apparel,59.84,0.1,0,53.86,20.94,5.81,27.11
5715,903,2024-08-16,Apparel,88.39,0.05,0,83.97,30.94,6.26,46.77
5716,903,2024-09-06,Apparel,37.43,0.05,0,35.56,13.1,5.53,16.93
5717,903,2024-10-07,Home,62.92,0.0,0,62.92,30.2,5.94,26.78
5718,903,2025-01-06,Electronics,125.24,0.05,0,118.98,90.17,6.78,22.03
5719,903,2025-02-21,Home,97.46,0.2,0,77.97,46.78,6.17,25.02
5720,903,2025-02-03,Electronics,180.31,0.1,0,162.28,129.83,7.43,25.02
5721,903,2025-03-12,Accessories,27.75,0.0,1,0.0,0.0,12.42,-12.42
5722,903,2025-04-18,Apparel,30.23,0.0,0,30.23,10.58,5.45,14.2
5723,903,2025-06-22,Accessories,113.78,0.05,0,108.09,34.13,6.62,67.34
5724,904,2024-04-15,Home,105.27,0.2,0,84.22,50.53,6.26,27.43
5725,904,2024-07-15,Electronics,145.81,0.05,0,138.52,104.99,7.08,26.45
5726,904,2024-08-16,Apparel,75.31,0.0,0,75.31,26.36,6.13,42.82
5727,904,2024-08-27,Apparel,39.27,0.05,0,37.31,13.75,5.56,18.0
5728,905,2024-04-15,Home,124.0,0.05,0,117.8,59.52,6.77,51.51
5729,905,2024-05-28,Apparel,74.54,0.0,0,74.54,26.09,6.12,42.33
5730,905,2024-08-26,Accessories,38.24,0.05,0,36.33,11.47,5.54,19.32
5731,905,2024-09-07,Accessories,26.38,0.2,0,21.1,7.91,5.32,7.87
5732,905,2024-11-08,Apparel,57.42,0.0,0,57.42,20.1,5.86,31.46
5733,905,2025-01-14,Electronics,167.79,0.05,0,159.4,120.81,7.39,31.2
5734,905,2025-02-15,Electronics,163.51,0.0,0,163.51,117.73,7.45,38.33
5735,905,2025-05-11,Electronics,235.71,0.05,0,223.93,169.71,8.36,45.86
5736,905,2025-06-04,Electronics,92.0,0.1,0,82.8,66.24,6.24,10.32
5737,906,2024-06-08,Accessories,75.09,0.05,0,71.33,22.53,6.07,42.73
5738,906,2024-07-05,Electronics,242.18,0.2,0,193.74,174.37,7.91,11.46
5739,906,2024-08-03,Accessories,25.5,0.05,0,24.23,7.65,5.36,11.22
5740,906,2024-09-20,Electronics,300.24,0.05,0,285.23,216.17,9.28,59.78
5741,906,2024-11-08,Electronics,124.43,0.0,0,124.43,89.59,6.87,27.97
5742,906,2024-12-03,Electronics,408.15,0.1,1,0.0,0.0,17.51,-17.51
5743,906,2024-12-09,Electronics,254.13,0.05,0,241.42,182.97,8.62,49.83
5744,906,2025-04-28,Home,116.75,0.0,0,116.75,56.04,6.75,53.96
5745,906,2025-04-13,Electronics,90.92,0.0,0,90.92,65.46,6.36,19.1
5746,906,2025-04-21,Electronics,115.76,0.2,0,92.61,83.35,6.39,2.87
5747,906,2025-05-08,Accessories,47.47,0.2,0,37.97,14.24,5.57,18.16
5748,906,2025-06-18,Electronics,204.8,0.1,0,184.32,147.46,7.76,29.1
5749,907,2024-10-28,Home,53.35,0.1,0,48.02,25.61,5.72,16.69
5750,907,2025-03-11,Accessories,50.93,0.0,0,50.93,15.28,5.76,29.89
5751,907,2025-03-28,Apparel,36.05,0.0,0,36.05,12.62,5.54,17.89
5752,907,2025-05-12,Home,150.05,0.2,0,120.04,72.02,6.8,41.22
5753,908,2024-05-12,Apparel,62.77,0.1,0,56.5,21.97,5.85,28.68
5754,908,2024-05-01,Electronics,72.54,0.05,0,68.91,52.23,6.03,10.65
5755,908,2024-07-09,Home,206.38,0.0,0,206.38,99.06,8.1,99.22
5756,908,2024-08-01,Accessories,85.39,0.1,0,76.85,25.62,6.15,45.08
5757,908,2024-09-04,Electronics,92.65,0.1,0,83.39,66.71,6.25,10.43
5758,908,2024-10-26,Home,125.45,0.05,0,119.18,60.22,6.79,52.17
5759,908,2024-10-22,Accessories,31.8,0.05,0,30.21,9.54,5.45,15.22
5760,908,2024-11-18,Accessories,49.93,0.0,0,49.93,14.98,5.75,29.2
5761,908,2024-11-27,Home,217.22,0.0,0,217.22,104.27,8.26,104.69
5762,908,2025-01-20,Apparel,57.77,0.1,0,51.99,20.22,5.78,25.99
5763,908,2025-02-21,Apparel,198.59,0.05,0,188.66,69.51,7.83,111.32
5764,908,2025-02-21,Electronics,228.38,0.0,0,228.38,164.44,8.43,55.51
5765,908,2025-03-16,Apparel,80.38,0.05,0,76.36,28.13,6.15,42.08
5766,908,2025-04-24,Apparel,90.98,0.0,0,90.98,31.84,6.36,52.78
5767,908,2025-05-04,Apparel,89.47,0.05,1,0.0,0.0,13.27,-13.27
5768,909,2024-02-20,Home,120.23,0.1,0,108.2,57.71,6.62,43.87
5769,909,2025-01-06,Apparel,42.2,0.05,0,40.09,14.77,5.6,19.72
5770,910,2024-06-03,Accessories,45.5,0.2,0,36.4,13.65,5.55,17.2
5771,910,2025-03-02,Electronics,438.03,0.05,0,416.13,315.38,11.24,89.51
5772,910,2025-03-08,Apparel,65.59,0.0,0,65.59,22.96,5.98,36.65
5773,910,2025-04-27,Apparel,40.39,0.05,0,38.38,14.14,5.58,18.66
5774,911,2024-04-24,Accessories,78.06,0.0,1,0.0,0.0,13.17,-13.17
5775,911,2024-05-20,Electronics,265.34,0.0,0,265.34,191.04,8.98,65.32
5776,911,2024-05-12,Accessories,42.19,0.0,0,42.19,12.66,5.63,23.9
5777,911,2024-06-02,Home,117.49,0.1,0,105.74,56.4,6.59,42.75
5778,911,2024-07-27,Apparel,67.01,0.1,0,60.31,23.45,5.9,30.96
5779,911,2024-07-09,Accessories,44.56,0.0,0,44.56,13.37,5.67,25.52
5780,911,2024-08-25,Electronics,443.65,0.1,0,399.29,319.43,10.99,68.87
5781,911,2024-09-17,Home,91.86,0.05,0,87.27,44.09,6.31,36.87
5782,911,2024-10-21,Apparel,32.44,0.0,0,32.44,11.36,5.49,15.59
5783,911,2024-12-25,Apparel,28.65,0.1,1,0.0,0.0,12.39,-12.39
5784,911,2025-02-07,Electronics,196.91,0.0,0,196.91,141.78,7.95,47.18
5785,912,2024-03-18,Accessories,29.05,0.1,0,26.15,8.72,5.39,12.04
5786,912,2024-03-07,Home,227.29,0.1,0,204.56,109.1,8.07,87.39
5787,912,2024-04-28,Accessories,51.77,0.2,0,41.41,15.53,5.62,20.26
5788,912,2024-05-05,Accessories,48.61,0.0,0,48.61,14.58,5.73,28.3
5789,912,2024-07-11,Electronics,177.37,0.0,0,177.37,127.71,7.66,42.0
5790,912,2024-09-24,Apparel,78.46,0.05,1,0.0,0.0,13.12,-13.12
5791,912,2024-09-05,Electronics,164.3,0.05,0,156.09,118.3,7.34,30.45
5792,912,2024-10-05,Apparel,103.81,0.05,1,0.0,0.0,13.48,-13.48
5793,912,2024-11-26,Electronics,245.57,0.0,0,245.57,176.81,8.68,60.08
5794,912,2025-02-04,Apparel,77.22,0.0,0,77.22,27.03,6.16,44.03
5795,912,2025-02-27,Accessories,32.58,0.05,0,30.95,9.77,5.46,15.72
5796,912,2025-04-02,Electronics,254.81,0.2,0,203.85,183.46,8.06,12.33
5797,912,2025-06-12,Apparel,49.12,0.0,0,49.12,17.19,5.74,26.19
5798,913,2024-10-27,Home,96.63,0.05,0,91.79,46.38,6.38,39.03
5799,913,2024-12-17,Apparel,113.14,0.2,0,90.52,39.6,6.36,44.56
5800,913,2024-12-02,Electronics,213.12,0.0,0,213.12,153.45,8.2,51.47
5801,913,2025-01-26,Apparel,80.89,0.0,0,80.89,28.31,6.21,46.37
5802,913,2025-04-09,Apparel,69.21,0.0,0,69.21,24.22,6.04,38.95
5803,913,2025-05-20,Accessories,76.52,0.1,1,0.0,0.0,13.03,-13.03
5804,914,2024-06-08,Accessories,45.44,0.05,0,43.17,13.63,5.65,23.89
5805,914,2024-08-07,Apparel,23.26,0.0,0,23.26,8.14,5.35,9.77
5806,914,2024-09-11,Accessories,79.22,0.2,0,63.38,23.77,5.95,33.66
5807,914,2024-11-16,Home,120.38,0.0,0,120.38,57.78,6.81,55.79
5808,914,2024-11-23,Electronics,405.2,0.0,0,405.2,291.74,11.08,102.38
5809,914,2024-12-24,Apparel,46.2,0.05,0,43.89,16.17,5.66,22.06
5810,914,2025-02-19,Electronics,205.08,0.1,0,184.57,147.66,7.77,29.14
5811,915,2024-08-02,Apparel,31.59,0.0,0,31.59,11.06,5.47,15.06
5812,915,2025-01-17,Apparel,71.11,0.0,0,71.11,24.89,6.07,40.15
5813,915,2025-01-21,Accessories,54.69,0.05,1,0.0,0.0,12.78,-12.78
5814,915,2025-05-04,Home,128.5,0.05,0,122.08,61.68,6.83,53.57
5815,915,2025-05-04,Home,101.65,0.1,0,91.48,48.79,6.37,36.32
5816,916,2024-09-16,Home,27.29,0.0,0,27.29,13.1,5.41,8.78
5817,916,2024-09-11,Electronics,152.23,0.05,0,144.61,109.6,7.17,27.84
5818,916,2025-03-12,Home,137.82,0.2,0,110.26,66.15,6.65,37.46
5819,916,2025-03-24,Accessories,34.93,0.05,0,33.18,10.48,5.5,17.2
5820,916,2025-03-09,Apparel,55.41,0.05,1,0.0,0.0,12.79,-12.79
5821,917,2024-04-12,Apparel,69.22,0.1,0,62.3,24.23,5.93,32.14
5822,917,2024-07-12,Apparel,58.02,0.0,1,0.0,0.0,12.87,-12.87
5823,917,2025-02-02,Electronics,148.19,0.05,0,140.78,106.69,7.11,26.98
5824,917,2025-05-12,Home,64.32,0.1,0,57.89,30.87,5.87,21.15
5825,918,2024-05-22,Accessories,37.5,0.2,0,30.0,11.25,5.45,13.3
5826,918,2024-08-02,Accessories,54.07,0.2,0,43.25,16.22,5.65,21.38
5827,918,2024-10-12,Apparel,68.72,0.0,0,68.72,24.05,6.03,38.64
5828,918,2024-10-27,Apparel,98.26,0.1,0,88.43,34.39,6.33,47.71
5829,919,2024-10-27,Electronics,225.03,0.0,0,225.03,162.02,8.38,54.63
5830,919,2024-10-22,Electronics,225.5,0.0,0,225.5,162.36,8.38,54.76
5831,919,2025-01-01,Electronics,200.68,0.1,0,180.61,144.49,7.71,28.41
5832,920,2024-06-23,Electronics,241.84,0.0,0,241.84,174.12,8.63,59.09
5833,920,2024-07-06,Home,55.69,0.1,0,50.12,26.73,5.75,17.64
5834,920,2025-01-03,Accessories,51.29,0.05,0,48.72,15.39,5.73,27.6
5835,920,2025-01-01,Accessories,60.14,0.0,0,60.14,18.04,5.9,36.2
5836,920,2025-01-11,Home,58.47,0.1,0,52.62,28.06,5.79,18.77
5837,921,2024-06-18,Home,75.91,0.1,0,68.31,36.43,6.02,25.86
5838,921,2024-07-19,Electronics,216.01,0.0,0,216.01,155.53,8.24,52.24
5839,921,2024-08-25,Accessories,28.44,0.0,0,28.44,8.53,5.43,14.48
5840,921,2024-09-11,Electronics,217.11,0.0,0,217.11,156.32,8.26,52.53
5841,921,2024-10-17,Electronics,197.07,0.05,0,187.21,141.89,7.81,37.51
5842,921,2024-11-04,Electronics,229.04,0.0,0,229.04,164.91,8.44,55.69
5843,921,2025-01-13,Apparel,88.67,0.0,0,88.67,31.03,6.33,51.31
5844,921,2025-02-07,Apparel,60.99,0.1,0,54.9,21.35,5.82,27.73
5845,921,2025-03-09,Electronics,202.25,0.05,0,192.14,145.62,7.88,38.64
5846,921,2025-05-02,Apparel,46.75,0.1,0,42.08,16.36,5.63,20.09
5847,922,2024-05-17,Apparel,159.4,0.0,0,159.4,55.79,7.39,96.22
5848,922,2024-07-12,Home,41.26,0.2,0,33.01,19.81,5.5,7.7
5849,922,2024-09-02,Home,93.87,0.05,0,89.17,45.06,6.34,37.77
5850,922,2025-02-28,Electronics,146.57,0.0,0,146.57,105.53,7.2,33.84
5851,922,2025-03-11,Apparel,43.63,0.05,0,41.45,15.27,5.62,20.56
5852,922,2025-04-24,Electronics,154.86,0.2,1,0.0,0.0,13.86,-13.86
5853,922,2025-05-06,Apparel,95.38,0.1,0,85.84,33.38,6.29,46.17
5854,922,2025-06-25,Electronics,257.1,0.1,0,231.39,185.11,8.47,37.81
5855,922,2025-06-09,Accessories,33.43,0.05,0,31.76,10.03,5.48,16.25
5856,923,2024-07-26,Home,92.06,0.0,0,92.06,44.19,6.38,41.49
5857,923,2024-07-06,Apparel,79.59,0.05,0,75.61,27.86,6.13,41.62
5858,923,2024-09-17,Apparel,64.37,0.0,0,64.37,22.53,5.97,35.87
5859,923,2025-01-20,Home,56.2,0.0,0,56.2,26.98,5.84,23.38
5860,923,2025-06-17,Apparel,85.97,0.0,0,85.97,30.09,6.29,49.59
5861,924,2024-07-26,Apparel,47.13,0.1,0,42.42,16.5,5.64,20.28
5862,924,2024-09-03,Apparel,44.89,0.05,0,42.64,15.71,5.64,21.29
5863,924,2024-10-24,Accessories,24.47,0.1,0,22.02,7.34,5.33,9.35
5864,924,2024-11-08,Apparel,30.59,0.0,0,30.59,10.71,5.46,14.42
5865,924,2025-01-05,Apparel,96.82,0.2,0,77.46,33.89,6.16,37.41
5866,924,2025-01-07,Electronics,100.93,0.2,0,80.75,72.67,6.21,1.87
5867,924,2025-03-05,Home,97.35,0.05,0,92.48,46.73,6.39,39.36
5868,924,2025-04-28,Electronics,173.36,0.2,0,138.69,124.82,7.08,6.79
5869,924,2025-06-22,Home,35.22,0.1,0,31.7,16.9,5.48,9.32
5870,924,2025-06-07,Electronics,305.45,0.2,0,244.36,219.92,8.67,15.77
5871,925,2024-02-19,Apparel,68.8,0.0,0,68.8,24.08,6.03,38.69
5872,925,2024-02-06,Accessories,25.04,0.1,0,22.54,7.51,5.34,9.69
5873,925,2024-04-03,Accessories,55.79,0.0,0,55.79,16.74,5.84,33.21
5874,925,2024-06-19,Home,115.19,0.0,0,115.19,55.29,6.73,53.17
5875,925,2024-07-05,Accessories,25.33,0.05,0,24.06,7.6,5.36,11.1
5876,925,2024-07-01,Electronics,82.15,0.05,0,78.05,59.15,6.17,12.73
5877,925,2024-10-01,Accessories,30.8,0.1,0,27.72,9.24,5.42,13.06
5878,925,2024-10-21,Home,113.46,0.1,0,102.12,54.46,6.53,41.13
5879,925,2024-10-08,Home,64.63,0.1,1,0.0,0.0,12.87,-12.87
5880,925,2025-01-11,Home,91.3,0.1,0,82.17,43.83,6.23,32.11
5881,925,2025-04-09,Home,71.43,0.0,0,71.43,34.29,6.07,31.07
5882,926,2024-06-07,Electronics,98.76,0.0,0,98.76,71.11,6.48,21.17
5883,926,2025-01-06,Electronics,351.17,0.1,0,316.06,252.84,9.74,53.48
5884,926,2025-06-23,Accessories,38.31,0.1,0,34.48,11.49,5.52,17.47
5885,926,2025-06-26,Accessories,29.72,0.0,0,29.72,8.92,5.45,15.35
5886,926,2025-06-04,Electronics,145.51,0.05,1,0.0,0.0,14.07,-14.07
5887,927,2024-05-18,Accessories,42.28,0.1,0,38.05,12.68,5.57,19.8
5888,927,2024-06-05,Apparel,64.62,0.1,1,0.0,0.0,12.87,-12.87
5889,927,2024-11-19,Home,121.94,0.1,0,109.74,58.53,6.65,44.56
5890,927,2025-02-04,Electronics,200.09,0.1,0,180.08,144.07,7.7,28.31
5891,927,2025-03-15,Electronics,283.07,0.0,0,283.07,203.81,9.25,70.01
5892,927,2025-05-13,Accessories,37.72,0.0,0,37.72,11.32,5.57,20.83
5893,927,2025-06-15,Accessories,61.83,0.05,1,0.0,0.0,12.88,-12.88
5894,928,2024-05-21,Electronics,201.5,0.1,0,181.35,145.08,7.72,28.55
5895,928,2024-07-04,Apparel,40.14,0.0,0,40.14,14.05,5.6,20.49
5896,928,2025-01-23,Home,58.86,0.2,0,47.09,28.25,5.71,13.13
5897,928,2025-03-20,Home,92.34,0.05,0,87.73,44.33,6.32,37.08
5898,928,2025-04-24,Apparel,71.31,0.0,0,71.31,24.96,6.07,40.28
5899,928,2025-04-02,Accessories,47.54,0.0,0,47.54,14.26,5.71,27.57
5900,929,2024-04-17,Electronics,148.33,0.0,0,148.33,106.8,7.23,34.3
5901,929,2024-07-09,Apparel,100.38,0.1,0,90.35,35.13,6.36,48.86
5902,929,2024-09-12,Home,113.27,0.05,0,107.6,54.37,6.61,46.62
5903,929,2024-11-07,Electronics,137.54,0.05,0,130.66,99.03,6.96,24.67
5904,929,2024-12-25,Electronics,181.43,0.0,0,181.43,130.63,7.72,43.08
5905,929,2024-12-26,Accessories,41.1,0.1,0,36.99,12.33,5.55,19.11
5906,930,2024-07-27,Accessories,102.36,0.1,0,92.13,30.71,6.38,55.04
5907,930,2024-09-07,Electronics,223.13,0.1,0,200.82,160.66,8.01,32.15
5908,931,2024-10-26,Apparel,77.47,0.05,0,73.6,27.12,6.1,40.38
5909,931,2024-12-06,Accessories,21.81,0.05,0,20.72,6.54,5.31,8.87
5910,931,2024-12-02,Electronics,94.1,0.05,0,89.4,67.75,6.34,15.31
5911,931,2024-12-05,Apparel,50.03,0.0,0,50.03,17.51,5.75,26.77
5912,931,2025-01-08,Accessories,33.68,0.0,0,33.68,10.1,5.51,18.07
5913,931,2025-02-22,Home,148.08,0.0,0,148.08,71.08,7.22,69.78
5914,931,2025-03-27,Apparel,97.79,0.0,1,0.0,0.0,13.47,-13.47
5915,931,2025-05-21,Accessories,31.26,0.0,0,31.26,9.38,5.47,16.41
5916,931,2025-05-13,Apparel,56.24,0.1,0,50.62,19.68,5.76,25.18
5917,932,2024-06-12,Accessories,46.41,0.0,0,46.41,13.92,5.7,26.79
5918,932,2024-07-18,Accessories,40.69,0.2,0,32.55,12.21,5.49,14.85
5919,932,2024-11-04,Electronics,154.38,0.05,0,146.66,111.15,7.2,28.31
5920,932,2025-02-25,Accessories,76.54,0.2,0,61.24,22.96,5.92,32.36
5921,932,2025-05-11,Electronics,205.16,0.0,1,0.0,0.0,15.08,-15.08
5922,932,2025-06-02,Accessories,36.82,0.2,0,29.45,11.05,5.44,12.96
5923,933,2024-04-03,Apparel,72.67,0.0,0,72.67,25.43,6.09,41.15
5924,933,2024-05-16,Home,154.18,0.2,0,123.34,74.01,6.85,42.48
5925,933,2024-06-11,Electronics,274.0,0.2,0,219.2,197.28,8.29,13.63
5926,933,2024-10-19,Home,70.75,0.1,0,63.67,33.96,5.96,23.75
5927,933,2024-11-13,Home,156.24,0.2,0,124.99,74.99,6.87,43.13
5928,933,2025-05-14,Electronics,162.29,0.2,0,129.83,116.85,6.95,6.03
5929,934,2024-04-12,Apparel,24.33,0.05,0,23.11,8.51,5.35,9.25
5930,934,2024-04-26,Electronics,173.26,0.1,0,155.94,124.75,7.34,23.85
5931,934,2024-05-11,Electronics,235.66,0.2,0,188.53,169.67,7.83,11.03
5932,934,2024-06-02,Accessories,58.43,0.1,0,52.59,17.53,5.79,29.27
5933,934,2024-07-17,Accessories,47.99,0.05,1,0.0,0.0,12.68,-12.68
5934,934,2024-09-10,Accessories,45.24,0.1,0,40.71,13.57,5.61,21.53
5935,934,2024-10-18,Accessories,40.97,0.05,0,38.92,12.29,5.58,21.05
5936,934,2024-10-18,Apparel,85.83,0.05,0,81.53,30.04,6.22,45.27
5937,934,2025-02-24,Home,123.09,0.05,0,116.94,59.08,6.75,51.11
5938,934,2025-06-19,Apparel,74.42,0.05,0,70.7,26.05,6.06,38.59
5939,935,2024-06-18,Electronics,217.11,0.05,0,206.26,156.32,8.09,41.85
5940,935,2024-11-08,Accessories,45.5,0.05,0,43.22,13.65,5.65,23.92
5941,935,2024-11-07,Apparel,89.91,0.05,1,0.0,0.0,13.28,-13.28
5942,936,2024-08-19,Apparel,31.28,0.0,0,31.28,10.95,5.47,14.86
5943,936,2024-08-12,Accessories,81.3,0.2,1,0.0,0.0,12.98,-12.98
5944,936,2024-12-10,Home,48.2,0.1,0,43.38,23.14,5.65,14.59
5945,936,2025-01-25,Home,61.04,0.0,0,61.04,29.3,5.92,25.82
5946,936,2025-02-01,Accessories,46.24,0.2,0,36.99,13.87,5.55,17.57
5947,936,2025-02-27,Home,150.9,0.2,1,0.0,0.0,13.81,-13.81
5948,936,2025-03-04,Electronics,294.26,0.2,0,235.41,211.87,8.53,15.01
5949,936,2025-04-06,Electronics,155.01,0.1,0,139.51,111.61,7.09,20.81
5950,936,2025-05-01,Home,148.48,0.1,0,133.64,71.27,7.0,55.37
5951,937,2024-01-13,Accessories,29.75,0.0,0,29.75,8.93,5.45,15.37
5952,937,2024-01-05,Electronics,380.53,0.0,0,380.53,273.98,10.71,95.84
5953,937,2024-03-27,Electronics,126.29,0.2,0,101.03,90.93,6.52,3.58
5954,937,2024-04-03,Accessories,44.56,0.1,0,40.11,13.37,5.6,21.14
5955,937,2024-12-26,Home,34.35,0.05,0,32.63,16.49,5.49,10.65
5956,937,2025-06-13,Electronics,176.11,0.0,0,176.11,126.8,7.64,41.67
5957,938,2024-08-27,Home,57.28,0.1,0,51.55,27.49,5.77,18.29
5958,938,2024-08-15,Apparel,168.29,0.0,0,168.29,58.9,7.52,101.87
5959,938,2024-08-23,Home,53.07,0.05,0,50.41,25.47,5.76,19.18
5960,938,2024-09-08,Apparel,105.76,0.2,0,84.61,37.01,6.27,41.33
5961,938,2024-10-22,Accessories,63.56,0.1,0,57.2,19.07,5.86,32.27
5962,938,2024-12-26,Electronics,158.96,0.0,0,158.96,114.45,7.38,37.13
5963,938,2025-01-19,Apparel,47.22,0.0,0,47.22,16.53,5.71,24.98
5964,938,2025-02-21,Accessories,43.78,0.05,0,41.59,13.13,5.62,22.84
5965,938,2025-02-09,Apparel,85.2,0.1,0,76.68,29.82,6.15,40.71
5966,938,2025-03-09,Accessories,23.25,0.05,0,22.09,6.97,5.33,9.79
5967,938,2025-06-08,Accessories,57.69,0.05,0,54.81,17.31,5.82,31.68
5968,939,2024-04-11,Accessories,56.57,0.05,0,53.74,16.97,5.81,30.96
5969,939,2024-04-07,Apparel,38.45,0.1,0,34.6,13.46,5.52,15.62
5970,939,2024-05-04,Apparel,61.97,0.1,0,55.78,21.69,5.84,28.25
5971,939,2025-02-22,Apparel,85.1,0.0,0,85.1,29.79,6.28,49.03
5972,939,2025-05-11,Home,151.14,0.0,0,151.14,72.55,7.27,71.32
5973,940,2024-10-17,Apparel,43.77,0.1,0,39.4,15.32,5.59,18.49
5974,941,2024-06-23,Apparel,50.89,0.2,0,40.71,17.81,5.61,17.29
5975,941,2024-10-19,Home,123.03,0.0,0,123.03,59.05,6.85,57.13
5976,941,2025-03-04,Accessories,49.64,0.0,0,49.64,14.89,5.74,29.01
5977,941,2025-06-10,Electronics,154.86,0.0,0,154.86,111.5,7.32,36.04
5978,942,2025-02-22,Apparel,83.06,0.1,1,0.0,0.0,13.12,-13.12
5979,942,2025-02-09,Apparel,59.91,0.05,0,56.91,20.97,5.85,30.09
5980,942,2025-02-06,Electronics,235.62,0.1,0,212.06,169.65,8.18,34.23
5981,942,2025-02-06,Apparel,126.09,0.05,0,119.79,44.13,6.8,68.86
5982,943,2024-04-06,Electronics,181.57,0.05,1,0.0,0.0,14.59,-14.59
5983,944,2024-05-09,Accessories,96.92,0.0,0,96.92,29.08,6.45,61.39
5984,944,2024-06-15,Electronics,98.54,0.05,0,93.61,70.95,6.4,16.26
5985,944,2024-07-07,Accessories,56.86,0.2,0,45.49,17.06,5.68,22.75
5986,944,2024-07-19,Accessories,31.88,0.0,0,31.88,9.56,5.48,16.84
5987,944,2024-07-28,Electronics,325.76,0.2,0,260.61,234.55,8.91,17.15
5988,944,2024-07-03,Electronics,115.25,0.1,1,0.0,0.0,13.56,-13.56
5989,945,2024-03-11,Apparel,108.57,0.05,0,103.15,38.0,6.55,58.6
5990,945,2024-04-16,Electronics,161.63,0.05,0,153.55,116.37,7.3,29.88
5991,945,2024-04-08,Home,96.3,0.0,0,96.3,46.23,6.44,43.63
5992,945,2024-05-06,Home,91.91,0.0,0,91.91,44.12,6.38,41.41
5993,945,2024-05-19,Apparel,101.68,0.1,0,91.52,35.59,6.37,49.56
5994,945,2024-07-12,Apparel,47.3,0.05,0,44.94,16.56,5.67,22.71
5995,945,2024-08-08,Accessories,40.56,0.2,0,32.45,12.17,5.49,14.79
5996,945,2024-08-13,Electronics,160.1,0.05,0,152.09,115.27,7.28,29.54
5997,945,2024-09-02,Apparel,57.23,0.05,0,54.37,20.03,5.82,28.52
5998,945,2024-09-14,Electronics,198.17,0.1,0,178.35,142.68,7.68,27.99
5999,945,2024-10-04,Home,73.47,0.0,0,73.47,35.27,6.1,32.1
6000,945,2025-03-24,Apparel,45.91,0.05,1,0.0,0.0,12.65,-12.65
6001,946,2024-01-24,Accessories,42.44,0.0,0,42.44,12.73,5.64,24.07
6002,946,2024-02-28,Home,67.25,0.0,0,67.25,32.28,6.01,28.96
6003,946,2024-03-17,Home,75.69,0.05,0,71.9,36.33,6.08,29.49
6004,946,2024-06-11,Accessories,94.01,0.0,0,94.01,28.2,6.41,59.4
6005,946,2024-11-28,Home,172.42,0.05,0,163.8,82.76,7.46,73.58
6006,946,2024-11-10,Home,81.12,0.1,0,73.01,38.94,6.1,27.97
6007,946,2025-01-05,Electronics,181.14,0.0,0,181.14,130.42,7.72,43.0
6008,946,2025-04-23,Home,119.43,0.05,0,113.46,57.33,6.7,49.43
6009,946,2025-05-02,Home,46.48,0.1,0,41.83,22.31,5.63,13.89
6010,947,2024-06-07,Home,75.25,0.2,0,60.2,36.12,5.9,18.18
6011,947,2024-07-02,Home,170.81,0.1,0,153.73,81.99,7.31,64.43
6012,947,2024-08-02,Electronics,306.17,0.0,0,306.17,220.44,9.59,76.14
6013,947,2024-08-17,Electronics,256.85,0.0,0,256.85,184.93,8.85,63.07
6014,947,2025-02-05,Electronics,603.87,0.05,0,573.68,434.79,13.61,125.28
6015,947,2025-02-23,Accessories,31.46,0.1,0,28.31,9.44,5.42,13.45
6016,947,2025-03-13,Home,146.58,0.05,0,139.25,70.36,7.09,61.8
6017,947,2025-04-17,Electronics,239.61,0.2,0,191.69,172.52,7.88,11.29
6018,947,2025-06-12,Electronics,176.96,0.0,0,176.96,127.41,7.65,41.9
6019,948,2024-02-08,Electronics,215.04,0.0,0,215.04,154.83,8.23,51.98
6020,948,2024-03-15,Home,44.57,0.0,0,44.57,21.4,5.67,17.5
6021,948,2024-04-21,Electronics,174.1,0.05,0,165.39,125.35,7.48,32.56
6022,948,2024-05-26,Apparel,55.44,0.0,0,55.44,19.41,5.83,30.2
6023,948,2024-07-23,Apparel,23.31,0.05,0,22.15,8.16,5.33,8.66
6024,948,2024-07-02,Electronics,192.5,0.0,0,192.5,138.6,7.89,46.01
6025,948,2024-11-03,Accessories,71.47,0.05,0,67.9,21.44,6.02,40.44
6026,948,2025-03-09,Apparel,91.93,0.0,1,0.0,0.0,13.38,-13.38
6027,948,2025-06-23,Apparel,60.01,0.05,0,57.01,21.0,5.86,30.15
6028,948,2025-06-21,Home,52.55,0.1,0,47.29,25.22,5.71,16.36
6029,949,2024-06-06,Apparel,44.25,0.1,0,39.82,15.49,5.6,18.73
6030,949,2024-07-21,Home,62.59,0.05,0,59.46,30.04,5.89,23.53
6031,949,2024-09-07,Apparel,59.51,0.05,0,56.54,20.83,5.85,29.86
6032,949,2024-10-13,Home,79.94,0.05,0,75.95,38.37,6.14,31.44
6033,949,2024-11-24,Electronics,226.1,0.0,0,226.1,162.79,8.39,54.92
6034,949,2025-02-21,Electronics,176.29,0.0,0,176.29,126.93,7.64,41.72
6035,949,2025-02-01,Home,92.0,0.05,0,87.4,44.16,6.31,36.93
6036,949,2025-03-20,Apparel,42.65,0.05,0,40.52,14.93,5.61,19.98
6037,950,2024-03-12,Apparel,74.76,0.2,0,59.81,26.17,5.9,27.74
6038,950,2024-05-23,Home,74.94,0.0,0,74.94,35.97,6.12,32.85
6039,950,2024-06-06,Electronics,129.93,0.1,0,116.94,93.55,6.75,16.64
6040,950,2024-06-27,Home,76.63,0.0,0,76.63,36.78,6.15,33.7
6041,950,2024-10-03,Home,102.03,0.05,0,96.92,48.97,6.45,41.5
6042,950,2024-10-06,Electronics,123.75,0.1,0,111.37,89.1,6.67,15.6
6043,950,2024-12-19,Home,86.81,0.2,0,69.45,41.67,6.04,21.74
6044,951,2024-07-01,Electronics,198.85,0.05,0,188.91,143.17,7.83,37.91
6045,951,2024-07-05,Accessories,46.95,0.05,0,44.61,14.09,5.67,24.85
6046,951,2024-09-13,Electronics,259.91,0.0,0,259.91,187.14,8.9,63.87
6047,951,2024-12-13,Home,96.01,0.0,0,96.01,46.08,6.44,43.49
6048,951,2025-01-08,Electronics,120.06,0.2,0,96.05,86.44,6.44,3.17
6049,952,2024-05-28,Electronics,402.82,0.0,1,0.0,0.0,18.04,-18.04
6050,952,2024-06-28,Accessories,49.6,0.2,0,39.68,14.88,5.6,19.2
6051,952,2024-08-22,Home,69.19,0.0,0,69.19,33.21,6.04,29.94
6052,952,2024-09-08,Home,68.93,0.05,0,65.48,33.08,5.98,26.42
6053,952,2024-10-11,Home,131.03,0.1,0,117.92,62.89,6.77,48.26
6054,952,2025-01-20,Apparel,49.78,0.1,0,44.8,17.42,5.67,21.71
6055,952,2025-02-10,Apparel,46.06,0.1,0,41.45,16.12,5.62,19.71
6056,952,2025-03-27,Electronics,237.97,0.1,0,214.17,171.34,8.21,34.62
6057,952,2025-03-17,Accessories,72.11,0.2,0,57.69,21.63,5.87,30.19
6058,952,2025-04-16,Apparel,42.83,0.1,1,0.0,0.0,12.58,-12.58
6059,952,2025-06-21,Electronics,150.59,0.05,0,143.06,108.42,7.15,27.49
6060,952,2025-06-18,Home,70.9,0.0,0,70.9,34.03,6.06,30.81
6061,953,2024-07-02,Electronics,205.37,0.2,0,164.3,147.87,7.46,8.97
6062,953,2024-10-18,Home,110.03,0.05,0,104.53,52.81,6.57,45.15
6063,953,2025-01-17,Apparel,64.15,0.05,1,0.0,0.0,12.91,-12.91
6064,953,2025-05-06,Apparel,68.58,0.2,0,54.86,24.0,5.82,25.04
6065,953,2025-05-10,Accessories,47.68,0.0,1,0.0,0.0,12.72,-12.72
6066,954,2024-01-26,Apparel,82.39,0.05,0,78.27,28.84,6.17,43.26
6067,954,2024-02-23,Home,122.37,0.0,0,122.37,58.74,6.84,56.79
6068,954,2024-03-23,Home,81.79,0.0,0,81.79,39.26,6.23,36.3
6069,954,2024-03-09,Accessories,67.2,0.0,0,67.2,20.16,6.01,41.03
6070,954,2024-05-13,Electronics,197.51,0.2,1,0.0,0.0,14.37,-14.37
6071,954,2025-01-02,Home,105.98,0.2,0,84.79,50.87,6.27,27.65
6072,954,2025-02-27,Accessories,70.96,0.2,0,56.77,21.29,5.85,29.63
6073,954,2025-03-15,Home,48.74,0.05,0,46.3,23.39,5.69,17.22
6074,954,2025-05-19,Apparel,71.39,0.2,0,57.11,24.99,5.86,26.26
6075,954,2025-05-14,Accessories,28.93,0.1,0,26.04,8.68,5.39,11.97
6076,955,2024-02-08,Home,47.49,0.0,0,47.49,22.8,5.71,18.98
6077,955,2024-02-03,Home,54.71,0.05,0,51.98,26.26,5.78,19.94
6078,955,2024-04-24,Accessories,38.73,0.1,0,34.86,11.62,5.52,17.72
6079,955,2024-04-17,Apparel,66.5,0.2,0,53.2,23.27,5.8,24.13
6080,955,2024-05-28,Home,95.9,0.1,0,86.31,46.03,6.29,33.99
6081,955,2024-08-13,Accessories,49.79,0.2,0,39.83,14.94,5.6,19.29
6082,955,2025-01-27,Electronics,264.35,0.2,0,211.48,190.33,8.17,12.98
6083,955,2025-04-19,Accessories,41.24,0.05,0,39.18,12.37,5.59,21.22
6084,955,2025-04-07,Apparel,27.59,0.05,0,26.21,9.66,5.39,11.16
6085,955,2025-05-03,Accessories,39.14,0.0,0,39.14,11.74,5.59,21.81
6086,955,2025-06-08,Home,153.52,0.1,0,138.17,73.69,7.07,57.41
6087,956,2024-02-07,Home,68.71,0.1,0,61.84,32.98,5.93,22.93
6088,956,2024-03-24,Accessories,42.7,0.1,0,38.43,12.81,5.58,20.04
6089,956,2024-10-09,Home,153.77,0.1,0,138.39,73.81,7.08,57.5
6090,956,2024-11-28,Accessories,44.62,0.2,1,0.0,0.0,12.54,-12.54
6091,956,2024-11-19,Apparel,43.13,0.1,0,38.82,15.09,5.58,18.15
6092,956,2025-01-08,Home,107.42,0.0,0,107.42,51.56,6.61,49.25
6093,956,2025-01-27,Home,50.2,0.2,0,40.16,24.09,5.6,10.47
6094,957,2024-05-11,Home,74.22,0.0,0,74.22,35.62,6.11,32.49
6095,957,2024-06-17,Accessories,22.7,0.2,0,18.16,6.81,5.27,6.08
6096,957,2024-07-27,Accessories,60.41,0.0,0,60.41,18.12,5.91,36.38
6097,957,2024-07-01,Apparel,94.82,0.0,0,94.82,33.19,6.42,55.21
6098,957,2024-08-23,Apparel,45.39,0.0,0,45.39,15.89,5.68,23.82
6099,957,2024-09-18,Apparel,77.55,0.2,0,62.04,27.14,5.93,28.97
6100,957,2025-01-26,Home,94.84,0.0,1,0.0,0.0,13.42,-13.42
6101,957,2025-01-20,Apparel,101.5,0.05,0,96.42,35.52,6.45,54.45
6102,957,2025-02-27,Electronics,206.51,0.0,0,206.51,148.68,8.1,49.73
6103,957,2025-02-27,Electronics,205.19,0.05,0,194.93,147.73,7.92,39.28
6104,957,2025-03-28,Accessories,45.41,0.05,1,0.0,0.0,12.65,-12.65
6105,957,2025-03-03,Home,50.83,0.05,0,48.29,24.4,5.72,18.17
6106,957,2025-05-08,Electronics,188.17,0.0,0,188.17,135.48,7.82,44.87
6107,958,2024-07-13,Accessories,42.04,0.0,0,42.04,12.61,5.63,23.8
6108,958,2024-07-15,Accessories,19.84,0.0,0,19.84,5.95,5.3,8.59
6109,958,2024-07-21,Home,175.86,0.0,0,175.86,84.41,7.64,83.81
6110,958,2024-08-11,Accessories,25.4,0.1,0,22.86,7.62,5.34,9.9
6111,958,2024-09-01,Home,137.76,0.0,0,137.76,66.13,7.07,64.56
6112,958,2024-09-14,Home,59.34,0.1,0,53.41,28.48,5.8,19.13
6113,958,2024-09-09,Accessories,47.11,0.0,0,47.11,14.13,5.71,27.27
6114,958,2024-10-22,Accessories,27.61,0.0,0,27.61,8.28,5.41,13.92
6115,958,2024-11-13,Home,148.78,0.05,0,141.34,71.42,7.12,62.8
6116,958,2024-11-11,Apparel,29.66,0.1,0,26.69,10.38,5.4,10.91
6117,958,2024-12-19,Home,89.48,0.05,1,0.0,0.0,13.28,-13.28
6118,958,2025-01-20,Electronics,70.28,0.05,0,66.76,50.6,6.0,10.16
6119,959,2024-03-24,Apparel,35.45,0.05,1,0.0,0.0,12.51,-12.51
6120,959,2024-05-13,Accessories,48.2,0.0,0,48.2,14.46,5.72,28.02
6121,959,2024-07-15,Accessories,51.25,0.05,0,48.69,15.38,5.73,27.58
6122,959,2024-07-10,Electronics,234.43,0.1,0,210.99,168.79,8.16,34.04
6123,959,2024-09-10,Home,115.1,0.05,0,109.34,55.25,6.64,47.45
6124,959,2024-09-08,Accessories,102.58,0.0,0,102.58,30.77,6.54,65.27
6125,959,2024-10-15,Accessories,47.82,0.0,0,47.82,14.35,5.72,27.75
6126,959,2024-11-03,Apparel,38.94,0.05,0,36.99,13.63,5.55,17.81
6127,959,2024-12-17,Home,115.53,0.0,0,115.53,55.45,6.73,53.35
6128,959,2024-12-16,Electronics,230.58,0.1,0,207.52,166.02,8.11,33.39
6129,959,2025-01-08,Accessories,45.64,0.0,0,45.64,13.69,5.68,26.27
6130,959,2025-03-14,Electronics,217.78,0.0,0,217.78,156.8,8.27,52.71
6131,959,2025-04-02,Electronics,215.71,0.0,0,215.71,155.31,8.24,52.16
6132,959,2025-04-18,Electronics,122.71,0.0,0,122.71,88.35,6.84,27.52
6133,959,2025-05-26,Apparel,55.57,0.1,0,50.01,19.45,5.75,24.81
6134,959,2025-05-10,Electronics,222.32,0.2,0,177.85,160.07,7.67,10.11
6135,960,2024-06-20,Apparel,31.84,0.0,0,31.84,11.14,5.48,15.22
6136,960,2024-07-17,Apparel,85.01,0.0,0,85.01,29.75,6.28,48.98
6137,960,2024-07-16,Home,176.89,0.0,0,176.89,84.91,7.65,84.33
6138,961,2024-05-03,Accessories,67.92,0.0,0,67.92,20.38,6.02,41.52
6139,961,2024-05-27,Accessories,17.58,0.1,0,15.82,5.27,5.24,5.31
6140,961,2025-06-04,Apparel,65.35,0.1,0,58.81,22.87,5.88,30.06
6141,962,2024-04-17,Home,107.68,0.05,0,102.3,51.69,6.53,44.08
6142,962,2025-02-06,Home,105.99,0.0,0,105.99,50.88,6.59,48.52
6143,962,2025-02-19,Home,189.11,0.0,0,189.11,90.77,7.84,90.5
6144,962,2025-06-24,Apparel,64.7,0.1,0,58.23,22.65,5.87,29.71
6145,963,2024-07-17,Electronics,183.19,0.05,0,174.04,131.9,7.61,34.53
6146,963,2024-09-06,Accessories,43.83,0.0,0,43.83,13.15,5.66,25.02
6147,963,2024-10-12,Electronics,169.63,0.0,1,0.0,0.0,14.54,-14.54
6148,963,2024-10-13,Accessories,25.85,0.0,1,0.0,0.0,12.39,-12.39
6149,963,2024-10-18,Electronics,156.69,0.1,0,141.02,112.82,7.12,21.08
6150,963,2024-11-25,Home,77.11,0.2,0,61.69,37.01,5.93,18.75
6151,963,2025-03-23,Electronics,161.34,0.05,0,153.27,116.16,7.3,29.81
6152,964,2024-08-11,Electronics,141.16,0.1,0,127.05,101.64,6.91,18.5
6153,964,2024-09-04,Home,90.25,0.05,0,85.74,43.32,6.29,36.13
6154,964,2024-12-02,Electronics,260.44,0.1,0,234.39,187.52,8.52,38.35
6155,964,2025-01-24,Home,46.9,0.2,0,37.52,22.51,5.56,9.45
6156,964,2025-02-26,Apparel,79.58,0.05,0,75.6,27.85,6.13,41.62
6157,964,2025-02-12,Home,94.52,0.0,0,94.52,45.37,6.42,42.73
6158,964,2025-02-23,Accessories,60.45,0.0,0,60.45,18.13,5.91,36.41
6159,964,2025-05-10,Accessories,46.43,0.0,0,46.43,13.93,5.7,26.8
6160,964,2025-05-06,Home,42.36,0.0,0,42.36,20.33,5.64,16.39
6161,964,2025-05-12,Home,70.36,0.2,0,56.29,33.77,5.84,16.68
6162,964,2025-05-12,Accessories,60.02,0.05,0,57.02,18.01,5.86,33.15
6163,965,2024-07-23,Electronics,383.14,0.0,0,383.14,275.86,10.75,96.53
6164,965,2024-08-25,Electronics,372.07,0.2,0,297.66,267.89,9.46,20.31
6165,965,2024-11-15,Apparel,33.41,0.0,0,33.41,11.69,5.5,16.22
6166,965,2025-01-27,Electronics,205.36,0.0,0,205.36,147.86,8.08,49.42
6167,965,2025-01-10,Apparel,45.83,0.0,0,45.83,16.04,5.69,24.1
6168,965,2025-03-22,Apparel,40.61,0.2,0,32.49,14.21,5.49,12.79
6169,965,2025-04-02,Electronics,136.76,0.0,0,136.76,98.47,7.05,31.24
6170,965,2025-04-08,Home,113.56,0.05,0,107.89,54.51,6.62,46.76
6171,965,2025-05-24,Electronics,188.31,0.05,0,178.89,135.58,7.68,35.63
6172,965,2025-06-15,Apparel,42.52,0.1,1,0.0,0.0,12.57,-12.57
6173,966,2024-04-09,Apparel,100.8,0.0,0,100.8,35.28,6.51,59.01
6174,966,2024-06-25,Home,101.43,0.0,0,101.43,48.69,6.52,46.22
6175,966,2024-08-10,Electronics,169.39,0.1,1,0.0,0.0,14.29,-14.29
6176,966,2024-09-05,Apparel,60.33,0.0,1,0.0,0.0,12.9,-12.9
6177,966,2024-10-24,Electronics,151.97,0.0,0,151.97,109.42,7.28,35.27
6178,966,2024-12-13,Accessories,59.21,0.2,0,47.37,17.76,5.71,23.9
6179,966,2025-01-23,Home,80.11,0.2,0,64.09,38.45,5.96,19.68
6180,967,2024-08-23,Apparel,68.1,0.0,0,68.1,23.84,6.02,38.24
6181,967,2024-09-17,Accessories,47.74,0.2,0,38.2,14.32,5.57,18.31
6182,967,2024-10-06,Home,68.4,0.2,0,54.72,32.83,5.82,16.07
6183,967,2024-10-11,Home,102.49,0.1,0,92.24,49.19,6.38,36.67
6184,967,2024-11-21,Electronics,159.48,0.2,0,127.58,114.83,6.91,5.84
6185,967,2024-12-02,Apparel,25.88,0.0,0,25.88,9.06,5.39,11.43
6186,967,2024-12-13,Accessories,30.98,0.1,0,27.88,9.29,5.42,13.17
6187,967,2025-02-08,Electronics,209.64,0.0,0,209.64,150.94,8.14,50.56
6188,967,2025-04-23,Accessories,51.2,0.2,0,40.96,15.36,5.61,19.99
6189,967,2025-04-02,Accessories,49.6,0.05,0,47.12,14.88,5.71,26.53
6190,967,2025-04-04,Electronics,318.9,0.05,0,302.95,229.6,9.54,63.81
6191,967,2025-05-06,Apparel,27.11,0.2,0,21.68,9.49,5.33,6.86
6192,968,2024-06-12,Electronics,281.38,0.1,0,253.24,202.59,8.8,41.85
6193,968,2024-06-05,Accessories,48.64,0.05,0,46.2,14.59,5.69,25.92
6194,968,2024-06-16,Accessories,33.91,0.1,0,30.52,10.17,5.46,14.89
6195,968,2024-08-16,Accessories,30.75,0.0,0,30.75,9.22,5.46,16.07
6196,968,2024-08-23,Home,63.07,0.2,0,50.46,30.28,5.76,14.42
6197,969,2024-04-28,Electronics,207.73,0.1,0,186.96,149.57,7.8,29.59
6198,969,2024-06-19,Home,100.21,0.0,0,100.21,48.1,6.5,45.61
6199,969,2024-06-03,Accessories,55.0,0.0,0,55.0,16.5,5.82,32.68
6200,969,2024-07-19,Electronics,404.08,0.05,0,383.87,290.93,10.76,82.18
6201,969,2024-08-09,Apparel,69.57,0.05,0,66.09,24.35,5.99,35.75
6202,969,2025-02-12,Apparel,92.41,0.2,1,0.0,0.0,13.11,-13.11
6203,969,2025-02-20,Home,161.19,0.0,0,161.19,77.37,7.42,76.4
6204,969,2025-03-12,Electronics,367.41,0.05,0,349.04,264.53,10.24,74.27
6205,969,2025-04-17,Electronics,328.54,0.05,0,312.11,236.55,9.68,65.88
6206,969,2025-05-11,Apparel,65.59,0.0,0,65.59,22.96,5.98,36.65
6207,970,2024-03-07,Electronics,104.78,0.1,0,94.3,75.44,6.41,12.45
6208,970,2024-05-11,Home,124.17,0.1,0,111.75,59.6,6.68,45.47
6209,970,2024-08-05,Electronics,254.28,0.05,0,241.57,183.08,8.62,49.87
6210,970,2024-11-07,Apparel,31.65,0.2,1,0.0,0.0,12.38,-12.38
6211,970,2024-11-02,Accessories,32.86,0.1,0,29.57,9.86,5.44,14.27
6212,970,2025-02-25,Apparel,44.44,0.05,0,42.21,15.55,5.63,21.03
6213,970,2025-04-25,Accessories,40.24,0.1,0,36.22,12.07,5.54,18.61
6214,970,2025-05-28,Home,127.56,0.1,0,114.81,61.23,6.72,46.86
6215,971,2024-07-15,Accessories,54.94,0.1,0,49.44,16.48,5.74,27.22
6216,971,2024-09-02,Home,110.43,0.05,0,104.9,53.0,6.57,45.33
6217,971,2024-10-18,Accessories,27.94,0.1,0,25.15,8.38,5.38,11.39
6218,971,2024-10-03,Home,96.74,0.2,0,77.39,46.43,6.16,24.8
6219,971,2024-11-10,Accessories,37.11,0.0,0,37.11,11.13,5.56,20.42
6220,971,2024-11-25,Accessories,19.57,0.0,0,19.57,5.87,5.29,8.41
6221,971,2024-12-08,Home,85.09,0.0,0,85.09,40.84,6.28,37.97
6222,971,2025-01-27,Electronics,250.02,0.05,0,237.52,180.01,8.56,48.95
6223,971,2025-01-11,Apparel,56.51,0.0,1,0.0,0.0,12.85,-12.85
6224,971,2025-01-19,Electronics,133.56,0.1,0,120.2,96.16,6.8,17.24
6225,971,2025-02-13,Home,75.73,0.1,0,68.15,36.35,6.02,25.78
6226,971,2025-04-13,Accessories,62.97,0.1,0,56.67,18.89,5.85,31.93
6227,971,2025-05-14,Home,71.01,0.0,0,71.01,34.09,6.07,30.85
6228,971,2025-06-04,Accessories,37.87,0.1,0,34.08,11.36,5.51,17.21
6229,972,2024-03-23,Home,111.85,0.1,0,100.67,53.69,6.51,40.47
6230,972,2024-04-19,Apparel,51.38,0.0,1,0.0,0.0,12.77,-12.77
6231,972,2024-09-23,Apparel,81.25,0.0,0,81.25,28.44,6.22,46.59
6232,972,2024-09-04,Apparel,125.47,0.2,1,0.0,0.0,13.51,-13.51
6233,972,2025-06-21,Electronics,195.54,0.0,0,195.54,140.79,7.93,46.82
6234,972,2025-06-02,Accessories,30.53,0.0,0,30.53,9.16,5.46,15.91
6235,973,2024-08-24,Apparel,57.98,0.0,0,57.98,20.29,5.87,31.82
6236,974,2024-05-14,Accessories,38.08,0.1,0,34.27,11.42,5.51,17.34
6237,974,2024-11-03,Accessories,59.31,0.1,0,53.38,17.79,5.8,29.79
6238,974,2025-01-23,Apparel,32.44,0.0,0,32.44,11.35,5.49,15.6
6239,974,2025-03-20,Home,69.71,0.05,0,66.22,33.46,5.99,26.77
6240,975,2024-09-10,Apparel,47.49,0.2,0,37.99,16.62,5.57,15.8
6241,975,2024-10-21,Accessories,43.65,0.05,0,41.47,13.1,5.62,22.75
6242,975,2025-02-04,Home,48.27,0.05,0,45.85,23.17,5.69,16.99
6243,975,2025-03-25,Electronics,218.48,0.1,0,196.63,157.3,7.95,31.38
6244,976,2024-08-24,Home,119.5,0.2,1,0.0,0.0,13.43,-13.43
6245,976,2024-09-22,Accessories,40.22,0.0,0,40.22,12.07,5.6,22.55
6246,976,2024-09-05,Apparel,47.31,0.0,0,47.31,16.56,5.71,25.04
6247,976,2025-01-14,Apparel,49.03,0.05,1,0.0,0.0,12.7,-12.7
6248,976,2025-06-14,Home,66.85,0.0,0,66.85,32.09,6.0,28.76
6249,976,2025-06-04,Accessories,65.45,0.2,0,52.36,19.63,5.79,26.94
6250,977,2024-08-04,Home,94.99,0.0,0,94.99,45.6,6.42,42.97
6251,977,2024-10-01,Electronics,369.79,0.05,0,351.3,266.25,10.27,74.78
6252,977,2025-04-11,Apparel,59.64,0.2,1,0.0,0.0,12.72,-12.72
6253,977,2025-04-20,Electronics,169.11,0.1,0,152.2,121.76,7.28,23.16
6254,978,2024-05-27,Home,77.93,0.0,0,77.93,37.41,6.17,34.35
6255,978,2024-05-11,Accessories,32.92,0.1,0,29.63,9.88,5.44,14.31
6256,978,2024-06-24,Apparel,28.26,0.1,0,25.43,9.89,5.38,10.16
6257,978,2024-10-09,Apparel,41.07,0.1,0,36.96,14.37,5.55,17.04
6258,978,2024-10-17,Apparel,80.52,0.05,0,76.5,28.18,6.15,42.17
6259,978,2024-11-09,Apparel,40.18,0.05,0,38.17,14.06,5.57,18.54
6260,978,2024-12-11,Electronics,230.18,0.2,0,184.14,165.73,7.76,10.65
6261,978,2025-01-24,Apparel,49.81,0.2,0,39.85,17.43,5.6,16.82
6262,978,2025-01-19,Accessories,40.31,0.05,0,38.29,12.09,5.57,20.63
6263,978,2025-02-04,Apparel,63.95,0.05,0,60.75,22.38,5.91,32.46
6264,978,2025-03-17,Electronics,195.95,0.1,0,176.36,141.09,7.65,27.62
6265,978,2025-03-15,Accessories,40.16,0.0,1,0.0,0.0,12.6,-12.6
6266,978,2025-05-16,Electronics,136.79,0.05,0,129.95,98.49,6.95,24.51
6267,979,2024-09-21,Accessories,34.84,0.0,0,34.84,10.45,5.52,18.87
6268,979,2025-02-14,Home,67.61,0.05,0,64.23,32.45,5.96,25.82
6269,979,2025-03-05,Apparel,68.3,0.2,0,54.64,23.9,5.82,24.92
6270,979,2025-04-23,Electronics,196.94,0.1,0,177.25,141.8,7.66,27.79
6271,980,2024-10-03,Accessories,24.72,0.0,0,24.72,7.41,5.37,11.94
6272,980,2025-02-10,Home,108.25,0.05,0,102.84,51.96,6.54,44.34
6273,981,2024-08-09,Accessories,44.5,0.1,0,40.05,13.35,5.6,21.1
6274,981,2024-09-10,Apparel,22.01,0.05,0,20.91,7.7,5.31,7.9
6275,981,2024-09-28,Home,43.65,0.0,0,43.65,20.95,5.65,17.05
6276,981,2024-10-14,Electronics,297.35,0.05,0,282.48,214.09,9.24,59.15
6277,981,2024-11-07,Accessories,40.92,0.2,0,32.74,12.28,5.49,14.97
6278,981,2024-11-22,Accessories,26.34,0.05,0,25.03,7.9,5.38,11.75
6279,981,2024-11-01,Accessories,123.89,0.1,0,111.5,37.17,6.67,67.66
6280,981,2024-12-19,Home,53.09,0.1,0,47.78,25.48,5.72,16.58
6281,981,2025-02-05,Accessories,55.1,0.05,0,52.35,16.53,5.79,30.03
6282,981,2025-03-14,Electronics,194.57,0.1,0,175.11,140.09,7.63,27.39
6283,982,2024-03-18,Apparel,127.05,0.05,1,0.0,0.0,13.81,-13.81
6284,982,2024-03-09,Apparel,62.31,0.05,0,59.19,21.81,5.89,31.49
6285,982,2024-04-23,Accessories,38.07,0.0,1,0.0,0.0,12.57,-12.57
6286,982,2024-08-13,Apparel,52.73,0.0,0,52.73,18.46,5.79,28.48
6287,982,2024-09-10,Electronics,283.77,0.05,0,269.58,204.31,9.04,56.23
6288,982,2024-11-20,Home,86.17,0.05,0,81.86,41.36,6.23,34.27
6289,982,2024-12-16,Accessories,51.19,0.0,0,51.19,15.36,5.77,30.06
6290,982,2024-12-01,Home,56.82,0.05,0,53.98,27.28,5.81,20.89
6291,982,2025-02-12,Accessories,60.06,0.05,0,57.06,18.02,5.86,33.18
6292,982,2025-04-20,Electronics,283.41,0.0,0,283.41,204.06,9.25,70.1
6293,982,2025-04-25,Home,126.67,0.0,0,126.67,60.8,6.9,58.97
6294,983,2024-04-02,Accessories,44.59,0.0,0,44.59,13.38,5.67,25.54
6295,983,2024-08-08,Apparel,101.53,0.0,1,0.0,0.0,13.52,-13.52
6296,983,2024-08-20,Accessories,54.62,0.0,0,54.62,16.39,5.82,32.41
6297,983,2025-02-05,Home,86.77,0.1,0,78.09,41.65,6.17,30.27
6298,983,2025-04-17,Home,66.87,0.05,0,63.52,32.1,5.95,25.47
6299,983,2025-06-10,Home,76.96,0.0,0,76.96,36.94,6.15,33.87
6300,984,2024-10-05,Apparel,58.43,0.0,0,58.43,20.45,5.88,32.1
6301,985,2024-05-07,Accessories,15.48,0.0,0,15.48,4.64,5.23,5.61
6302,985,2024-06-27,Electronics,106.1,0.05,0,100.8,76.39,6.51,17.9
6303,985,2024-06-15,Electronics,186.93,0.0,0,186.93,134.59,7.8,44.54
6304,985,2024-07-13,Electronics,200.49,0.2,0,160.39,144.35,7.41,8.63
6305,985,2024-08-26,Electronics,236.75,0.2,1,0.0,0.0,14.84,-14.84
6306,985,2024-10-06,Apparel,124.67,0.05,0,118.43,43.63,6.78,68.02
6307,985,2024-10-28,Electronics,318.49,0.05,0,302.56,229.31,9.54,63.71
6308,985,2024-11-25,Electronics,111.3,0.0,1,0.0,0.0,13.67,-13.67
6309,985,2024-11-18,Apparel,43.47,0.2,0,34.77,15.21,5.52,14.04
6310,985,2024-12-11,Home,83.08,0.0,0,83.08,39.88,6.25,36.95
6311,985,2025-02-19,Home,108.49,0.05,0,103.06,52.07,6.55,44.44
6312,985,2025-05-22,Apparel,48.6,0.05,1,0.0,0.0,12.69,-12.69
6313,985,2025-05-19,Home,121.3,0.05,0,115.24,58.23,6.73,50.28
6314,985,2025-05-11,Accessories,35.99,0.0,0,35.99,10.8,5.54,19.65
6315,985,2025-06-16,Electronics,155.72,0.2,1,0.0,0.0,13.87,-13.87
6316,986,2024-01-11,Home,69.62,0.1,0,62.66,33.42,5.94,23.3
6317,986,2024-07-16,Home,26.12,0.1,0,23.51,12.54,5.35,5.62
6318,986,2024-07-13,Accessories,31.67,0.05,0,30.08,9.5,5.45,15.13
6319,986,2024-11-18,Accessories,43.01,0.2,0,34.41,12.9,5.52,15.99
6320,987,2024-01-06,Apparel,70.89,0.2,0,56.71,24.81,5.85,26.05
6321,987,2024-03-15,Home,53.53,0.2,0,42.83,25.7,5.64,11.49
6322,987,2024-07-20,Apparel,80.88,0.0,0,80.88,28.31,6.21,46.36
6323,987,2024-10-07,Home,141.9,0.0,0,141.9,68.11,7.13,66.66
6324,987,2024-10-23,Electronics,158.49,0.0,0,158.49,114.11,7.38,37.0
6325,987,2024-11-16,Accessories,24.27,0.05,0,23.05,7.28,5.35,10.42
6326,987,2025-03-24,Accessories,41.68,0.0,0,41.68,12.5,5.63,23.55
6327,987,2025-04-25,Apparel,20.1,0.0,1,0.0,0.0,12.3,-12.3
6328,987,2025-05-20,Apparel,42.53,0.2,0,34.03,14.89,5.51,13.63
6329,988,2024-10-10,Apparel,108.0,0.0,0,108.0,37.8,6.62,63.58
6330,988,2024-10-02,Electronics,217.3,0.1,1,0.0,0.0,14.93,-14.93
6331,988,2024-11-18,Accessories,32.98,0.05,0,31.33,9.9,5.47,15.96
6332,988,2024-12-05,Accessories,36.66,0.1,0,32.99,11.0,5.49,16.5
6333,988,2024-12-17,Accessories,27.76,0.1,0,24.99,8.33,5.37,11.29
6334,988,2025-01-17,Apparel,97.25,0.05,0,92.39,34.04,6.39,51.96
6335,988,2025-02-07,Apparel,73.06,0.05,0,69.41,25.57,6.04,37.8
6336,988,2025-03-16,Apparel,59.76,0.0,0,59.76,20.92,5.9,32.94
6337,988,2025-05-15,Accessories,43.13,0.2,0,34.5,12.94,5.52,16.04
6338,989,2024-09-05,Electronics,281.37,0.1,0,253.24,202.59,8.8,41.85
6339,990,2024-06-09,Apparel,71.67,0.0,0,71.67,25.08,6.08,40.51
6340,990,2024-07-12,Accessories,79.01,0.1,0,71.11,23.7,6.07,41.34
6341,990,2024-08-27,Electronics,329.03,0.0,0,329.03,236.9,9.94,82.19
6342,990,2024-09-08,Accessories,23.92,0.0,0,23.92,7.18,5.36,11.38
6343,990,2024-12-05,Accessories,65.56,0.1,1,0.0,0.0,12.89,-12.89
6344,990,2025-04-20,Home,97.53,0.0,0,97.53,46.82,6.46,44.25
6345,991,2024-11-18,Home,55.23,0.05,0,52.47,26.51,5.79,20.17
6346,991,2024-11-23,Home,51.55,0.1,0,46.39,24.74,5.7,15.95
6347,991,2025-02-15,Apparel,56.64,0.0,0,56.64,19.82,5.85,30.97
6348,991,2025-05-25,Home,104.27,0.05,0,99.05,50.05,6.49,42.51
6349,992,2024-10-11,Apparel,71.81,0.05,1,0.0,0.0,13.02,-13.02
6350,993,2024-08-27,Electronics,265.23,0.1,0,238.71,190.96,8.58,39.17
6351,993,2024-09-13,Electronics,255.49,0.0,0,255.49,183.95,8.83,62.71
6352,993,2024-09-24,Home,129.95,0.05,0,123.46,62.38,6.85,54.23
6353,993,2025-01-26,Accessories,25.93,0.1,0,23.34,7.78,5.35,10.21
6354,994,2024-04-21,Accessories,28.49,0.0,0,28.49,8.55,5.43,14.51
6355,994,2024-04-15,Apparel,53.49,0.05,0,50.82,18.72,5.76,26.34
6356,994,2024-05-05,Accessories,68.23,0.1,0,61.41,20.47,5.92,35.02
6357,994,2024-06-13,Electronics,375.62,0.0,0,375.62,270.45,10.63,94.54
6358,994,2024-07-04,Electronics,94.64,0.0,0,94.64,68.14,6.42,20.08
6359,994,2024-07-01,Electronics,329.58,0.0,0,329.58,237.3,9.94,82.34
6360,994,2024-07-08,Apparel,42.83,0.0,0,42.83,14.99,5.64,22.2
6361,994,2024-08-23,Home,89.85,0.05,0,85.36,43.13,6.28,35.95
6362,994,2024-08-07,Home,55.69,0.2,0,44.55,26.73,5.67,12.15
6363,994,2024-09-20,Electronics,139.74,0.0,0,139.74,100.61,7.1,32.03
6364,994,2024-10-10,Electronics,156.09,0.0,0,156.09,112.39,7.34,36.36
6365,994,2025-01-10,Accessories,96.78,0.1,0,87.1,29.03,6.31,51.76
6366,994,2025-02-12,Apparel,60.09,0.0,1,0.0,0.0,12.9,-12.9
6367,995,2024-06-13,Electronics,242.44,0.1,0,218.19,174.56,8.27,35.36
6368,995,2024-06-14,Home,65.29,0.0,0,65.29,31.34,5.98,27.97
6369,995,2024-07-17,Home,122.74,0.0,1,0.0,0.0,13.84,-13.84
6370,995,2024-08-17,Home,132.65,0.0,0,132.65,63.67,6.99,61.99
6371,995,2024-11-27,Accessories,52.93,0.0,0,52.93,15.88,5.79,31.26
6372,995,2024-11-11,Apparel,46.91,0.2,1,0.0,0.0,12.56,-12.56
6373,996,2024-02-08,Accessories,34.9,0.2,0,27.92,10.47,5.42,12.03
6374,996,2024-03-26,Electronics,235.3,0.0,0,235.3,169.42,8.53,57.35
6375,996,2024-07-18,Accessories,34.9,0.05,0,33.15,10.47,5.5,17.18
6376,996,2024-10-17,Home,108.3,0.0,0,108.3,51.98,6.62,49.7
6377,996,2024-10-12,Home,70.62,0.05,0,67.09,33.9,6.01,27.18
6378,996,2024-11-07,Electronics,249.04,0.05,0,236.59,179.31,8.55,48.73
6379,996,2024-12-18,Apparel,38.28,0.1,0,34.45,13.4,5.52,15.53
6380,996,2024-12-28,Apparel,30.81,0.0,0,30.81,10.78,5.46,14.57
6381,996,2025-02-11,Apparel,47.27,0.2,0,37.82,16.54,5.57,15.71
6382,997,2024-01-01,Accessories,67.7,0.0,0,67.7,20.31,6.02,41.37
6383,997,2024-05-09,Accessories,54.06,0.05,0,51.36,16.22,5.77,29.37
6384,997,2024-05-20,Apparel,29.08,0.0,0,29.08,10.18,5.44,13.46
6385,997,2024-07-02,Electronics,207.74,0.0,0,207.74,149.57,8.12,50.05
6386,997,2025-03-18,Home,99.86,0.2,0,79.89,47.93,6.2,25.76
6387,997,2025-03-10,Accessories,34.33,0.05,0,32.61,10.3,5.49,16.82
6388,997,2025-03-01,Home,91.22,0.0,0,91.22,43.79,6.37,41.06
6389,998,2024-07-17,Home,79.45,0.2,0,63.56,38.14,5.95,19.47
6390,998,2024-11-10,Home,96.83,0.1,0,87.14,46.48,6.31,34.35
6391,999,2024-06-12,Home,81.03,0.05,0,76.98,38.89,6.15,31.94
6392,1000,2024-07-11,Apparel,50.13,0.1,0,45.11,17.54,5.68,21.89
6393,1000,2024-08-25,Apparel,98.62,0.0,0,98.62,34.52,6.48,57.62
6394,1000,2024-08-04,Electronics,412.72,0.05,0,392.08,297.16,10.88,84.04
6395,1000,2024-09-18,Home,72.79,0.05,0,69.15,34.94,6.04,28.17
6396,1000,2024-10-03,Home,179.69,0.0,0,179.69,86.25,7.7,85.74
6397,1000,2024-11-20,Home,42.73,0.1,0,38.46,20.51,5.58,12.37
6398,1000,2024-12-02,Electronics,417.55,0.05,0,396.67,300.63,10.95,85.09
6399,1000,2024-12-02,Accessories,17.64,0.05,0,16.76,5.29,5.25,6.22
6400,1000,2025-01-10,Accessories,66.03,0.1,0,59.43,19.81,5.89,33.73
6401,1000,2025-01-01,Home,119.58,0.0,0,119.58,57.4,6.79,55.39
6402,1000,2025-02-24,Accessories,43.85,0.2,0,35.08,13.16,5.53,16.39
6403,1000,2025-03-07,Home,116.09,0.2,0,92.87,55.72,6.39,30.76
6404,1000,2025-04-12,Accessories,70.11,0.2,0,56.09,21.03,5.84,29.22
6405,1000,2025-05-06,Home,92.78,0.2,0,74.22,44.53,6.11,23.58
6406,1001,2024-10-27,Apparel,56.38,0.05,0,53.56,19.73,5.8,28.03
6407,1001,2024-11-20,Home,117.81,0.05,0,111.92,56.55,6.68,48.69
6408,1001,2024-12-23,Accessories,28.48,0.0,0,28.48,8.54,5.43,14.51
6409,1001,2024-12-22,Apparel,82.79,0.0,0,82.79,28.98,6.24,47.57
6410,1001,2025-01-07,Accessories,25.24,0.0,0,25.24,7.57,5.38,12.29
6411,1001,2025-03-22,Home,96.22,0.05,0,91.41,46.18,6.37,38.86
6412,1002,2024-08-03,Apparel,53.0,0.05,1,0.0,0.0,12.76,-12.76
6413,1002,2025-02-15,Home,62.69,0.05,0,59.55,30.09,5.89,23.57
6414,1002,2025-03-19,Electronics,146.61,0.1,0,131.95,105.56,6.98,19.41
6415,1002,2025-04-02,Home,81.48,0.05,0,77.4,39.11,6.16,32.13
6416,1002,2025-04-19,Accessories,49.6,0.1,0,44.64,14.88,5.67,24.09
6417,1003,2024-09-03,Electronics,259.48,0.05,0,246.51,186.83,8.7,50.98
6418,1003,2024-10-07,Electronics,211.74,0.1,0,190.56,152.45,7.86,30.25
6419,1003,2024-12-25,Electronics,142.71,0.0,0,142.71,102.75,7.14,32.82
6420,1003,2025-01-23,Apparel,75.43,0.0,0,75.43,26.4,6.13,42.9
6421,1003,2025-03-04,Accessories,69.56,0.1,0,62.6,20.87,5.94,35.79
6422,1003,2025-05-19,Accessories,28.77,0.05,0,27.33,8.63,5.41,13.29
6423,1003,2025-05-25,Electronics,306.87,0.1,0,276.18,220.95,9.14,46.09
6424,1003,2025-05-02,Home,54.31,0.1,0,48.88,26.07,5.73,17.08
6425,1004,2024-09-05,Electronics,317.89,0.05,0,302.0,228.88,9.53,63.59
6426,1004,2024-11-19,Home,64.49,0.0,0,64.49,30.95,5.97,27.57
6427,1004,2024-12-13,Apparel,83.47,0.0,0,83.47,29.21,6.25,48.01
6428,1004,2025-02-21,Apparel,89.46,0.2,0,71.57,31.31,6.07,34.19
6429,1004,2025-02-03,Home,76.48,0.05,0,72.65,36.71,6.09,29.85
6430,1004,2025-03-17,Home,68.71,0.0,0,68.71,32.98,6.03,29.7
6431,1004,2025-03-07,Electronics,339.01,0.2,0,271.21,244.09,9.07,18.05
6432,1004,2025-04-04,Accessories,30.13,0.0,0,30.13,9.04,5.45,15.64
6433,1005,2024-03-15,Home,185.1,0.05,0,175.85,88.85,7.64,79.36
6434,1005,2024-03-08,Accessories,38.47,0.0,0,38.47,11.54,5.58,21.35
6435,1005,2024-03-08,Accessories,46.27,0.0,0,46.27,13.88,5.69,26.7
6436,1005,2024-06-20,Apparel,75.21,0.05,0,71.45,26.32,6.07,39.06
6437,1005,2024-07-19,Accessories,53.5,0.1,0,48.15,16.05,5.72,26.38
6438,1005,2024-11-15,Accessories,60.76,0.0,1,0.0,0.0,12.91,-12.91
6439,1005,2025-01-12,Electronics,300.51,0.1,1,0.0,0.0,16.06,-16.06
6440,1005,2025-01-16,Electronics,251.2,0.0,0,251.2,180.87,8.77,61.56
6441,1005,2025-01-16,Accessories,22.99,0.05,0,21.84,6.9,5.33,9.61
6442,1005,2025-05-13,Apparel,120.27,0.05,0,114.26,42.09,6.71,65.46
6443,1005,2025-05-10,Electronics,229.94,0.05,0,218.44,165.56,8.28,44.6
6444,1005,2025-06-27,Home,106.76,0.05,0,101.42,51.25,6.52,43.65
6445,1006,2024-03-02,Home,66.0,0.1,0,59.4,31.68,5.89,21.83
6446,1006,2024-03-17,Home,92.54,0.0,0,92.54,44.42,6.39,41.73
6447,1006,2024-04-22,Electronics,181.63,0.0,0,181.63,130.77,7.72,43.14
6448,1006,2024-05-06,Accessories,20.05,0.05,0,19.05,6.01,5.29,7.75
6449,1006,2024-09-10,Home,88.15,0.2,0,70.52,42.31,6.06,22.15
6450,1006,2024-11-20,Home,86.57,0.0,0,86.57,41.55,6.3,38.72
6451,1006,2024-12-06,Home,42.89,0.1,0,38.6,20.59,5.58,12.43
6452,1006,2024-12-09,Home,91.65,0.2,0,73.32,43.99,6.1,23.23
6453,1006,2025-01-11,Home,66.23,0.0,0,66.23,31.79,5.99,28.45
6454,1006,2025-06-19,Apparel,78.33,0.2,0,62.66,27.41,5.94,29.31
6455,1007,2024-09-05,Electronics,224.48,0.1,0,202.03,161.63,8.03,32.37
6456,1007,2024-11-08,Home,86.79,0.1,0,78.11,41.66,6.17,30.28
6457,1007,2024-11-22,Home,94.68,0.2,0,75.74,45.45,6.14,24.15
6458,1007,2024-11-06,Apparel,103.93,0.0,0,103.93,36.37,6.56,61.0
6459,1007,2024-12-15,Electronics,373.37,0.05,0,354.7,268.83,10.32,75.55
6460,1008,2024-03-27,Electronics,193.13,0.1,0,173.82,139.05,7.61,27.16
6461,1008,2024-05-13,Apparel,75.64,0.0,0,75.64,26.47,6.13,43.04
6462,1008,2024-06-02,Apparel,51.63,0.0,0,51.63,18.07,5.77,27.79
6463,1008,2024-07-08,Apparel,64.79,0.2,0,51.83,22.68,5.78,23.37
6464,1008,2024-07-07,Apparel,29.93,0.2,0,23.94,10.48,5.36,8.1
6465,1008,2024-07-09,Apparel,54.55,0.1,0,49.1,19.09,5.74,24.27
6466,1008,2024-09-16,Electronics,290.69,0.1,0,261.62,209.29,8.92,43.41
6467,1008,2024-12-15,Electronics,138.64,0.1,0,124.78,99.82,6.87,18.09
6468,1008,2025-02-11,Electronics,122.37,0.0,0,122.37,88.11,6.84,27.42
6469,1008,2025-02-09,Home,53.67,0.1,0,48.31,25.76,5.72,16.83
6470,1008,2025-02-12,Home,74.23,0.1,0,66.81,35.63,6.0,25.18
6471,1008,2025-02-12,Electronics,167.8,0.0,1,0.0,0.0,14.52,-14.52
6472,1009,2024-04-20,Accessories,27.96,0.1,0,25.16,8.39,5.38,11.39
6473,1009,2024-05-06,Apparel,91.32,0.05,0,86.75,31.96,6.3,48.49
6474,1009,2024-05-02,Home,108.14,0.0,0,108.14,51.91,6.62,49.61
6475,1009,2024-06-19,Home,83.03,0.05,0,78.88,39.86,6.18,32.84
6476,1009,2024-06-24,Home,76.03,0.05,1,0.0,0.0,13.08,-13.08
6477,1009,2025-06-04,Accessories,91.02,0.05,0,86.47,27.31,6.3,52.86
6478,1010,2024-07-12,Accessories,35.31,0.05,0,33.54,10.59,5.5,17.45
6479,1010,2024-08-14,Electronics,440.09,0.05,1,0.0,0.0,18.27,-18.27
6480,1010,2024-08-20,Accessories,40.67,0.05,0,38.63,12.2,5.58,20.85
6481,1010,2024-12-04,Home,53.89,0.05,1,0.0,0.0,12.77,-12.77
6482,1010,2025-04-06,Electronics,210.22,0.1,0,189.2,151.36,7.84,30.0
6483,1010,2025-05-02,Apparel,23.34,0.05,0,22.17,8.17,5.33,8.67
6484,1010,2025-05-16,Electronics,193.7,0.0,0,193.7,139.46,7.91,46.33
6485,1011,2024-02-27,Home,179.48,0.05,0,170.5,86.15,7.56,76.79
6486,1011,2024-05-07,Apparel,24.29,0.2,0,19.43,8.5,5.29,5.64
6487,1011,2024-09-06,Electronics,121.57,0.1,0,109.41,87.53,6.64,15.24
6488,1011,2024-11-28,Home,92.44,0.1,0,83.19,44.37,6.25,32.57
6489,1011,2025-02-24,Electronics,271.64,0.05,0,258.05,195.58,8.87,53.6
6490,1012,2024-05-15,Home,88.54,0.2,0,70.83,42.5,6.06,22.27
6491,1012,2024-09-15,Home,141.39,0.0,0,141.39,67.87,7.12,66.4
6492,1012,2024-10-21,Accessories,45.69,0.05,0,43.4,13.71,5.65,24.04
6493,1013,2024-02-23,Apparel,40.73,0.0,1,0.0,0.0,12.61,-12.61
6494,1013,2024-02-24,Accessories,21.58,0.2,0,17.27,6.48,5.26,5.53
6495,1013,2024-04-01,Electronics,355.99,0.0,0,355.99,256.31,10.34,89.34
6496,1013,2024-04-22,Accessories,59.71,0.0,0,59.71,17.91,5.9,35.9
6497,1013,2024-07-21,Home,107.63,0.0,0,107.63,51.66,6.61,49.36
6498,1013,2025-01-26,Home,45.5,0.1,0,40.95,21.84,5.61,13.5
6499,1013,2025-02-15,Apparel,28.94,0.05,1,0.0,0.0,12.41,-12.41
6500,1014,2024-07-10,Electronics,260.57,0.1,0,234.51,187.61,8.52,38.38
6501,1014,2024-07-14,Home,87.32,0.0,0,87.32,41.92,6.31,39.09
6502,1014,2024-08-24,Accessories,31.36,0.0,0,31.36,9.41,5.47,16.48
6503,1014,2024-10-07,Accessories,35.38,0.05,0,33.61,10.61,5.5,17.5
6504,1014,2024-10-06,Home,67.0,0.1,0,60.3,32.16,5.9,22.24
6505,1014,2025-02-23,Accessories,27.83,0.2,0,22.26,8.35,5.33,8.58
6506,1014,2025-04-21,Home,116.23,0.0,0,116.23,55.79,6.74,53.7
6507,1014,2025-04-21,Accessories,39.48,0.1,0,35.53,11.84,5.53,18.16
6508,1015,2024-04-13,Electronics,163.07,0.05,0,154.91,117.41,7.32,30.18
6509,1015,2024-05-10,Electronics,297.04,0.2,0,237.63,213.87,8.56,15.2
6510,1015,2024-06-15,Electronics,183.04,0.0,0,183.04,131.79,7.75,43.5
6511,1015,2024-07-02,Home,100.65,0.0,0,100.65,48.31,6.51,45.83
6512,1015,2024-08-12,Electronics,141.44,0.2,0,113.15,101.84,6.7,4.61
6513,1015,2024-09-24,Home,134.43,0.1,0,120.99,64.53,6.81,49.65
6514,1015,2024-10-20,Electronics,126.8,0.05,0,120.46,91.3,6.81,22.35
6515,1015,2024-12-09,Home,110.45,0.0,0,110.45,53.01,6.66,50.78
6516,1015,2024-12-22,Apparel,28.29,0.2,0,22.63,9.9,5.34,7.39
6517,1015,2024-12-19,Accessories,29.77,0.1,0,26.79,8.93,5.4,12.46
6518,1015,2025-01-27,Accessories,24.62,0.0,0,24.62,7.39,5.37,11.86
6519,1015,2025-04-05,Electronics,117.62,0.0,0,117.62,84.69,6.76,26.17
6520,1015,2025-06-01,Apparel,34.91,0.0,0,34.91,12.22,5.52,17.17
6521,1016,2024-01-07,Home,136.37,0.05,0,129.55,65.46,6.94,57.15
6522,1016,2024-02-13,Apparel,119.28,0.2,1,0.0,0.0,13.43,-13.43
6523,1016,2024-02-14,Home,84.79,0.05,0,80.55,40.7,6.21,33.64
6524,1016,2024-05-05,Apparel,51.65,0.1,0,46.49,18.08,5.7,22.71
6525,1016,2024-05-18,Electronics,255.83,0.1,0,230.25,184.2,8.45,37.6
6526,1017,2024-11-13,Home,86.48,0.05,0,82.15,41.51,6.23,34.41
6527,1017,2025-01-03,Apparel,26.21,0.2,1,0.0,0.0,12.31,-12.31
6528,1017,2025-01-20,Apparel,40.85,0.0,0,40.85,14.3,5.61,20.94
6529,1017,2025-02-27,Electronics,139.48,0.0,0,139.48,100.43,7.09,31.96
6530,1017,2025-03-05,Apparel,45.95,0.0,0,45.95,16.08,5.69,24.18
6531,1017,2025-03-01,Accessories,38.45,0.05,0,36.52,11.53,5.55,19.44
6532,1017,2025-03-22,Electronics,153.6,0.1,0,138.24,110.59,7.07,20.58
6533,1017,2025-05-06,Apparel,61.17,0.05,0,58.11,21.41,5.87,30.83
6534,1017,2025-05-02,Home,110.14,0.0,0,110.14,52.87,6.65,50.62
6535,1018,2024-08-28,Electronics,403.69,0.0,0,403.69,290.66,11.06,101.97
6536,1018,2024-08-11,Accessories,54.13,0.0,0,54.13,16.24,5.81,32.08
6537,1018,2024-10-27,Electronics,298.87,0.0,0,298.87,215.19,9.48,74.2
6538,1018,2025-01-09,Apparel,77.48,0.1,0,69.73,27.12,6.05,36.56
6539,1018,2025-02-26,Accessories,52.08,0.05,0,49.48,15.62,5.74,28.12
6540,1019,2024-04-23,Apparel,57.78,0.0,1,0.0,0.0,12.87,-12.87
6541,1019,2024-05-28,Apparel,29.29,0.0,0,29.29,10.25,5.44,13.6
6542,1019,2024-05-26,Apparel,99.51,0.1,0,89.56,34.83,6.34,48.39
6543,1019,2024-07-01,Electronics,186.1,0.1,0,167.49,133.99,7.51,25.99
6544,1019,2024-09-21,Accessories,45.12,0.1,0,40.61,13.54,5.61,21.46
6545,1019,2024-11-26,Electronics,356.4,0.05,0,338.58,256.6,10.08,71.9
6546,1020,2024-07-26,Electronics,172.37,0.2,0,137.9,124.11,7.07,6.72
6547,1020,2024-09-05,Accessories,30.58,0.05,0,29.05,9.17,5.44,14.44
6548,1020,2024-12-23,Accessories,43.79,0.1,0,39.41,13.14,5.59,20.68
6549,1021,2024-05-07,Electronics,250.29,0.0,0,250.29,180.21,8.75,61.33
6550,1021,2024-06-23,Home,135.95,0.0,0,135.95,65.25,7.04,63.66
6551,1021,2024-09-01,Accessories,51.05,0.1,0,45.95,15.32,5.69,24.94
6552,1021,2024-09-28,Electronics,158.82,0.1,0,142.94,114.35,7.14,21.45
6553,1021,2024-10-15,Apparel,91.52,0.1,0,82.37,32.03,6.24,44.1
6554,1022,2024-10-08,Electronics,346.25,0.2,0,277.0,249.3,9.15,18.55
6555,1022,2025-01-23,Apparel,67.81,0.05,0,64.42,23.73,5.97,34.72
6556,1022,2025-02-27,Apparel,44.43,0.0,0,44.43,15.55,5.67,23.21
6557,1022,2025-05-20,Accessories,17.49,0.0,0,17.49,5.25,5.26,6.98
6558,1022,2025-05-11,Apparel,69.52,0.2,1,0.0,0.0,12.83,-12.83
6559,1022,2025-05-23,Apparel,65.39,0.05,0,62.12,22.89,5.93,33.3
6560,1023,2024-06-11,Electronics,285.91,0.0,0,285.91,205.86,9.29,70.76
6561,1023,2024-11-28,Home,73.55,0.0,0,73.55,35.3,6.1,32.15
6562,1023,2025-01-05,Apparel,68.71,0.05,0,65.28,24.05,5.98,35.25
6563,1023,2025-03-10,Accessories,43.29,0.05,1,0.0,0.0,12.62,-12.62
6564,1024,2024-08-06,Home,92.57,0.0,0,92.57,44.43,6.39,41.75
6565,1024,2024-09-10,Accessories,57.45,0.2,0,45.96,17.23,5.69,23.04
6566,1024,2024-11-10,Electronics,177.37,0.0,0,177.37,127.71,7.66,42.0
6567,1024,2024-11-18,Accessories,71.27,0.0,0,71.27,21.38,6.07,43.82
6568,1024,2025-06-07,Apparel,97.32,0.05,0,92.45,34.06,6.39,52.0
6569,1024,2025-06-07,Home,137.19,0.05,0,130.33,65.85,6.95,57.53
6570,1025,2024-02-27,Accessories,31.38,0.05,0,29.81,9.41,5.45,14.95
6571,1025,2024-03-17,Home,186.57,0.0,0,186.57,89.55,7.8,89.22
6572,1025,2024-03-11,Home,180.34,0.05,0,171.32,86.56,7.57,77.19
6573,1025,2024-03-25,Electronics,126.86,0.05,0,120.51,91.34,6.81,22.36
6574,1025,2024-06-03,Accessories,56.53,0.05,0,53.7,16.96,5.81,30.93
6575,1025,2024-07-05,Electronics,158.26,0.0,0,158.26,113.95,7.37,36.94
6576,1025,2024-07-15,Apparel,98.52,0.05,0,93.6,34.48,6.4,52.72
6577,1025,2024-07-26,Home,67.07,0.05,0,63.72,32.2,5.96,25.56
6578,1025,2024-10-23,Electronics,387.25,0.2,0,309.8,278.82,9.65,21.33
6579,1025,2024-11-08,Home,189.82,0.05,0,180.33,91.11,7.7,81.52
6580,1025,2025-03-04,Accessories,29.54,0.0,0,29.54,8.86,5.44,15.24
6581,1026,2024-02-14,Electronics,129.08,0.1,0,116.17,92.94,6.74,16.49
6582,1026,2024-03-08,Apparel,194.97,0.0,0,194.97,68.24,7.92,118.81
6583,1026,2024-03-17,Accessories,31.27,0.2,0,25.02,9.38,5.38,10.26
6584,1026,2024-04-24,Apparel,73.95,0.0,0,73.95,25.88,6.11,41.96
6585,1026,2024-07-06,Apparel,83.1,0.0,1,0.0,0.0,13.25,-13.25
6586,1026,2024-10-15,Home,74.3,0.05,0,70.58,35.66,6.06,28.86
6587,1026,2024-10-07,Apparel,94.64,0.0,0,94.64,33.12,6.42,55.1
6588,1027,2024-06-19,Electronics,149.67,0.0,0,149.67,107.76,7.25,34.66
6589,1027,2024-06-06,Electronics,470.67,0.2,0,376.54,338.88,10.65,27.01
6590,1027,2025-04-11,Accessories,28.77,0.0,0,28.77,8.63,5.43,14.71
6591,1028,2024-07-23,Accessories,33.56,0.05,1,0.0,0.0,12.48,-12.48
6592,1028,2024-08-28,Home,118.57,0.1,0,106.71,56.91,6.6,43.2
6593,1028,2024-10-28,Accessories,89.25,0.1,0,80.32,26.77,6.2,47.35
6594,1028,2024-11-19,Accessories,53.85,0.05,0,51.16,16.15,5.77,29.24
6595,1028,2024-11-07,Accessories,53.0,0.0,0,53.0,15.9,5.8,31.3
6596,1028,2025-01-05,Home,62.36,0.2,0,49.89,29.94,5.75,14.2
6597,1028,2025-02-02,Apparel,49.92,0.2,0,39.94,17.47,5.6,16.87
6598,1028,2025-03-27,Apparel,43.91,0.05,0,41.72,15.37,5.63,20.72
6599,1028,2025-04-03,Accessories,52.62,0.05,0,49.99,15.79,5.75,28.45
6600,1028,2025-05-12,Electronics,305.79,0.1,0,275.21,220.17,9.13,45.91
6601,1029,2024-04-15,Apparel,91.1,0.0,0,91.1,31.88,6.37,52.85
6602,1029,2024-06-04,Accessories,29.24,0.0,0,29.24,8.77,5.44,15.03
6603,1029,2024-07-18,Electronics,102.05,0.1,0,91.84,73.48,6.38,11.98
6604,1029,2024-07-21,Home,181.02,0.0,0,181.02,86.89,7.72,86.41
6605,1029,2024-11-25,Apparel,35.9,0.2,0,28.72,12.57,5.43,10.72
6606,1029,2024-11-13,Accessories,61.19,0.0,0,61.19,18.36,5.92,36.91
6607,1029,2025-01-07,Apparel,56.75,0.0,0,56.75,19.86,5.85,31.04
6608,1029,2025-03-23,Electronics,300.15,0.05,0,285.15,216.11,9.28,59.76
6609,1030,2024-10-27,Accessories,37.53,0.1,0,33.77,11.26,5.51,17.0
6610,1030,2024-10-22,Home,86.76,0.05,0,82.42,41.64,6.24,34.54
6611,1030,2025-05-04,Home,57.62,0.05,0,54.74,27.66,5.82,21.26
6612,1030,2025-06-13,Apparel,26.21,0.05,0,24.9,9.17,5.37,10.36
6613,1030,2025-06-01,Apparel,62.48,0.0,0,62.48,21.87,5.94,34.67
6614,1031,2024-04-09,Apparel,113.27,0.0,0,113.27,39.65,6.7,66.92
6615,1031,2024-07-22,Home,83.61,0.05,0,79.43,40.13,6.19,33.11
6616,1031,2024-08-06,Apparel,65.07,0.05,0,61.81,22.77,5.93,33.11
6617,1031,2024-08-28,Electronics,241.73,0.1,0,217.56,174.05,8.26,35.25
6618,1031,2024-09-20,Home,78.37,0.0,0,78.37,37.62,6.18,34.57
6619,1031,2024-11-21,Electronics,74.82,0.2,0,59.86,53.87,5.9,0.09
6620,1031,2025-05-06,Accessories,33.23,0.0,0,33.23,9.97,5.5,17.76
6621,1031,2025-06-11,Electronics,274.24,0.0,0,274.24,197.45,9.11,67.68
6622,1032,2024-07-14,Accessories,38.46,0.2,0,30.77,11.54,5.46,13.77
6623,1032,2024-12-25,Home,76.11,0.0,0,76.11,36.53,6.14,33.44
6624,1032,2024-12-07,Accessories,82.88,0.0,0,82.88,24.86,6.24,51.78
6625,1032,2024-12-08,Apparel,43.93,0.05,0,41.73,15.37,5.63,20.73
6626,1033,2024-09-27,Electronics,346.87,0.2,0,277.5,249.75,9.16,18.59
6627,1034,2024-06-14,Accessories,43.76,0.05,0,41.57,13.13,5.62,22.82
6628,1034,2024-07-24,Electronics,141.8,0.2,0,113.44,102.09,6.7,4.65
6629,1034,2025-03-20,Home,65.86,0.05,0,62.57,31.61,5.94,25.02
6630,1034,2025-03-19,Apparel,37.04,0.05,0,35.19,12.97,5.53,16.69
6631,1034,2025-03-22,Electronics,151.03,0.1,0,135.92,108.74,7.04,20.14
6632,1034,2025-03-06,Home,76.9,0.0,0,76.9,36.91,6.15,33.84
6633,1034,2025-04-17,Accessories,27.54,0.1,0,24.79,8.26,5.37,11.16
6634,1034,2025-06-23,Accessories,24.6,0.2,0,19.68,7.38,5.3,7.0
6635,1034,2025-06-21,Home,44.87,0.05,0,42.63,21.54,5.64,15.45
6636,1035,2024-03-04,Accessories,42.04,0.2,0,33.63,12.61,5.5,15.52
6637,1035,2024-04-20,Apparel,91.42,0.1,0,82.27,32.0,6.23,44.04
6638,1035,2024-04-03,Electronics,177.82,0.0,0,177.82,128.03,7.67,42.12
6639,1035,2024-09-18,Electronics,738.78,0.05,0,701.84,531.92,15.53,154.39
6640,1035,2025-02-12,Apparel,98.2,0.1,0,88.38,34.37,6.33,47.68
6641,1035,2025-02-01,Accessories,41.4,0.0,0,41.4,12.42,5.62,23.36
6642,1035,2025-03-03,Electronics,328.65,0.05,0,312.22,236.63,9.68,65.91
6643,1035,2025-03-09,Electronics,296.11,0.0,0,296.11,213.2,9.44,73.47
6644,1035,2025-05-09,Accessories,27.49,0.1,0,24.74,8.25,5.37,11.12
6645,1036,2024-02-01,Apparel,50.42,0.0,0,50.42,17.65,5.76,27.01
6646,1036,2024-02-03,Accessories,39.16,0.0,0,39.16,11.75,5.59,21.82
6647,1036,2024-03-06,Accessories,37.42,0.0,0,37.42,11.23,5.56,20.63
6648,1036,2025-02-18,Electronics,179.95,0.1,0,161.96,129.56,7.43,24.97
6649,1037,2024-08-19,Electronics,226.75,0.05,0,215.41,163.26,8.23,43.92
6650,1037,2024-09-04,Accessories,82.31,0.2,0,65.85,24.69,5.99,35.17
6651,1037,2024-10-11,Accessories,39.79,0.1,0,35.81,11.94,5.54,18.33
6652,1037,2025-02-19,Home,239.0,0.2,0,191.2,114.72,7.87,68.61
6653,1037,2025-02-18,Apparel,41.88,0.0,0,41.88,14.66,5.63,21.59
6654,1037,2025-05-24,Accessories,35.19,0.0,0,35.19,10.56,5.53,19.1
6655,1038,2024-07-11,Accessories,27.43,0.0,0,27.43,8.23,5.41,13.79
6656,1038,2024-09-28,Apparel,81.7,0.0,0,81.7,28.59,6.23,46.88
6657,1038,2024-10-07,Electronics,154.04,0.0,0,154.04,110.91,7.31,35.82
6658,1038,2024-12-10,Accessories,12.13,0.05,0,11.52,3.64,5.17,2.71
6659,1038,2025-01-05,Accessories,32.56,0.1,0,29.3,9.77,5.44,14.09
6660,1038,2025-02-05,Accessories,76.04,0.1,0,68.43,22.81,6.03,39.59
6661,1038,2025-02-23,Apparel,66.89,0.1,0,60.2,23.41,5.9,30.89
6662,1038,2025-05-13,Apparel,106.72,0.1,0,96.05,37.35,6.44,52.26
6663,1039,2024-09-13,Apparel,80.46,0.1,0,72.42,28.16,6.09,38.17
6664,1040,2024-07-04,Accessories,36.47,0.1,0,32.82,10.94,5.49,16.39
6665,1040,2024-08-22,Apparel,43.27,0.05,1,0.0,0.0,12.62,-12.62
6666,1040,2024-09-21,Accessories,47.86,0.1,0,43.08,14.36,5.65,23.07
6667,1040,2024-09-07,Home,104.7,0.05,0,99.46,50.25,6.49,42.72
6668,1040,2024-11-08,Home,41.47,0.0,0,41.47,19.91,5.62,15.94
6669,1040,2025-01-13,Home,75.14,0.0,0,75.14,36.07,6.13,32.94
6670,1040,2025-02-14,Accessories,29.39,0.1,0,26.45,8.82,5.4,12.23
6671,1040,2025-02-06,Home,76.98,0.2,0,61.58,36.95,5.92,18.71
6672,1040,2025-02-09,Apparel,64.59,0.0,1,0.0,0.0,12.97,-12.97
6673,1040,2025-03-22,Electronics,324.2,0.2,0,259.36,233.42,8.89,17.05
6674,1040,2025-04-21,Accessories,21.83,0.1,0,19.65,6.55,5.29,7.81
6675,1040,2025-05-12,Accessories,41.6,0.05,0,39.52,12.48,5.59,21.45
6676,1040,2025-06-04,Home,142.56,0.05,0,135.43,68.43,7.03,59.97
6677,1040,2025-06-23,Home,96.7,0.1,0,87.03,46.41,6.31,34.31
6678,1041,2024-07-01,Electronics,625.25,0.2,0,500.2,450.18,12.5,37.52
6679,1041,2024-07-10,Apparel,46.4,0.1,0,41.76,16.24,5.63,19.89
6680,1041,2024-08-11,Home,121.6,0.1,0,109.44,58.37,6.64,44.43
6681,1042,2024-08-24,Electronics,79.03,0.1,0,71.13,56.9,6.07,8.16
6682,1042,2024-08-10,Accessories,36.03,0.0,0,36.03,10.81,5.54,19.68
6683,1042,2024-11-01,Home,103.52,0.1,0,93.17,49.69,6.4,37.08
6684,1042,2025-06-27,Electronics,145.64,0.0,0,145.64,104.86,7.18,33.6
6685,1042,2025-06-19,Accessories,54.04,0.2,0,43.23,16.21,5.65,21.37
6686,1043,2024-08-14,Home,33.96,0.1,0,30.56,16.3,5.46,8.8
6687,1043,2024-08-25,Apparel,40.95,0.1,0,36.86,14.33,5.55,16.98
6688,1043,2024-08-08,Accessories,45.5,0.1,0,40.95,13.65,5.61,21.69
6689,1043,2024-11-19,Accessories,24.86,0.05,0,23.61,7.46,5.35,10.8
6690,1043,2024-11-17,Accessories,23.24,0.0,0,23.24,6.97,5.35,10.92
6691,1043,2024-11-08,Accessories,60.29,0.05,0,57.27,18.09,5.86,33.32
6692,1043,2025-02-14,Electronics,134.49,0.1,0,121.04,96.83,6.82,17.39
6693,1044,2024-06-09,Home,43.14,0.0,0,43.14,20.71,5.65,16.78
6694,1044,2024-09-03,Electronics,182.61,0.0,0,182.61,131.48,7.74,43.39
6695,1044,2025-01-28,Electronics,218.86,0.05,0,207.92,157.58,8.12,42.22
6696,1044,2025-02-05,Home,306.61,0.0,0,306.61,147.17,9.6,149.84
6697,1044,2025-02-11,Electronics,136.63,0.1,0,122.96,98.37,6.84,17.75
6698,1045,2024-07-09,Electronics,230.23,0.0,0,230.23,165.76,8.45,56.02
6699,1045,2024-08-01,Accessories,55.34,0.0,0,55.34,16.6,5.83,32.91
6700,1045,2025-02-15,Home,60.22,0.05,0,57.21,28.91,5.86,22.44
6701,1045,2025-04-17,Electronics,271.06,0.0,0,271.06,195.16,9.07,66.83
6702,1046,2024-09-17,Apparel,58.5,0.1,0,52.65,20.48,5.79,26.38
6703,1047,2024-02-20,Electronics,172.24,0.1,0,155.02,124.01,7.33,23.68
6704,1047,2024-08-19,Apparel,60.29,0.1,0,54.26,21.1,5.81,27.35
6705,1047,2025-03-27,Accessories,48.72,0.0,0,48.72,14.62,5.73,28.37
6706,1047,2025-03-20,Home,96.99,0.0,0,96.99,46.55,6.45,43.99
6707,1047,2025-04-03,Apparel,27.21,0.2,1,0.0,0.0,12.33,-12.33
6708,1048,2024-03-26,Electronics,112.87,0.2,0,90.29,81.26,6.35,2.68
6709,1048,2024-06-10,Home,144.07,0.1,0,129.66,69.15,6.94,53.57
6710,1048,2024-10-10,Accessories,49.75,0.2,0,39.8,14.92,5.6,19.28
6711,1048,2024-10-21,Accessories,53.36,0.2,0,42.69,16.01,5.64,21.04
6712,1050,2024-04-03,Apparel,45.84,0.1,0,41.26,16.04,5.62,19.6
6713,1050,2024-07-11,Apparel,60.73,0.1,0,54.65,21.25,5.82,27.58
6714,1050,2024-10-09,Apparel,28.71,0.0,0,28.71,10.05,5.43,13.23
6715,1050,2024-10-25,Home,84.22,0.05,0,80.01,40.43,6.2,33.38
6716,1050,2025-05-11,Accessories,77.63,0.05,0,73.75,23.29,6.11,44.35
6717,1050,2025-06-18,Electronics,102.42,0.0,0,102.42,73.74,6.54,22.14
6718,1050,2025-06-12,Accessories,33.04,0.0,0,33.04,9.91,5.5,17.63
6719,1050,2025-06-20,Accessories,29.84,0.0,0,29.84,8.95,5.45,15.44
6720,1051,2024-04-21,Accessories,36.13,0.1,0,32.52,10.84,5.49,16.19
6721,1051,2024-06-05,Home,59.18,0.0,0,59.18,28.4,5.89,24.89
6722,1051,2024-06-21,Accessories,30.94,0.0,0,30.94,9.28,5.46,16.2
6723,1052,2024-10-01,Home,85.08,0.0,0,85.08,40.84,6.28,37.96
6724,1052,2025-02-27,Accessories,33.46,0.1,0,30.12,10.04,5.45,14.63
6725,1052,2025-05-26,Accessories,55.47,0.0,0,55.47,16.64,5.83,33.0
6726,1052,2025-06-22,Accessories,39.68,0.1,0,35.71,11.9,5.54,18.27
6727,1052,2025-06-26,Electronics,478.44,0.2,0,382.75,344.48,10.74,27.53
6728,1053,2024-03-12,Home,92.99,0.1,0,83.69,44.63,6.26,32.8
6729,1053,2024-03-08,Electronics,316.18,0.1,0,284.56,227.65,9.27,47.64
6730,1053,2024-05-09,Electronics,214.37,0.0,0,214.37,154.35,8.22,51.8
6731,1053,2024-05-26,Home,79.49,0.0,0,79.49,38.16,6.19,35.14
6732,1053,2024-12-19,Accessories,27.19,0.1,0,24.47,8.16,5.37,10.94
6733,1053,2025-03-05,Electronics,184.13,0.05,0,174.92,132.57,7.62,34.73
6734,1054,2024-07-23,Accessories,70.2,0.05,0,66.69,21.06,6.0,39.63
6735,1054,2024-07-17,Apparel,33.71,0.0,1,0.0,0.0,12.51,-12.51
6736,1054,2024-09-08,Home,80.68,0.05,1,0.0,0.0,13.15,-13.15
6737,1054,2024-09-12,Home,103.62,0.0,0,103.62,49.74,6.55,47.33
6738,1054,2025-02-16,Apparel,103.13,0.0,0,103.13,36.1,6.55,60.48
6739,1054,2025-02-11,Electronics,209.35,0.0,0,209.35,150.73,8.14,50.48
6740,1054,2025-02-12,Accessories,38.49,0.1,0,34.64,11.55,5.52,17.57
6741,1054,2025-03-17,Accessories,25.33,0.1,0,22.8,7.6,5.34,9.86
6742,1054,2025-06-18,Home,138.49,0.0,0,138.49,66.48,7.08,64.93
6743,1055,2024-07-02,Accessories,24.62,0.0,0,24.62,7.39,5.37,11.86
6744,1056,2024-09-22,Electronics,320.23,0.1,1,0.0,0.0,16.32,-16.32
6745,1056,2024-10-20,Apparel,107.95,0.0,0,107.95,37.78,6.62,63.55
6746,1056,2024-10-21,Electronics,164.37,0.0,0,164.37,118.34,7.47,38.56
6747,1057,2024-06-26,Electronics,199.52,0.05,0,189.55,143.66,7.84,38.05
6748,1057,2024-08-05,Electronics,262.84,0.0,0,262.84,189.25,8.94,64.65
6749,1057,2024-08-03,Accessories,56.76,0.05,0,53.92,17.03,5.81,31.08
6750,1057,2024-08-10,Apparel,28.73,0.1,0,25.86,10.06,5.39,10.41
6751,1057,2024-09-17,Home,84.07,0.1,0,75.66,40.35,6.13,29.18
6752,1057,2024-09-27,Accessories,30.1,0.1,0,27.09,9.03,5.41,12.65
6753,1057,2024-09-01,Electronics,178.89,0.1,0,161.0,128.8,7.41,24.79
6754,1057,2024-10-27,Apparel,69.24,0.05,0,65.78,24.23,5.99,35.56
6755,1057,2024-11-02,Apparel,60.11,0.0,0,60.11,21.04,5.9,33.17
6756,1057,2025-01-24,Accessories,27.35,0.05,0,25.98,8.2,5.39,12.39
6757,1057,2025-03-07,Electronics,263.28,0.2,0,210.62,189.56,8.16,12.9
6758,1057,2025-03-10,Electronics,270.6,0.2,0,216.48,194.83,8.25,13.4
6759,1057,2025-03-15,Apparel,45.92,0.05,0,43.63,16.07,5.65,21.91
6760,1058,2024-05-16,Accessories,80.42,0.1,0,72.38,24.13,6.09,42.16
6761,1058,2024-05-07,Electronics,116.03,0.0,0,116.03,83.54,6.74,25.75
6762,1058,2024-06-12,Accessories,53.12,0.1,0,47.81,15.94,5.72,26.15
6763,1058,2024-08-03,Home,85.06,0.0,0,85.06,40.83,6.28,37.95
6764,1058,2024-11-14,Accessories,37.54,0.1,0,33.79,11.26,5.51,17.02
6765,1058,2025-01-27,Apparel,112.72,0.1,0,101.45,39.45,6.52,55.48
6766,1058,2025-01-06,Accessories,51.51,0.0,0,51.51,15.45,5.77,30.29
6767,1059,2024-06-06,Accessories,33.92,0.0,0,33.92,10.18,5.51,18.23
6768,1059,2024-06-06,Electronics,197.73,0.1,1,0.0,0.0,14.67,-14.67
6769,1059,2024-08-07,Electronics,187.19,0.2,0,149.75,134.78,7.25,7.72
6770,1059,2024-08-10,Accessories,27.66,0.05,0,26.28,8.3,5.39,12.59
6771,1059,2024-10-11,Apparel,50.63,0.0,1,0.0,0.0,12.76,-12.76
6772,1059,2025-02-14,Electronics,125.07,0.1,0,112.56,90.05,6.69,15.82
6773,1059,2025-05-13,Apparel,71.97,0.1,0,64.78,25.19,5.97,33.62
6774,1059,2025-05-20,Apparel,84.48,0.05,1,0.0,0.0,13.2,-13.2
6775,1059,2025-06-12,Apparel,102.14,0.0,0,102.14,35.75,6.53,59.86
6776,1059,2025-06-04,Accessories,31.08,0.0,0,31.08,9.32,5.47,16.29
6777,1059,2025-06-27,Apparel,56.41,0.1,0,50.77,19.74,5.76,25.27
6778,1060,2024-07-20,Apparel,120.39,0.1,0,108.35,42.14,6.63,59.58
6779,1060,2024-08-10,Home,53.77,0.0,0,53.77,25.81,5.81,22.15
6780,1060,2024-08-05,Accessories,42.04,0.0,0,42.04,12.61,5.63,23.8
6781,1060,2024-11-04,Accessories,47.87,0.0,0,47.87,14.36,5.72,27.79
6782,1060,2025-02-03,Apparel,43.4,0.2,0,34.72,15.19,5.52,14.01
6783,1060,2025-04-02,Apparel,101.15,0.05,0,96.09,35.4,6.44,54.25
6784,1061,2024-03-12,Accessories,39.83,0.05,0,37.84,11.95,5.57,20.32
6785,1061,2024-08-24,Home,89.55,0.2,0,71.64,42.98,6.07,22.59
6786,1061,2024-09-06,Electronics,193.11,0.0,0,193.11,139.04,7.9,46.17
6787,1061,2024-09-15,Home,93.54,0.05,0,88.86,44.9,6.33,37.63
6788,1061,2024-10-02,Home,108.07,0.1,0,97.27,51.88,6.46,38.93
6789,1061,2024-12-17,Home,58.36,0.05,0,55.44,28.01,5.83,21.6
6790,1061,2025-02-26,Accessories,52.3,0.0,0,52.3,15.69,5.78,30.83
6791,1062,2024-01-25,Accessories,79.87,0.2,1,0.0,0.0,12.96,-12.96
6792,1062,2024-02-01,Home,151.77,0.1,0,136.59,72.85,7.05,56.69
6793,1062,2024-06-23,Apparel,66.23,0.1,1,0.0,0.0,12.89,-12.89
6794,1062,2024-06-02,Apparel,64.11,0.1,0,57.7,22.44,5.87,29.39
6795,1062,2024-07-08,Electronics,87.3,0.1,1,0.0,0.0,13.18,-13.18
6796,1062,2024-07-12,Accessories,32.15,0.0,1,0.0,0.0,12.48,-12.48
6797,1062,2024-08-02,Electronics,252.14,0.0,0,252.14,181.54,8.78,61.82
6798,1062,2024-10-04,Electronics,100.33,0.1,1,0.0,0.0,13.35,-13.35
6799,1062,2024-10-07,Apparel,47.36,0.0,0,47.36,16.58,5.71,25.07
6800,1062,2024-12-24,Accessories,91.14,0.05,0,86.59,27.34,6.3,52.95
6801,1062,2024-12-10,Apparel,90.82,0.2,0,72.66,31.79,6.09,34.78
6802,1062,2025-01-19,Electronics,277.33,0.05,1,0.0,0.0,15.95,-15.95
6803,1062,2025-01-11,Home,38.7,0.2,0,30.96,18.58,5.46,6.92
6804,1062,2025-01-26,Home,42.68,0.1,0,38.42,20.49,5.58,12.35
6805,1062,2025-06-15,Accessories,42.52,0.2,1,0.0,0.0,12.51,-12.51
6806,1062,2025-06-16,Accessories,32.29,0.0,0,32.29,9.69,5.48,17.12
6807,1063,2024-03-06,Apparel,54.45,0.0,0,54.45,19.06,5.82,29.57
6808,1063,2025-01-19,Electronics,167.29,0.2,1,0.0,0.0,14.01,-14.01
6809,1063,2025-01-11,Apparel,40.34,0.05,0,38.33,14.12,5.57,18.64
6810,1063,2025-05-27,Apparel,88.48,0.2,0,70.78,30.97,6.06,33.75
6811,1063,2025-05-19,Accessories,35.38,0.05,0,33.61,10.61,5.5,17.5
6812,1063,2025-05-03,Electronics,168.23,0.1,0,151.41,121.13,7.27,23.01
6813,1064,2024-10-21,Accessories,63.73,0.1,0,57.35,19.12,5.86,32.37
6814,1064,2024-11-21,Accessories,35.39,0.0,0,35.39,10.62,5.53,19.24
6815,1064,2024-12-28,Home,107.12,0.2,0,85.69,51.42,6.29,27.98
6816,1064,2025-01-07,Electronics,165.72,0.1,0,149.15,119.32,7.24,22.59
6817,1064,2025-02-03,Apparel,139.63,0.1,0,125.66,48.87,6.88,69.91
6818,1064,2025-05-15,Home,48.31,0.0,0,48.31,23.19,5.72,19.4
6819,1064,2025-06-10,Home,103.31,0.05,0,98.15,49.59,6.47,42.09
6820,1065,2024-06-26,Electronics,180.09,0.05,0,171.09,129.67,7.57,33.85
6821,1065,2024-06-04,Apparel,45.8,0.05,0,43.51,16.03,5.65,21.83
6822,1065,2024-10-02,Home,48.44,0.05,0,46.02,23.25,5.69,17.08
6823,1065,2024-10-14,Apparel,67.84,0.1,0,61.05,23.74,5.92,31.39
6824,1065,2024-11-01,Electronics,124.17,0.05,0,117.96,89.4,6.77,21.79
6825,1065,2025-03-20,Accessories,50.22,0.0,0,50.22,15.07,5.75,29.4
6826,1067,2024-03-23,Electronics,183.52,0.1,0,165.17,132.14,7.48,25.55
6827,1067,2024-05-22,Electronics,173.2,0.1,0,155.88,124.7,7.34,23.84
6828,1067,2024-08-13,Electronics,254.47,0.05,0,241.75,183.22,8.63,49.9
6829,1067,2024-09-03,Home,71.92,0.0,0,71.92,34.52,6.08,31.32
6830,1068,2024-08-17,Apparel,56.94,0.05,0,54.09,19.93,5.81,28.35
6831,1068,2025-02-09,Home,108.15,0.0,0,108.15,51.91,6.62,49.62
6832,1068,2025-02-26,Accessories,38.05,0.0,0,38.05,11.42,5.57,21.06
6833,1068,2025-03-11,Accessories,69.37,0.0,0,69.37,20.81,6.04,42.52
6834,1068,2025-04-26,Home,77.11,0.1,0,69.4,37.01,6.04,26.35
6835,1068,2025-04-04,Home,53.82,0.2,0,43.06,25.84,5.65,11.57
6836,1068,2025-05-13,Electronics,220.37,0.05,0,209.35,158.66,8.14,42.55
6837,1068,2025-05-13,Apparel,47.05,0.1,0,42.34,16.47,5.64,20.23
6838,1069,2024-07-24,Home,125.4,0.1,1,0.0,0.0,13.69,-13.69
6839,1069,2024-08-05,Electronics,280.12,0.0,0,280.12,201.69,9.2,69.23
6840,1069,2025-03-09,Electronics,134.26,0.2,0,107.41,96.67,6.61,4.13
6841,1070,2024-06-28,Home,99.54,0.2,0,79.64,47.78,6.19,25.67
6842,1070,2024-06-06,Home,132.75,0.2,0,106.2,63.72,6.59,35.89
6843,1070,2024-07-25,Accessories,50.76,0.1,0,45.69,15.23,5.69,24.77
6844,1070,2024-07-12,Accessories,81.33,0.2,0,65.06,24.4,5.98,34.68
6845,1070,2024-09-17,Apparel,42.17,0.1,1,0.0,0.0,12.57,-12.57
6846,1070,2024-11-05,Home,113.59,0.0,0,113.59,54.53,6.7,52.36
6847,1070,2024-12-10,Accessories,30.83,0.0,0,30.83,9.25,5.46,16.12
6848,1070,2024-12-20,Home,130.3,0.05,0,123.79,62.54,6.86,54.39
6849,1070,2025-03-15,Electronics,118.35,0.0,0,118.35,85.21,6.78,26.36
6850,1070,2025-03-17,Accessories,54.52,0.05,0,51.79,16.35,5.78,29.66
6851,1070,2025-05-07,Apparel,77.97,0.0,0,77.97,27.29,6.17,44.51
6852,1070,2025-05-02,Accessories,59.8,0.1,0,53.82,17.94,5.81,30.07
6853,1071,2024-05-21,Home,76.01,0.0,0,76.01,36.49,6.14,33.38
6854,1071,2024-06-01,Apparel,37.89,0.1,1,0.0,0.0,12.51,-12.51
6855,1071,2024-10-28,Accessories,44.79,0.05,0,42.55,13.44,5.64,23.47
6856,1071,2024-12-23,Home,74.31,0.1,0,66.88,35.67,6.0,25.21
6857,1071,2025-01-13,Apparel,69.12,0.05,1,0.0,0.0,12.99,-12.99
6858,1071,2025-01-22,Apparel,44.43,0.2,0,35.54,15.55,5.53,14.46
6859,1071,2025-01-20,Accessories,41.68,0.1,0,37.52,12.51,5.56,19.45
6860,1072,2024-02-11,Electronics,242.6,0.0,0,242.6,174.67,8.64,59.29
6861,1072,2024-02-06,Apparel,70.45,0.1,0,63.4,24.66,5.95,32.79
6862,1072,2024-04-07,Home,129.77,0.0,0,129.77,62.29,6.95,60.53
6863,1072,2024-04-21,Home,79.88,0.1,0,71.9,38.34,6.08,27.48
6864,1072,2024-05-10,Apparel,45.61,0.2,0,36.49,15.96,5.55,14.98
6865,1072,2024-09-21,Home,128.6,0.0,0,128.6,61.73,6.93,59.94
6866,1072,2025-03-26,Electronics,407.68,0.1,0,366.92,293.53,10.5,62.89
6867,1072,2025-04-04,Apparel,42.41,0.05,0,40.29,14.84,5.6,19.85
6868,1072,2025-04-12,Home,171.98,0.1,0,154.78,82.55,7.32,64.91
6869,1072,2025-04-22,Accessories,31.38,0.0,0,31.38,9.41,5.47,16.5
6870,1073,2024-09-13,Apparel,92.41,0.05,0,87.79,32.34,6.32,49.13
6871,1073,2024-09-09,Home,37.19,0.05,0,35.33,17.85,5.53,11.95
6872,1073,2025-02-14,Apparel,29.42,0.0,0,29.42,10.3,5.44,13.68
6873,1073,2025-03-18,Home,70.97,0.05,0,67.42,34.06,6.01,27.35
6874,1073,2025-03-02,Apparel,69.77,0.1,1,0.0,0.0,12.94,-12.94
6875,1073,2025-04-16,Accessories,28.33,0.0,0,28.33,8.5,5.42,14.41
6876,1074,2024-01-12,Apparel,53.12,0.05,0,50.47,18.59,5.76,26.12
6877,1074,2024-01-26,Apparel,112.17,0.2,0,89.74,39.26,6.35,44.13
6878,1074,2024-05-22,Electronics,353.33,0.05,0,335.66,254.39,10.03,71.24
6879,1075,2024-05-10,Accessories,20.43,0.2,0,16.35,6.13,5.25,4.97
6880,1075,2024-07-25,Home,67.89,0.2,0,54.31,32.59,5.81,15.91
6881,1075,2024-07-26,Accessories,44.28,0.05,0,42.06,13.28,5.63,23.15
6882,1075,2024-07-23,Home,58.15,0.0,0,58.15,27.91,5.87,24.37
6883,1075,2024-08-24,Home,202.3,0.1,0,182.07,97.1,7.73,77.24
6884,1075,2025-02-28,Electronics,166.33,0.0,0,166.33,119.76,7.5,39.07
6885,1076,2024-11-18,Accessories,71.63,0.05,0,68.05,21.49,6.02,40.54
6886,1076,2025-03-02,Electronics,160.08,0.1,0,144.07,115.26,7.16,21.65
6887,1076,2025-06-11,Electronics,252.54,0.2,0,202.03,181.83,8.03,12.17
6888,1076,2025-06-14,Apparel,55.14,0.0,0,55.14,19.3,5.83,30.01
6889,1077,2024-09-12,Electronics,399.36,0.1,0,359.42,287.54,10.39,61.49
6890,1077,2024-12-28,Electronics,132.66,0.0,0,132.66,95.52,6.99,30.15
6891,1077,2024-12-11,Electronics,222.75,0.0,0,222.75,160.38,8.34,54.03
6892,1077,2025-03-26,Apparel,68.83,0.05,0,65.39,24.09,5.98,35.32
6893,1078,2024-08-21,Accessories,43.32,0.0,0,43.32,13.0,5.65,24.67
6894,1078,2024-08-05,Electronics,705.92,0.05,0,670.62,508.26,15.06,147.3
6895,1078,2024-10-02,Electronics,219.63,0.2,0,175.71,158.13,7.64,9.94
6896,1078,2024-10-16,Home,79.34,0.1,0,71.41,38.08,6.07,27.26
6897,1078,2024-12-01,Accessories,88.82,0.2,0,71.06,26.65,6.07,38.34
6898,1078,2025-05-20,Apparel,58.28,0.0,0,58.28,20.4,5.87,32.01
6899,1079,2024-02-06,Electronics,203.57,0.2,0,162.85,146.57,7.44,8.84
6900,1079,2024-03-28,Electronics,233.74,0.0,1,0.0,0.0,15.51,-15.51
6901,1079,2024-03-18,Home,96.92,0.1,0,87.23,46.52,6.31,34.4
6902,1079,2024-03-28,Electronics,263.53,0.05,0,250.36,189.74,8.76,51.86
6903,1079,2024-05-11,Accessories,88.35,0.1,0,79.51,26.5,6.19,46.82
6904,1079,2024-06-24,Apparel,47.92,0.0,0,47.92,16.77,5.72,25.43
6905,1079,2024-10-11,Accessories,27.9,0.0,0,27.9,8.37,5.42,14.11
6906,1079,2024-12-25,Apparel,55.15,0.1,0,49.64,19.3,5.74,24.6
6907,1079,2024-12-05,Accessories,55.86,0.1,0,50.27,16.76,5.75,27.76
6908,1079,2025-06-11,Apparel,59.54,0.05,0,56.57,20.84,5.85,29.88
6909,1079,2025-06-28,Apparel,51.62,0.05,1,0.0,0.0,12.74,-12.74
6910,1080,2024-10-14,Apparel,29.56,0.05,0,28.08,10.35,5.42,12.31
6911,1080,2024-11-08,Accessories,60.59,0.1,0,54.53,18.18,5.82,30.53
6912,1080,2025-02-24,Accessories,31.66,0.1,0,28.5,9.5,5.43,13.57
6913,1080,2025-05-26,Electronics,248.35,0.1,0,223.51,178.81,8.35,36.35
6914,1080,2025-05-25,Apparel,101.91,0.1,1,0.0,0.0,13.38,-13.38
6915,1081,2024-05-04,Home,96.3,0.2,0,77.04,46.23,6.16,24.65
6916,1081,2024-06-27,Home,83.63,0.0,0,83.63,40.14,6.25,37.24
6917,1081,2024-06-18,Electronics,160.86,0.0,0,160.86,115.82,7.41,37.63
6918,1081,2024-07-01,Electronics,232.98,0.05,0,221.33,167.75,8.32,45.26
6919,1081,2024-08-04,Accessories,65.28,0.1,0,58.75,19.58,5.88,33.29
6920,1081,2024-09-19,Apparel,49.76,0.0,0,49.76,17.42,5.75,26.59
6921,1081,2024-12-23,Accessories,35.63,0.0,0,35.63,10.69,5.53,19.41
6922,1081,2025-02-27,Home,56.15,0.05,0,53.34,26.95,5.8,20.59
6923,1082,2024-10-08,Home,60.28,0.0,0,60.28,28.94,5.9,25.44
6924,1082,2025-06-20,Apparel,22.19,0.0,0,22.19,7.77,5.33,9.09
6925,1082,2025-06-24,Apparel,57.02,0.0,0,57.02,19.96,5.86,31.2
6926,1083,2024-01-17,Apparel,39.34,0.05,0,37.37,13.77,5.56,18.04
6927,1083,2024-04-23,Electronics,83.05,0.1,0,74.75,59.8,6.12,8.83
6928,1083,2024-04-01,Apparel,77.56,0.2,0,62.05,27.15,5.93,28.97
6929,1083,2024-09-12,Apparel,63.89,0.1,0,57.5,22.36,5.86,29.28
6930,1084,2024-04-26,Apparel,34.24,0.1,0,30.82,11.98,5.46,13.38
6931,1084,2024-06-01,Apparel,100.15,0.05,1,0.0,0.0,13.43,-13.43
6932,1084,2025-04-23,Electronics,204.0,0.1,0,183.6,146.88,7.75,28.97
6933,1085,2024-07-08,Apparel,49.66,0.05,1,0.0,0.0,12.71,-12.71
6934,1085,2024-10-12,Home,68.18,0.0,0,68.18,32.73,6.02,29.43
6935,1085,2024-11-21,Electronics,270.95,0.05,0,257.41,195.09,8.86,53.46
6936,1085,2025-01-17,Apparel,69.71,0.0,0,69.71,24.4,6.05,39.26
6937,1086,2024-02-05,Electronics,359.62,0.0,0,359.62,258.93,10.39,90.3
6938,1086,2024-03-01,Accessories,28.78,0.1,0,25.9,8.63,5.39,11.88
6939,1086,2024-05-01,Apparel,34.18,0.2,0,27.35,11.96,5.41,9.98
6940,1086,2024-07-06,Apparel,77.03,0.0,0,77.03,26.96,6.16,43.91
6941,1086,2024-08-26,Apparel,71.36,0.05,0,67.79,24.98,6.02,36.79
6942,1086,2024-09-13,Electronics,268.84,0.2,0,215.07,193.56,8.23,13.28
6943,1086,2024-12-14,Electronics,184.53,0.1,0,166.08,132.86,7.49,25.73
6944,1086,2024-12-03,Electronics,174.22,0.2,0,139.37,125.44,7.09,6.84
6945,1086,2025-03-01,Apparel,82.12,0.0,0,82.12,28.74,6.23,47.15
6946,1086,2025-03-14,Electronics,577.65,0.2,0,462.12,415.91,11.93,34.28
6947,1086,2025-04-27,Home,92.87,0.1,0,83.59,44.58,6.25,32.76
6948,1086,2025-05-17,Home,187.11,0.2,0,149.69,89.81,7.25,52.63
6949,1086,2025-05-25,Electronics,77.4,0.05,0,73.53,55.73,6.1,11.7
6950,1086,2025-06-06,Accessories,70.89,0.05,0,67.34,21.27,6.01,40.06
6951,1087,2024-09-14,Home,47.89,0.05,0,45.49,22.99,5.68,16.82
6952,1087,2024-10-18,Electronics,257.87,0.05,0,244.97,185.66,8.67,50.64
6953,1087,2024-11-19,Accessories,70.91,0.1,0,63.82,21.27,5.96,36.59
6954,1087,2024-11-01,Home,226.68,0.0,0,226.68,108.81,8.4,109.47
6955,1087,2025-01-27,Electronics,160.26,0.0,0,160.26,115.39,7.4,37.47
6956,1087,2025-06-06,Electronics,194.91,0.05,0,185.17,140.34,7.78,37.05
6957,1088,2024-07-24,Electronics,154.35,0.1,0,138.92,111.14,7.08,20.7
6958,1089,2024-12-04,Accessories,50.89,0.1,0,45.8,15.27,5.69,24.84
6959,1089,2024-12-14,Accessories,15.59,0.0,0,15.59,4.68,5.23,5.68
6960,1089,2024-12-24,Apparel,43.65,0.1,1,0.0,0.0,12.59,-12.59
6961,1089,2025-01-24,Electronics,163.0,0.2,0,130.4,117.36,6.96,6.08
6962,1089,2025-03-27,Apparel,53.57,0.0,0,53.57,18.75,5.8,29.02
6963,1089,2025-04-23,Accessories,65.18,0.0,0,65.18,19.55,5.98,39.65
6964,1089,2025-04-11,Apparel,61.23,0.2,0,48.98,21.43,5.73,21.82
6965,1089,2025-06-12,Electronics,211.68,0.2,0,169.35,152.41,7.54,9.4
6966,1089,2025-06-28,Electronics,405.09,0.05,0,384.84,291.67,10.77,82.4
6967,1090,2024-10-27,Home,111.14,0.1,0,100.03,53.35,6.5,40.18
6968,1090,2024-11-08,Accessories,31.52,0.1,0,28.37,9.46,5.43,13.48
6969,1090,2024-12-23,Accessories,116.98,0.1,0,105.29,35.1,6.58,63.61
6970,1090,2024-12-19,Electronics,143.6,0.05,0,136.42,103.39,7.05,25.98
6971,1090,2025-06-11,Apparel,18.3,0.1,1,0.0,0.0,12.25,-12.25
6972,1091,2024-03-04,Accessories,52.56,0.05,0,49.93,15.77,5.75,28.41
6973,1091,2024-04-10,Accessories,69.94,0.0,0,69.94,20.98,6.05,42.91
6974,1091,2024-04-13,Electronics,144.9,0.2,0,115.92,104.33,6.74,4.85
6975,1091,2024-05-24,Apparel,80.15,0.1,0,72.14,28.05,6.08,38.01
6976,1091,2024-07-12,Accessories,40.58,0.1,0,36.52,12.17,5.55,18.8
6977,1091,2024-11-25,Accessories,28.88,0.2,1,0.0,0.0,12.35,-12.35
6978,1091,2024-11-21,Home,44.15,0.1,0,39.73,21.19,5.6,12.94
6979,1091,2024-12-13,Electronics,238.92,0.0,0,238.92,172.02,8.58,58.32
6980,1091,2025-04-22,Accessories,35.31,0.1,0,31.78,10.59,5.48,15.71
6981,1092,2024-03-02,Electronics,158.42,0.05,1,0.0,0.0,14.26,-14.26
6982,1092,2024-03-24,Apparel,43.03,0.0,0,43.03,15.06,5.65,22.32
6983,1092,2024-04-23,Accessories,36.93,0.1,0,33.24,11.08,5.5,16.66
6984,1092,2024-05-07,Electronics,167.03,0.05,0,158.68,120.26,7.38,31.04
6985,1092,2024-05-27,Electronics,75.27,0.0,0,75.27,54.19,6.13,14.95
6986,1092,2024-05-11,Electronics,249.77,0.05,0,237.28,179.84,8.56,48.88
6987,1092,2024-08-14,Accessories,70.57,0.1,0,63.51,21.17,5.95,36.39
6988,1093,2024-08-01,Apparel,89.61,0.2,0,71.69,31.36,6.08,34.25
6989,1094,2024-07-15,Electronics,236.85,0.0,0,236.85,170.53,8.55,57.77
6990,1094,2024-08-23,Apparel,69.5,0.05,0,66.02,24.32,5.99,35.71
6991,1094,2024-08-07,Accessories,73.52,0.1,0,66.17,22.06,5.99,38.12
6992,1094,2024-09-09,Apparel,98.08,0.2,0,78.46,34.33,6.18,37.95
6993,1094,2024-10-16,Home,55.26,0.1,0,49.74,26.53,5.75,17.46
6994,1094,2025-01-09,Accessories,58.31,0.05,0,55.4,17.49,5.83,32.08
6995,1094,2025-02-01,Home,48.73,0.1,0,43.86,23.39,5.66,14.81
6996,1095,2024-06-11,Accessories,35.41,0.2,0,28.33,10.62,5.42,12.29
6997,1095,2024-06-27,Home,161.81,0.2,0,129.45,77.67,6.94,44.84
6998,1095,2024-08-12,Apparel,94.92,0.0,0,94.92,33.22,6.42,55.28
6999,1095,2024-10-19,Home,93.1,0.0,1,0.0,0.0,13.4,-13.4
7000,1095,2025-01-25,Electronics,180.85,0.2,0,144.68,130.21,7.17,7.3
7001,1095,2025-02-15,Accessories,98.0,0.0,0,98.0,29.4,6.47,62.13
7002,1095,2025-04-24,Home,45.12,0.2,0,36.1,21.66,5.54,8.9
7003,1095,2025-04-06,Apparel,64.89,0.1,1,0.0,0.0,12.88,-12.88
7004,1095,2025-06-23,Electronics,317.68,0.0,0,317.68,228.73,9.77,79.18
7005,1096,2024-03-18,Home,171.78,0.0,0,171.78,82.45,7.58,81.75
7006,1096,2024-03-27,Apparel,62.88,0.1,1,0.0,0.0,12.85,-12.85
7007,1096,2024-12-20,Home,55.74,0.0,0,55.74,26.75,5.84,23.15
7008,1097,2024-05-19,Home,66.75,0.05,0,63.41,32.04,5.95,25.42
7009,1097,2024-05-22,Home,63.05,0.1,0,56.74,30.26,5.85,20.63
7010,1097,2024-06-17,Accessories,127.34,0.1,0,114.6,38.2,6.72,69.68
7011,1097,2024-07-24,Apparel,38.07,0.0,0,38.07,13.32,5.57,19.18
7012,1097,2024-11-05,Home,60.0,0.0,0,60.0,28.8,5.9,25.3
7013,1097,2024-11-06,Apparel,47.1,0.0,0,47.1,16.48,5.71,24.91
7014,1097,2025-05-01,Home,84.29,0.0,0,84.29,40.46,6.26,37.57
7015,1097,2025-05-05,Accessories,50.55,0.1,0,45.5,15.17,5.68,24.65
7016,1097,2025-06-25,Electronics,285.72,0.1,0,257.15,205.72,8.86,42.57
7017,1098,2024-04-08,Electronics,313.93,0.1,0,282.54,226.03,9.24,47.27
7018,1098,2024-04-14,Home,44.4,0.05,1,0.0,0.0,12.63,-12.63
7019,1098,2024-06-13,Electronics,198.06,0.05,0,188.16,142.6,7.82,37.74
7020,1098,2024-08-19,Home,63.05,0.0,0,63.05,30.26,5.95,26.84
7021,1098,2024-09-11,Home,54.27,0.05,0,51.55,26.05,5.77,19.73
7022,1098,2024-09-04,Home,104.77,0.05,0,99.53,50.29,6.49,42.75
7023,1098,2024-11-25,Apparel,71.39,0.05,0,67.82,24.99,6.02,36.81
7024,1098,2024-11-25,Home,66.26,0.05,0,62.95,31.8,5.94,25.21
7025,1098,2024-12-05,Electronics,161.98,0.1,0,145.78,116.63,7.19,21.96
7026,1098,2025-04-28,Home,174.94,0.1,0,157.44,83.97,7.36,66.11
7027,1098,2025-04-21,Home,128.73,0.0,0,128.73,61.79,6.93,60.01
7028,1098,2025-06-22,Electronics,180.77,0.05,1,0.0,0.0,14.58,-14.58
7029,1098,2025-06-20,Home,49.85,0.05,0,47.36,23.93,5.71,17.72
7030,1099,2024-05-21,Home,43.61,0.0,0,43.61,20.93,5.65,17.03
7031,1099,2024-05-18,Home,137.82,0.05,0,130.93,66.15,6.96,57.82
7032,1099,2024-07-03,Accessories,40.24,0.1,0,36.21,12.07,5.54,18.6
7033,1099,2024-09-20,Accessories,31.07,0.0,0,31.07,9.32,5.47,16.28
7034,1099,2024-12-23,Electronics,145.2,0.05,0,137.94,104.55,7.07,26.32
7035,1099,2024-12-22,Electronics,243.24,0.2,0,194.59,175.13,7.92,11.54
7036,1099,2024-12-23,Home,92.25,0.1,0,83.03,44.28,6.25,32.5
7037,1099,2025-01-17,Home,89.16,0.1,0,80.25,42.8,6.2,31.25
7038,1099,2025-01-05,Electronics,234.61,0.0,0,234.61,168.92,8.52,57.17
7039,1099,2025-02-01,Apparel,49.82,0.1,0,44.84,17.44,5.67,21.73
7040,1099,2025-04-04,Home,65.92,0.0,0,65.92,31.64,5.99,28.29
7041,1099,2025-04-06,Electronics,255.35,0.1,0,229.81,183.85,8.45,37.51
7042,1099,2025-06-10,Apparel,26.47,0.2,0,21.18,9.27,5.32,6.59
7043,1099,2025-06-09,Accessories,19.74,0.1,0,17.76,5.92,5.27,6.57
7044,1100,2024-07-10,Electronics,116.87,0.0,0,116.87,84.15,6.75,25.97
7045,1100,2024-12-28,Home,152.36,0.0,0,152.36,73.13,7.29,71.94
7046,1101,2024-08-05,Electronics,146.68,0.0,0,146.68,105.61,7.2,33.87
7047,1101,2024-10-22,Electronics,230.79,0.1,0,207.71,166.17,8.12,33.42
7048,1101,2024-11-03,Electronics,193.67,0.0,0,193.67,139.44,7.91,46.32
7049,1101,2025-02-08,Apparel,100.27,0.0,0,100.27,35.1,6.5,58.67
7050,1101,2025-03-20,Home,117.63,0.05,0,111.75,56.46,6.68,48.61
7051,1101,2025-06-25,Electronics,328.42,0.2,0,262.74,236.46,8.94,17.34
7052,1102,2024-02-22,Electronics,362.11,0.05,0,344.01,260.72,10.16,73.13
7053,1102,2024-02-17,Electronics,168.54,0.0,0,168.54,121.35,7.53,39.66
7054,1102,2024-02-17,Home,91.29,0.2,0,73.03,43.82,6.1,23.11
7055,1102,2024-05-19,Accessories,30.75,0.05,0,29.21,9.23,5.44,14.54
7056,1102,2024-05-10,Apparel,40.68,0.05,0,38.65,14.24,5.58,18.83
7057,1102,2024-06-25,Home,73.14,0.2,0,58.52,35.11,5.88,17.53
7058,1102,2024-08-13,Electronics,377.73,0.0,0,377.73,271.97,10.67,95.09
7059,1102,2024-08-22,Apparel,72.53,0.0,0,72.53,25.39,6.09,41.05
7060,1102,2024-10-09,Apparel,61.08,0.1,0,54.97,21.38,5.82,27.77
7061,1103,2024-10-11,Electronics,196.26,0.1,0,176.63,141.31,7.65,27.67
7062,1103,2024-12-26,Accessories,22.58,0.05,0,21.45,6.77,5.32,9.36
7063,1103,2024-12-15,Apparel,104.75,0.05,0,99.51,36.66,6.49,56.36
7064,1104,2024-03-25,Apparel,90.25,0.0,0,90.25,31.59,6.35,52.31
7065,1104,2024-04-03,Home,97.79,0.1,0,88.02,46.94,6.32,34.76
7066,1104,2024-05-06,Apparel,48.32,0.0,0,48.32,16.91,5.72,25.69
7067,1104,2024-05-03,Accessories,53.76,0.05,0,51.07,16.13,5.77,29.17
7068,1104,2024-07-25,Home,124.77,0.2,0,99.82,59.89,6.5,33.43
7069,1104,2024-08-10,Accessories,133.4,0.0,0,133.4,40.02,7.0,86.38
7070,1104,2024-08-19,Electronics,161.24,0.05,0,153.18,116.09,7.3,29.79
7071,1104,2024-10-04,Accessories,53.32,0.1,0,47.99,16.0,5.72,26.27
7072,1104,2024-10-10,Accessories,26.56,0.0,0,26.56,7.97,5.4,13.19
7073,1104,2024-12-15,Home,87.97,0.2,0,70.37,42.22,6.06,22.09
7074,1105,2024-09-03,Home,51.48,0.2,0,41.18,24.71,5.62,10.85
7075,1105,2024-09-06,Home,131.05,0.0,0,131.05,62.9,6.97,61.18
7076,1105,2024-10-28,Accessories,55.17,0.05,0,52.41,16.55,5.79,30.07
7077,1105,2024-11-13,Home,96.89,0.2,0,77.51,46.51,6.16,24.84
7078,1105,2024-11-12,Home,59.69,0.0,0,59.69,28.65,5.9,25.14
7079,1105,2025-01-15,Accessories,46.82,0.05,0,44.48,14.05,5.67,24.76
7080,1105,2025-02-07,Apparel,89.17,0.0,0,89.17,31.21,6.34,51.62
7081,1105,2025-03-20,Home,73.56,0.0,0,73.56,35.31,6.1,32.15
7082,1105,2025-04-20,Accessories,60.69,0.0,0,60.69,18.21,5.91,36.57
7083,1105,2025-06-26,Electronics,238.78,0.0,0,238.78,171.92,8.58,58.28
7084,1106,2024-10-06,Home,77.22,0.1,0,69.5,37.06,6.04,26.4
7085,1106,2024-10-11,Apparel,116.09,0.0,0,116.09,40.63,6.74,68.72
7086,1107,2024-10-16,Apparel,45.33,0.1,0,40.8,15.87,5.61,19.32
7087,1107,2025-01-22,Apparel,94.22,0.0,0,94.22,32.98,6.41,54.83
7088,1107,2025-01-14,Accessories,30.3,0.0,0,30.3,9.09,5.45,15.76
7089,1108,2024-09-19,Accessories,27.81,0.0,0,27.81,8.34,5.42,14.05
7090,1108,2024-09-09,Accessories,34.74,0.2,0,27.79,10.42,5.42,11.95
7091,1108,2024-09-27,Accessories,33.68,0.0,0,33.68,10.1,5.51,18.07
7092,1108,2024-09-22,Apparel,106.03,0.0,0,106.03,37.11,6.59,62.33
7093,1108,2025-06-03,Home,57.71,0.0,0,57.71,27.7,5.87,24.14
7094,1109,2024-09-04,Electronics,225.76,0.05,0,214.47,162.55,8.22,43.7
7095,1109,2025-06-23,Accessories,34.36,0.2,0,27.48,10.31,5.41,11.76
7096,1109,2025-06-21,Accessories,23.64,0.1,0,21.27,7.09,5.32,8.86
7097,1110,2024-04-20,Electronics,199.47,0.1,0,179.52,143.62,7.69,28.21
7098,1110,2024-05-16,Accessories,49.18,0.1,0,44.26,14.75,5.66,23.85
7099,1110,2024-09-21,Home,50.2,0.2,0,40.16,24.1,5.6,10.46
7100,1110,2024-12-14,Apparel,47.33,0.0,0,47.33,16.57,5.71,25.05
7101,1110,2025-06-12,Home,89.56,0.0,0,89.56,42.99,6.34,40.23
7102,1111,2024-10-25,Home,144.68,0.05,0,137.45,69.45,7.06,60.94
7103,1111,2025-02-14,Home,68.72,0.0,0,68.72,32.98,6.03,29.71
7104,1111,2025-03-17,Apparel,61.69,0.0,0,61.69,21.59,5.93,34.17
7105,1111,2025-03-13,Accessories,37.83,0.2,0,30.26,11.35,5.45,13.46
7106,1112,2024-04-10,Electronics,136.8,0.0,0,136.8,98.5,7.05,31.25
7107,1112,2024-04-24,Home,114.55,0.1,0,103.1,54.99,6.55,41.56
7108,1112,2024-05-12,Home,83.2,0.0,0,83.2,39.93,6.25,37.02
7109,1112,2024-05-25,Apparel,77.92,0.05,0,74.03,27.27,6.11,40.65
7110,1112,2025-01-25,Electronics,319.65,0.05,0,303.67,230.15,9.56,63.96
7111,1113,2024-01-06,Accessories,33.8,0.1,0,30.42,10.14,5.46,14.82
7112,1113,2024-02-20,Home,105.54,0.0,0,105.54,50.66,6.58,48.3
7113,1113,2024-05-21,Apparel,76.73,0.1,1,0.0,0.0,13.04,-13.04
7114,1114,2024-05-15,Electronics,157.17,0.05,0,149.31,113.16,7.24,28.91
7115,1114,2024-07-21,Apparel,86.15,0.1,0,77.53,30.15,6.16,41.22
7116,1114,2025-02-17,Apparel,51.93,0.1,0,46.74,18.18,5.7,22.86
7117,1114,2025-06-10,Accessories,33.35,0.05,0,31.69,10.01,5.48,16.2
7118,1115,2024-10-05,Electronics,210.39,0.0,0,210.39,151.48,8.16,50.75
7119,1115,2024-12-09,Accessories,43.96,0.1,0,39.57,13.19,5.59,20.79
7120,1115,2025-02-12,Home,208.97,0.0,0,208.97,100.31,8.13,100.53
7121,1115,2025-03-20,Home,90.68,0.05,0,86.15,43.53,6.29,36.33
7122,1115,2025-04-20,Home,62.21,0.1,0,55.99,29.86,5.84,20.29
7123,1115,2025-05-08,Accessories,37.39,0.05,0,35.52,11.22,5.53,18.77
7124,1115,2025-05-02,Home,61.87,0.0,0,61.87,29.7,5.93,26.24
7125,1116,2024-08-21,Electronics,101.44,0.2,0,81.15,73.04,6.22,1.89
7126,1116,2024-08-04,Home,88.79,0.05,0,84.35,42.62,6.27,35.46
7127,1117,2024-09-22,Electronics,304.04,0.05,0,288.84,218.91,9.33,60.6
7128,1117,2025-01-16,Accessories,40.48,0.2,0,32.38,12.14,5.49,14.75
7129,1117,2025-05-13,Apparel,45.15,0.1,0,40.64,15.8,5.61,19.23
7130,1117,2025-05-05,Home,115.89,0.05,0,110.1,55.63,6.65,47.82
7131,1117,2025-06-27,Home,49.26,0.0,0,49.26,23.65,5.74,19.87
7132,1118,2024-10-15,Accessories,27.99,0.0,1,0.0,0.0,12.42,-12.42
7133,1118,2025-04-27,Accessories,65.41,0.05,0,62.14,19.62,5.93,36.59
7134,1119,2024-04-28,Electronics,179.06,0.05,0,170.1,128.92,7.55,33.63
7135,1119,2024-07-26,Apparel,86.04,0.0,1,0.0,0.0,13.29,-13.29
7136,1119,2024-07-26,Apparel,35.98,0.1,0,32.38,12.59,5.49,14.3
7137,1119,2024-12-25,Accessories,39.78,0.0,0,39.78,11.93,5.6,22.25
7138,1119,2025-04-06,Accessories,39.76,0.1,0,35.78,11.93,5.54,18.31
7139,1119,2025-04-19,Electronics,164.53,0.05,0,156.3,118.46,7.34,30.5
7140,1119,2025-05-15,Apparel,38.72,0.0,0,38.72,13.55,5.58,19.59
7141,1119,2025-05-19,Accessories,36.7,0.0,0,36.7,11.01,5.55,20.14
7142,1120,2024-07-02,Electronics,178.6,0.05,0,169.67,128.6,7.55,33.52
7143,1120,2024-08-03,Electronics,384.67,0.1,0,346.21,276.96,10.19,59.06
7144,1120,2024-08-04,Apparel,40.18,0.2,0,32.14,14.06,5.48,12.6
7145,1120,2025-01-26,Home,78.14,0.0,0,78.14,37.51,6.17,34.46
7146,1121,2024-07-26,Home,187.13,0.05,0,177.77,89.82,7.67,80.28
7147,1121,2024-07-17,Accessories,56.08,0.05,0,53.28,16.82,5.8,30.66
7148,1121,2024-08-01,Electronics,203.68,0.0,0,203.68,146.65,8.06,48.97
7149,1121,2024-09-03,Accessories,81.25,0.0,0,81.25,24.38,6.22,50.65
7150,1121,2024-12-27,Home,362.89,0.2,1,0.0,0.0,16.35,-16.35
7151,1121,2024-12-01,Electronics,380.08,0.0,0,380.08,273.66,10.7,95.72
7152,1121,2025-04-24,Apparel,63.43,0.0,0,63.43,22.2,5.95,35.28
7153,1121,2025-04-21,Electronics,157.4,0.05,0,149.53,113.33,7.24,28.96
7154,1121,2025-05-22,Electronics,207.16,0.2,0,165.73,149.15,7.49,9.09
7155,1122,2024-02-10,Electronics,230.91,0.1,0,207.81,166.25,8.12,33.44
7156,1123,2024-10-17,Home,105.05,0.1,0,94.55,50.42,6.42,37.71
7157,1123,2024-11-25,Apparel,48.07,0.05,0,45.67,16.83,5.69,23.15
7158,1123,2025-04-16,Accessories,35.53,0.0,0,35.53,10.66,5.53,19.34
7159,1123,2025-05-13,Electronics,216.25,0.0,0,216.25,155.7,8.24,52.31
7160,1123,2025-05-19,Accessories,36.28,0.2,0,29.03,10.89,5.44,12.7
7161,1124,2024-05-27,Apparel,63.16,0.05,0,60.0,22.11,5.9,31.99
7162,1124,2024-06-10,Home,141.37,0.1,0,127.23,67.86,6.91,52.46
7163,1124,2024-06-18,Accessories,28.87,0.2,0,23.1,8.66,5.35,9.09
7164,1124,2024-09-06,Home,146.63,0.0,0,146.63,70.38,7.2,69.05
7165,1124,2024-11-24,Electronics,202.77,0.0,0,202.77,145.99,8.04,48.74
7166,1124,2024-11-02,Home,84.75,0.05,0,80.52,40.68,6.21,33.63
7167,1124,2025-03-17,Apparel,31.31,0.05,0,29.74,10.96,5.45,13.33
7168,1124,2025-05-25,Accessories,43.13,0.2,1,0.0,0.0,12.52,-12.52
7169,1125,2024-04-04,Home,81.33,0.1,1,0.0,0.0,13.1,-13.1
7170,1125,2024-05-28,Apparel,38.54,0.0,0,38.54,13.49,5.58,19.47
7171,1125,2024-07-21,Electronics,160.11,0.0,0,160.11,115.28,7.4,37.43
7172,1125,2024-07-14,Electronics,213.48,0.2,0,170.79,153.71,7.56,9.52
7173,1125,2024-08-23,Accessories,37.6,0.2,1,0.0,0.0,12.45,-12.45
7174,1125,2024-09-03,Home,70.33,0.0,0,70.33,33.76,6.05,30.52
7175,1125,2025-01-16,Home,96.27,0.2,0,77.02,46.21,6.16,24.65
7176,1125,2025-01-08,Home,41.91,0.1,0,37.72,20.12,5.57,12.03
7177,1125,2025-02-19,Home,72.67,0.1,0,65.4,34.88,5.98,24.54
7178,1125,2025-04-28,Home,153.87,0.05,0,146.18,73.86,7.19,65.13
7179,1125,2025-04-02,Apparel,97.05,0.0,0,97.05,33.97,6.46,56.62
7180,1125,2025-05-24,Accessories,22.55,0.2,0,18.04,6.76,5.27,6.01
7181,1125,2025-05-22,Electronics,332.28,0.0,0,332.28,239.24,9.98,83.06
7182,1126,2024-08-27,Home,74.48,0.2,0,59.59,35.75,5.89,17.95
7183,1126,2025-02-01,Electronics,249.19,0.0,0,249.19,179.42,8.74,61.03
7184,1126,2025-02-07,Accessories,54.24,0.1,0,48.81,16.27,5.73,26.81
7185,1127,2024-08-17,Electronics,147.87,0.05,0,140.48,106.47,7.11,26.9
7186,1127,2024-10-24,Accessories,22.86,0.05,0,21.72,6.86,5.33,9.53
7187,1127,2025-03-16,Apparel,79.72,0.0,0,79.72,27.9,6.2,45.62
7188,1127,2025-04-25,Home,126.36,0.0,0,126.36,60.65,6.9,58.81
7189,1128,2024-05-17,Home,72.84,0.1,0,65.56,34.96,5.98,24.62
7190,1128,2024-06-07,Home,73.84,0.0,0,73.84,35.44,6.11,32.29
7191,1129,2024-12-15,Electronics,252.23,0.0,0,252.23,181.6,8.78,61.85
7192,1129,2025-01-11,Apparel,84.74,0.1,0,76.27,29.66,6.14,40.47
7193,1130,2024-09-18,Home,41.65,0.05,0,39.57,19.99,5.59,13.99
7194,1130,2024-10-24,Accessories,68.74,0.05,0,65.3,20.62,5.98,38.7
7195,1130,2024-11-05,Accessories,31.23,0.05,0,29.67,9.37,5.45,14.85
7196,1130,2024-12-02,Accessories,29.45,0.2,0,23.56,8.84,5.35,9.37
7197,1130,2025-06-26,Electronics,227.24,0.0,1,0.0,0.0,15.41,-15.41
7198,1131,2024-01-07,Accessories,36.36,0.0,0,36.36,10.91,5.55,19.9
7199,1131,2024-03-06,Electronics,230.11,0.0,0,230.11,165.68,8.45,55.98
7200,1131,2024-05-25,Home,142.72,0.0,0,142.72,68.5,7.14,67.08
7201,1131,2024-07-02,Home,86.5,0.2,0,69.2,41.52,6.04,21.64
7202,1131,2024-07-18,Electronics,206.36,0.0,0,206.36,148.58,8.1,49.68
7203,1131,2024-07-24,Apparel,54.48,0.1,0,49.03,19.07,5.74,24.22
7204,1131,2024-12-16,Electronics,95.8,0.0,0,95.8,68.97,6.44,20.39
7205,1132,2024-08-08,Apparel,70.71,0.05,0,67.17,24.75,6.01,36.41
7206,1132,2024-08-26,Apparel,37.3,0.2,1,0.0,0.0,12.45,-12.45
7207,1132,2024-09-15,Accessories,15.1,0.0,1,0.0,0.0,12.23,-12.23
7208,1132,2024-10-20,Electronics,85.78,0.05,0,81.49,61.76,6.22,13.51
7209,1132,2025-04-24,Accessories,71.96,0.1,0,64.77,21.59,5.97,37.21
7210,1132,2025-04-28,Electronics,100.99,0.05,0,95.94,72.71,6.44,16.79
7211,1133,2024-01-10,Accessories,43.35,0.1,0,39.01,13.0,5.59,20.42
7212,1133,2024-01-06,Electronics,120.49,0.05,0,114.46,86.75,6.72,20.99
7213,1133,2024-01-17,Apparel,60.25,0.1,0,54.22,21.09,5.81,27.32
7214,1133,2024-06-26,Electronics,192.65,0.2,0,154.12,138.71,7.31,8.1
7215,1133,2024-07-22,Accessories,41.48,0.1,0,37.33,12.44,5.56,19.33
7216,1134,2024-06-08,Home,92.54,0.1,0,83.29,44.42,6.25,32.62
7217,1134,2024-06-10,Electronics,114.36,0.05,0,108.64,82.34,6.63,19.67
7218,1134,2025-01-23,Electronics,265.9,0.2,0,212.72,191.44,8.19,13.09
7219,1134,2025-05-25,Apparel,53.49,0.2,0,42.8,18.72,5.64,18.44
7220,1135,2024-09-13,Apparel,63.43,0.0,1,0.0,0.0,12.95,-12.95
7221,1135,2024-09-13,Accessories,22.74,0.1,0,20.47,6.82,5.31,8.34
7222,1136,2024-10-11,Home,169.83,0.05,0,161.34,81.52,7.42,72.4
7223,1136,2024-10-21,Home,81.12,0.2,0,64.89,38.94,5.97,19.98
7224,1136,2024-11-15,Electronics,127.53,0.0,1,0.0,0.0,13.91,-13.91
7225,1136,2025-01-06,Home,56.87,0.2,0,45.5,27.3,5.68,12.52
7226,1136,2025-03-10,Apparel,23.41,0.2,0,18.72,8.19,5.28,5.25
7227,1136,2025-04-11,Apparel,73.04,0.2,0,58.43,25.57,5.88,26.98
7228,1136,2025-05-21,Accessories,55.17,0.0,0,55.17,16.55,5.83,32.79
7229,1136,2025-05-02,Accessories,63.42,0.05,0,60.25,19.03,5.9,35.32
7230,1137,2024-01-19,Home,63.53,0.05,0,60.36,30.5,5.91,23.95
7231,1137,2024-02-04,Home,94.6,0.05,0,89.87,45.41,6.35,38.11
7232,1137,2024-03-12,Electronics,204.51,0.0,0,204.51,147.25,8.07,49.19
7233,1138,2024-09-12,Accessories,55.11,0.1,0,49.6,16.53,5.74,27.33
7234,1138,2024-09-02,Electronics,93.48,0.1,0,84.13,67.3,6.26,10.57
7235,1138,2025-06-22,Accessories,54.1,0.0,0,54.1,16.23,5.81,32.06
7236,1139,2024-09-18,Apparel,97.3,0.2,0,77.84,34.05,6.17,37.62
7237,1140,2024-11-07,Electronics,183.76,0.0,0,183.76,132.3,7.76,43.7
7238,1140,2025-01-07,Apparel,75.62,0.05,0,71.84,26.47,6.08,39.29
7239,1140,2025-01-01,Apparel,62.67,0.2,0,50.13,21.93,5.75,22.45
7240,1141,2024-07-10,Accessories,38.92,0.1,0,35.02,11.67,5.53,17.82
7241,1141,2025-06-18,Electronics,145.88,0.0,0,145.88,105.03,7.19,33.66
7242,1141,2025-06-01,Home,94.89,0.1,0,85.4,45.54,6.28,33.58
7243,1142,2024-02-16,Home,75.73,0.05,0,71.95,36.35,6.08,29.52
7244,1142,2024-02-16,Accessories,25.61,0.0,0,25.61,7.68,5.38,12.55
7245,1142,2025-02-15,Accessories,93.7,0.2,0,74.96,28.11,6.12,40.73
7246,1142,2025-04-16,Accessories,28.4,0.2,0,22.72,8.52,5.34,8.86
7247,1142,2025-04-08,Electronics,284.32,0.0,0,284.32,204.71,9.26,70.35
7248,1142,2025-06-04,Electronics,110.06,0.0,0,110.06,79.24,6.65,24.17
7249,1143,2024-08-19,Home,89.33,0.1,0,80.4,42.88,6.21,31.31
7250,1144,2024-03-23,Accessories,25.45,0.05,0,24.18,7.63,5.36,11.19
7251,1144,2024-05-28,Accessories,28.54,0.2,0,22.83,8.56,5.34,8.93
7252,1144,2024-07-28,Apparel,95.77,0.0,0,95.77,33.52,6.44,55.81
7253,1144,2024-08-09,Apparel,57.91,0.0,0,57.91,20.27,5.87,31.77
7254,1144,2024-09-26,Apparel,59.59,0.0,0,59.59,20.86,5.89,32.84
7255,1144,2024-09-22,Electronics,144.51,0.0,0,144.51,104.05,7.17,33.29
7256,1144,2024-10-05,Electronics,195.52,0.1,0,175.97,140.77,7.64,27.56
7257,1144,2024-10-09,Home,104.14,0.2,0,83.31,49.99,6.25,27.07
7258,1144,2024-10-27,Accessories,57.33,0.1,0,51.6,17.2,5.77,28.63
7259,1144,2025-04-26,Apparel,58.26,0.1,1,0.0,0.0,12.79,-12.79
7260,1144,2025-05-10,Electronics,182.94,0.05,0,173.8,131.72,7.61,34.47
7261,1144,2025-05-02,Accessories,62.56,0.05,0,59.43,18.77,5.89,34.77
7262,1144,2025-06-13,Accessories,52.65,0.1,1,0.0,0.0,12.71,-12.71
7263,1145,2024-05-06,Accessories,32.61,0.0,1,0.0,0.0,12.49,-12.49
7264,1145,2025-02-18,Accessories,38.24,0.1,0,34.41,11.47,5.52,17.42
7265,1145,2025-02-03,Electronics,185.23,0.0,1,0.0,0.0,14.78,-14.78
7266,1145,2025-05-23,Apparel,102.06,0.2,0,81.65,35.72,6.22,39.71
7267,1145,2025-05-12,Home,131.74,0.0,0,131.74,63.23,6.98,61.53
7268,1145,2025-05-10,Home,86.99,0.2,1,0.0,0.0,13.04,-13.04
7269,1146,2024-04-01,Home,75.36,0.05,1,0.0,0.0,13.07,-13.07
7270,1146,2024-07-04,Accessories,69.71,0.1,0,62.74,20.91,5.94,35.89
7271,1146,2024-08-05,Accessories,39.59,0.0,0,39.59,11.88,5.59,22.12
7272,1146,2024-08-15,Home,115.31,0.1,0,103.78,55.35,6.56,41.87
7273,1146,2025-06-09,Electronics,99.01,0.1,0,89.11,71.29,6.34,11.48
7274,1147,2024-04-10,Home,185.91,0.05,0,176.62,89.24,7.65,79.73
7275,1147,2024-05-23,Home,60.86,0.05,0,57.82,29.21,5.87,22.74
7276,1147,2024-06-15,Home,93.82,0.2,0,75.05,45.03,6.13,23.89
7277,1147,2024-10-07,Accessories,30.66,0.05,0,29.13,9.2,5.44,14.49
7278,1147,2024-11-28,Home,42.58,0.05,0,40.45,20.44,5.61,14.4
7279,1147,2025-03-11,Home,106.93,0.0,0,106.93,51.33,6.6,49.0
7280,1148,2024-10-20,Accessories,47.57,0.2,0,38.05,14.27,5.57,18.21
7281,1148,2024-10-15,Home,83.29,0.1,0,74.96,39.98,6.12,28.86
7282,1148,2024-12-10,Electronics,137.25,0.0,0,137.25,98.82,7.06,31.37
7283,1148,2025-03-07,Apparel,57.77,0.2,0,46.22,20.22,5.69,20.31
7284,1148,2025-03-07,Accessories,54.82,0.05,0,52.08,16.45,5.78,29.85
7285,1149,2024-03-18,Electronics,251.99,0.0,0,251.99,181.44,8.78,61.77
7286,1149,2024-04-03,Accessories,24.92,0.2,0,19.93,7.48,5.3,7.15
7287,1149,2024-05-28,Home,58.11,0.2,1,0.0,0.0,12.7,-12.7
7288,1149,2024-07-27,Apparel,39.39,0.05,1,0.0,0.0,12.56,-12.56
7289,1149,2024-08-04,Home,78.68,0.1,0,70.81,37.76,6.06,26.99
7290,1149,2024-09-19,Home,93.33,0.1,0,84.0,44.8,6.26,32.94
7291,1149,2025-01-21,Apparel,78.21,0.0,1,0.0,0.0,13.17,-13.17
7292,1149,2025-04-17,Accessories,24.11,0.0,0,24.11,7.23,5.36,11.52
7293,1150,2024-02-02,Apparel,53.18,0.05,0,50.52,18.61,5.76,26.15
7294,1150,2024-03-07,Apparel,91.91,0.0,0,91.91,32.17,6.38,53.36
7295,1150,2024-03-28,Home,98.86,0.0,0,98.86,47.45,6.48,44.93
7296,1150,2024-03-11,Electronics,245.05,0.1,1,0.0,0.0,15.31,-15.31
7297,1150,2024-04-14,Home,61.76,0.1,0,55.58,29.64,5.83,20.11
7298,1150,2024-05-02,Home,64.26,0.1,0,57.83,30.84,5.87,21.12
7299,1150,2024-07-16,Electronics,266.77,0.2,0,213.42,192.08,8.2,13.14
7300,1150,2024-12-23,Accessories,47.89,0.0,0,47.89,14.37,5.72,27.8
7301,1150,2025-01-06,Accessories,43.73,0.0,0,43.73,13.12,5.66,24.95
7302,1150,2025-02-17,Electronics,245.49,0.1,0,220.94,176.76,8.31,35.87
7303,1150,2025-02-10,Home,50.6,0.05,0,48.07,24.29,5.72,18.06
7304,1150,2025-05-11,Home,151.61,0.0,0,151.61,72.77,7.27,71.57
7305,1151,2024-02-23,Apparel,42.74,0.1,0,38.47,14.96,5.58,17.93
7306,1151,2024-11-13,Home,155.03,0.0,1,0.0,0.0,14.33,-14.33
7307,1151,2025-04-25,Apparel,71.19,0.05,0,67.63,24.92,6.01,36.7
7308,1152,2024-07-19,Apparel,88.94,0.1,0,80.04,31.13,6.2,42.71
7309,1153,2024-04-22,Home,60.6,0.1,0,54.54,29.09,5.82,19.63
7310,1153,2024-06-03,Apparel,67.2,0.1,0,60.48,23.52,5.91,31.05
7311,1153,2024-07-08,Accessories,54.72,0.0,0,54.72,16.42,5.82,32.48
7312,1153,2024-08-12,Apparel,57.32,0.2,0,45.86,20.06,5.69,20.11
7313,1153,2024-10-11,Electronics,225.17,0.1,0,202.65,162.12,8.04,32.49
7314,1153,2025-01-07,Home,183.01,0.0,0,183.01,87.84,7.75,87.42
7315,1153,2025-01-20,Apparel,37.85,0.2,0,30.28,13.25,5.45,11.58
7316,1153,2025-03-04,Accessories,59.08,0.05,0,56.13,17.73,5.84,32.56
7317,1153,2025-05-13,Electronics,233.34,0.2,0,186.67,168.01,7.8,10.86
7318,1154,2024-01-11,Apparel,95.63,0.1,0,86.07,33.47,6.29,46.31
7319,1154,2024-03-09,Electronics,146.0,0.0,0,146.0,105.12,7.19,33.69
7320,1154,2024-07-13,Accessories,84.86,0.0,0,84.86,25.46,6.27,53.13
7321,1154,2024-09-14,Electronics,213.57,0.0,0,213.57,153.77,8.2,51.6
7322,1154,2024-11-21,Apparel,138.29,0.0,0,138.29,48.4,7.07,82.82
7323,1154,2024-11-05,Home,131.03,0.0,0,131.03,62.9,6.97,61.16
7324,1154,2025-01-06,Home,71.99,0.2,0,57.59,34.56,5.86,17.17
7325,1154,2025-02-08,Accessories,48.02,0.0,0,48.02,14.41,5.72,27.89
7326,1154,2025-05-14,Apparel,115.0,0.2,0,92.0,40.25,6.38,45.37
7327,1154,2025-05-14,Home,73.12,0.2,0,58.49,35.1,5.88,17.51
7328,1154,2025-05-18,Accessories,47.3,0.1,0,42.57,14.19,5.64,22.74
7329,1155,2024-01-27,Home,124.99,0.1,1,0.0,0.0,13.69,-13.69
7330,1155,2024-01-05,Home,112.79,0.0,0,112.79,54.14,6.69,51.96
7331,1155,2024-03-04,Home,117.74,0.05,0,111.85,56.51,6.68,48.66
7332,1155,2024-05-05,Electronics,170.72,0.1,0,153.65,122.92,7.3,23.43
7333,1155,2024-06-19,Home,133.79,0.0,0,133.79,64.22,7.01,62.56
7334,1155,2024-07-03,Accessories,56.62,0.2,0,45.3,16.99,5.68,22.63
7335,1155,2025-04-16,Electronics,120.45,0.0,0,120.45,86.72,6.81,26.92
7336,1156,2024-04-21,Apparel,38.17,0.2,0,30.54,13.36,5.46,11.72
7337,1156,2024-05-21,Apparel,111.38,0.05,0,105.82,38.98,6.59,60.25
7338,1156,2024-07-02,Electronics,210.54,0.1,0,189.48,151.59,7.84,30.05
7339,1156,2024-07-19,Apparel,47.64,0.1,0,42.88,16.67,5.64,20.57
7340,1156,2024-08-08,Accessories,79.15,0.1,0,71.24,23.75,6.07,41.42
7341,1156,2024-08-25,Home,103.09,0.2,0,82.47,49.48,6.24,26.75
7342,1156,2024-09-08,Apparel,47.41,0.0,0,47.41,16.59,5.71,25.11
7343,1156,2024-09-21,Apparel,92.34,0.0,0,92.34,32.32,6.39,53.63
7344,1156,2024-10-14,Home,84.14,0.1,0,75.73,40.39,6.14,29.2
7345,1156,2024-12-25,Electronics,170.3,0.2,1,0.0,0.0,14.04,-14.04
7346,1156,2025-02-28,Home,64.76,0.0,0,64.76,31.09,5.97,27.7
7347,1157,2024-06-04,Home,105.52,0.0,0,105.52,50.65,6.58,48.29
7348,1157,2024-06-18,Apparel,48.1,0.1,0,43.29,16.84,5.65,20.8
7349,1157,2025-01-26,Accessories,19.93,0.05,0,18.94,5.98,5.28,7.68
7350,1158,2024-11-11,Home,67.5,0.05,0,64.13,32.4,5.96,25.77
7351,1158,2025-01-03,Apparel,54.01,0.05,0,51.31,18.9,5.77,26.64
7352,1158,2025-03-06,Electronics,390.42,0.1,0,351.37,281.1,10.27,60.0
7353,1159,2024-10-03,Electronics,252.12,0.0,0,252.12,181.52,8.78,61.82
7354,1159,2024-10-19,Home,57.44,0.2,0,45.95,27.57,5.69,12.69
7355,1159,2024-12-24,Home,154.41,0.05,0,146.69,74.12,7.2,65.37
7356,1159,2025-01-09,Apparel,73.25,0.0,0,73.25,25.64,6.1,41.51
7357,1159,2025-01-02,Electronics,168.69,0.2,0,134.95,121.46,7.02,6.47
7358,1160,2024-01-28,Electronics,134.08,0.1,0,120.67,96.53,6.81,17.33
7359,1160,2024-02-16,Electronics,373.41,0.0,0,373.41,268.86,10.6,93.95
7360,1160,2024-02-11,Accessories,42.68,0.05,0,40.55,12.8,5.61,22.14
7361,1160,2024-11-14,Accessories,37.71,0.05,0,35.82,11.31,5.54,18.97
7362,1160,2024-12-28,Electronics,194.96,0.0,0,194.96,140.37,7.92,46.67
7363,1161,2024-03-15,Home,128.61,0.0,0,128.61,61.73,6.93,59.95
7364,1161,2024-03-18,Apparel,50.9,0.05,0,48.35,17.81,5.73,24.81
7365,1161,2024-03-19,Electronics,128.03,0.0,0,128.03,92.18,6.92,28.93
7366,1161,2024-05-12,Electronics,277.69,0.05,0,263.81,199.94,8.96,54.91
7367,1161,2024-05-27,Home,108.71,0.2,0,86.97,52.18,6.3,28.49
7368,1161,2024-06-09,Home,158.71,0.1,0,142.84,76.18,7.14,59.52
7369,1161,2024-07-03,Electronics,197.15,0.05,0,187.3,141.95,7.81,37.54
7370,1161,2024-08-14,Apparel,29.5,0.2,0,23.6,10.32,5.35,7.93
7371,1161,2024-09-26,Apparel,62.8,0.2,1,0.0,0.0,12.75,-12.75
7372,1161,2024-09-09,Home,131.65,0.0,0,131.65,63.19,6.97,61.49
7373,1161,2024-10-21,Home,57.3,0.0,0,57.3,27.51,5.86,23.93
7374,1161,2024-10-06,Accessories,51.62,0.05,0,49.04,15.49,5.74,27.81
7375,1161,2024-12-28,Apparel,54.39,0.05,0,51.67,19.04,5.78,26.85
7376,1161,2025-04-04,Electronics,262.8,0.0,0,262.8,189.21,8.94,64.65
7377,1161,2025-06-03,Apparel,107.09,0.05,1,0.0,0.0,13.53,-13.53
7378,1162,2024-09-26,Accessories,30.72,0.0,0,30.72,9.22,5.46,16.04
7379,1162,2025-04-27,Accessories,28.88,0.05,0,27.44,8.67,5.41,13.36
7380,1163,2024-07-26,Home,156.41,0.2,0,125.13,75.08,6.88,43.17
7381,1163,2024-08-07,Apparel,40.46,0.05,0,38.44,14.16,5.58,18.7
7382,1163,2024-08-15,Apparel,46.62,0.05,1,0.0,0.0,12.66,-12.66
7383,1163,2024-09-06,Accessories,78.82,0.0,0,78.82,23.65,6.18,48.99
7384,1163,2025-06-22,Apparel,96.05,0.1,0,86.44,33.62,6.3,46.52
7385,1164,2024-10-06,Home,47.09,0.0,0,47.09,22.6,5.71,18.78
7386,1164,2024-12-21,Apparel,71.89,0.05,0,68.3,25.16,6.02,37.12
7387,1164,2025-04-28,Apparel,49.05,0.0,0,49.05,17.17,5.74,26.14
7388,1164,2025-04-06,Apparel,33.35,0.1,0,30.02,11.67,5.45,12.9
7389,1164,2025-04-13,Apparel,26.75,0.0,0,26.75,9.36,5.4,11.99
7390,1165,2024-08-15,Accessories,33.05,0.05,0,31.4,9.92,5.47,16.01
7391,1165,2024-10-09,Apparel,104.56,0.05,0,99.33,36.6,6.49,56.24
7392,1165,2024-11-02,Home,115.37,0.2,0,92.29,55.38,6.38,30.53
7393,1165,2024-12-20,Accessories,69.68,0.1,0,62.71,20.9,5.94,35.87
7394,1165,2025-04-27,Home,78.24,0.0,0,78.24,37.55,6.17,34.52
7395,1165,2025-04-18,Accessories,23.44,0.1,0,21.1,7.03,5.32,8.75
7396,1166,2024-10-05,Apparel,95.08,0.0,0,95.08,33.28,6.43,55.37
7397,1166,2024-11-21,Accessories,100.02,0.1,1,0.0,0.0,13.35,-13.35
7398,1166,2025-02-03,Home,309.25,0.2,0,247.4,148.44,8.71,90.25
7399,1166,2025-04-15,Accessories,62.4,0.05,0,59.28,18.72,5.89,34.67
7400,1166,2025-04-03,Apparel,81.53,0.05,0,77.46,28.54,6.16,42.76
7401,1167,2024-03-08,Apparel,77.12,0.05,0,73.27,26.99,6.1,40.18
7402,1167,2024-04-17,Home,181.74,0.0,0,181.74,87.24,7.73,86.77
7403,1167,2024-06-08,Accessories,75.31,0.1,0,67.78,22.59,6.02,39.17
7404,1167,2024-10-19,Apparel,84.75,0.2,0,67.8,29.66,6.02,32.12
7405,1168,2024-09-20,Apparel,50.95,0.2,1,0.0,0.0,12.61,-12.61
7406,1169,2024-04-17,Accessories,49.08,0.2,0,39.27,14.73,5.59,18.95
7407,1169,2024-10-28,Electronics,100.29,0.2,0,80.23,72.21,6.2,1.82
7408,1169,2024-10-09,Accessories,36.47,0.0,0,36.47,10.94,5.55,19.98
7409,1169,2024-12-17,Home,76.89,0.0,0,76.89,36.91,6.15,33.83
7410,1170,2024-09-21,Electronics,127.64,0.05,0,121.26,91.9,6.82,22.54
7411,1170,2024-09-09,Apparel,55.08,0.0,0,55.08,19.28,5.83,29.97
7412,1171,2024-09-21,Home,75.89,0.1,0,68.3,36.43,6.02,25.85
7413,1171,2024-11-08,Accessories,43.01,0.0,0,43.01,12.9,5.65,24.46
7414,1171,2025-02-17,Electronics,189.24,0.0,0,189.24,136.25,7.84,45.15
7415,1171,2025-05-23,Apparel,59.18,0.0,0,59.18,20.71,5.89,32.58
7416,1172,2024-04-26,Home,97.15,0.1,0,87.44,46.63,6.31,34.5
7417,1172,2024-04-27,Home,60.92,0.05,0,57.88,29.24,5.87,22.77
7418,1172,2024-09-08,Electronics,142.52,0.0,1,0.0,0.0,14.14,-14.14
7419,1172,2024-12-13,Electronics,149.95,0.1,0,134.95,107.96,7.02,19.97
7420,1172,2024-12-09,Accessories,108.99,0.0,0,108.99,32.7,6.63,69.66
7421,1172,2025-03-04,Electronics,139.07,0.0,0,139.07,100.13,7.09,31.85
7422,1173,2024-01-24,Accessories,56.61,0.05,0,53.78,16.98,5.81,30.99
7423,1173,2024-02-04,Apparel,81.16,0.05,0,77.1,28.41,6.16,42.53
7424,1173,2024-03-09,Apparel,66.82,0.0,0,66.82,23.39,6.0,37.43
7425,1173,2024-07-12,Electronics,223.53,0.05,0,212.35,160.94,8.19,43.22
7426,1173,2024-08-02,Accessories,29.02,0.1,0,26.11,8.7,5.39,12.02
7427,1173,2024-09-15,Home,98.69,0.1,1,0.0,0.0,13.33,-13.33
7428,1173,2025-03-05,Electronics,371.48,0.0,0,371.48,267.47,10.57,93.44
7429,1173,2025-03-24,Accessories,25.01,0.05,0,23.76,7.5,5.36,10.9
7430,1174,2024-08-06,Electronics,227.15,0.1,0,204.44,163.55,8.07,32.82
7431,1174,2024-09-18,Accessories,46.38,0.0,0,46.38,13.91,5.7,26.77
7432,1174,2024-11-09,Home,80.78,0.1,0,72.7,38.77,6.09,27.84
7433,1174,2024-11-04,Accessories,63.64,0.0,0,63.64,19.09,5.95,38.6
7434,1174,2025-04-01,Electronics,101.96,0.1,0,91.76,73.41,6.38,11.97
7435,1174,2025-05-04,Apparel,119.62,0.1,0,107.65,41.87,6.61,59.17
7436,1174,2025-06-25,Accessories,91.85,0.05,0,87.25,27.55,6.31,53.39
7437,1174,2025-06-27,Apparel,98.31,0.0,1,0.0,0.0,13.47,-13.47
7438,1175,2024-08-01,Home,46.46,0.1,0,41.81,22.3,5.63,13.88
7439,1176,2024-02-08,Accessories,20.86,0.0,0,20.86,6.26,5.31,9.29
7440,1176,2024-02-28,Home,129.35,0.1,0,116.42,62.09,6.75,47.58
7441,1176,2024-03-03,Accessories,37.45,0.05,0,35.58,11.24,5.53,18.81
7442,1176,2024-05-17,Home,80.96,0.2,0,64.77,38.86,5.97,19.94
7443,1176,2024-05-01,Apparel,57.87,0.1,1,0.0,0.0,12.78,-12.78
7444,1176,2024-10-13,Accessories,64.73,0.0,0,64.73,19.42,5.97,39.34
7445,1176,2024-10-04,Apparel,67.53,0.05,0,64.15,23.64,5.96,34.55
7446,1176,2024-11-06,Electronics,106.88,0.0,0,106.88,76.96,6.6,23.32
7447,1176,2024-12-22,Accessories,79.15,0.0,0,79.15,23.75,6.19,49.21
7448,1176,2025-02-17,Electronics,119.66,0.1,0,107.69,86.15,6.62,14.92
7449,1176,2025-02-11,Apparel,44.08,0.2,1,0.0,0.0,12.53,-12.53
7450,1176,2025-05-20,Electronics,174.36,0.05,0,165.64,125.54,7.48,32.62
7451,1177,2024-06-21,Accessories,52.29,0.05,0,49.68,15.69,5.75,28.24
7452,1177,2024-07-08,Electronics,161.33,0.0,0,161.33,116.16,7.42,37.75
7453,1177,2024-09-06,Home,131.12,0.0,0,131.12,62.94,6.97,61.21
7454,1177,2024-12-15,Apparel,68.84,0.0,1,0.0,0.0,13.03,-13.03
7455,1177,2024-12-02,Electronics,186.35,0.05,0,177.03,134.17,7.66,35.2
7456,1177,2025-03-24,Accessories,64.79,0.0,1,0.0,0.0,12.97,-12.97
7457,1178,2024-10-16,Home,52.43,0.1,0,47.19,25.17,5.71,16.31
7458,1178,2024-10-28,Electronics,149.72,0.2,0,119.77,107.8,6.8,5.17
7459,1178,2024-11-05,Accessories,40.38,0.1,0,36.35,12.12,5.55,18.68
7460,1178,2024-11-17,Home,89.54,0.0,0,89.54,42.98,6.34,40.22
7461,1178,2024-12-11,Accessories,68.52,0.1,0,61.67,20.56,5.93,35.18
7462,1178,2024-12-08,Electronics,267.52,0.1,0,240.77,192.61,8.61,39.55
7463,1178,2025-06-28,Home,118.03,0.2,0,94.43,56.66,6.42,31.35
7464,1178,2025-06-16,Home,84.88,0.2,0,67.91,40.74,6.02,21.15
7465,1179,2024-07-25,Home,90.67,0.0,0,90.67,43.52,6.36,40.79
7466,1179,2024-08-20,Accessories,38.39,0.2,0,30.71,11.52,5.46,13.73
7467,1179,2024-09-12,Electronics,111.15,0.0,0,111.15,80.03,6.67,24.45
7468,1179,2024-10-04,Home,114.18,0.0,0,114.18,54.8,6.71,52.67
7469,1179,2024-11-07,Apparel,55.73,0.05,0,52.95,19.51,5.79,27.65
7470,1179,2024-11-05,Home,135.0,0.0,0,135.0,64.8,7.03,63.17
7471,1179,2024-12-24,Accessories,42.91,0.0,0,42.91,12.87,5.64,24.4
7472,1179,2025-05-16,Home,136.54,0.0,0,136.54,65.54,7.05,63.95
7473,1179,2025-06-07,Apparel,76.34,0.0,0,76.34,26.72,6.15,43.47
7474,1180,2024-06-28,Home,93.23,0.1,0,83.9,44.75,6.26,32.89
7475,1180,2024-07-25,Home,134.03,0.0,0,134.03,64.33,7.01,62.69
7476,1180,2024-07-08,Apparel,72.77,0.0,0,72.77,25.47,6.09,41.21
7477,1180,2024-08-11,Home,185.49,0.0,0,185.49,89.03,7.78,88.68
7478,1180,2024-09-14,Electronics,82.86,0.1,0,74.57,59.66,6.12,8.79
7479,1180,2024-09-03,Apparel,49.53,0.2,0,39.63,17.34,5.59,16.7
7480,1180,2024-10-28,Home,106.36,0.0,0,106.36,51.05,6.6,48.71
7481,1180,2024-11-11,Home,66.95,0.05,0,63.61,32.14,5.95,25.52
7482,1180,2024-11-07,Accessories,62.69,0.05,0,59.55,18.81,5.89,34.85
7483,1180,2024-12-03,Accessories,49.81,0.1,0,44.83,14.94,5.67,24.22
7484,1180,2025-03-24,Apparel,70.37,0.0,1,0.0,0.0,13.06,-13.06
7485,1180,2025-04-07,Electronics,210.34,0.0,0,210.34,151.44,8.16,50.74
7486,1180,2025-05-09,Electronics,98.29,0.2,0,78.63,70.77,6.18,1.68
7487,1181,2024-08-26,Apparel,53.3,0.05,0,50.64,18.66,5.76,26.22
7488,1181,2024-09-10,Home,123.86,0.2,0,99.09,59.45,6.49,33.15
7489,1181,2024-10-03,Apparel,62.53,0.0,0,62.53,21.89,5.94,34.7
7490,1181,2024-10-28,Electronics,211.49,0.0,0,211.49,152.27,8.17,51.05
7491,1181,2024-11-10,Electronics,101.3,0.2,0,81.04,72.94,6.22,1.88
7492,1181,2024-12-08,Electronics,199.37,0.1,0,179.44,143.55,7.69,28.2
7493,1181,2025-01-26,Apparel,47.93,0.0,0,47.93,16.78,5.72,25.43
7494,1181,2025-01-04,Home,139.16,0.05,0,132.2,66.8,6.98,58.42
7495,1181,2025-02-09,Electronics,196.2,0.1,0,176.58,141.26,7.65,27.67
7496,1181,2025-03-24,Electronics,342.04,0.0,1,0.0,0.0,17.13,-17.13
7497,1181,2025-03-22,Accessories,70.2,0.0,0,70.2,21.06,6.05,43.09
7498,1182,2024-09-22,Electronics,606.99,0.2,0,485.59,437.03,12.28,36.28
7499,1182,2025-03-19,Accessories,27.44,0.0,0,27.44,8.23,5.41,13.8
7500,1183,2024-01-10,Apparel,64.35,0.0,0,64.35,22.52,5.97,35.86
7501,1183,2024-06-07,Accessories,20.78,0.05,0,19.74,6.23,5.3,8.21
7502,1183,2024-07-04,Home,88.09,0.05,0,83.68,42.28,6.26,35.14
7503,1183,2024-07-04,Apparel,83.41,0.05,0,79.24,29.19,6.19,43.86
7504,1183,2024-10-09,Home,145.06,0.0,0,145.06,69.63,7.18,68.25
7505,1183,2024-12-06,Home,65.09,0.05,1,0.0,0.0,12.93,-12.93
7506,1183,2025-03-27,Apparel,65.97,0.0,1,0.0,0.0,12.99,-12.99
7507,1184,2024-02-18,Electronics,158.76,0.1,0,142.89,114.31,7.14,21.44
7508,1184,2024-02-20,Home,64.86,0.2,0,51.88,31.13,5.78,14.97
7509,1184,2024-03-14,Home,103.81,0.0,1,0.0,0.0,13.56,-13.56
7510,1184,2024-04-15,Apparel,41.51,0.1,0,37.36,14.53,5.56,17.27
7511,1185,2024-08-04,Accessories,46.62,0.0,0,46.62,13.99,5.7,26.93
7512,1185,2024-10-05,Electronics,340.23,0.1,0,306.21,244.96,9.59,51.66
7513,1185,2024-11-15,Home,116.66,0.2,0,93.33,56.0,6.4,30.93
7514,1185,2024-12-23,Electronics,206.8,0.2,0,165.44,148.89,7.48,9.07
7515,1185,2025-05-21,Home,102.86,0.1,0,92.57,49.37,6.39,36.81
7516,1185,2025-05-04,Apparel,107.67,0.1,0,96.9,37.68,6.45,52.77
7517,1185,2025-06-25,Apparel,31.12,0.0,0,31.12,10.89,5.47,14.76
7518,1186,2024-03-22,Electronics,131.39,0.05,0,124.82,94.6,6.87,23.35
7519,1186,2024-03-22,Accessories,29.32,0.2,0,23.46,8.8,5.35,9.31
7520,1186,2024-04-22,Accessories,17.6,0.0,0,17.6,5.28,5.26,7.06
7521,1186,2024-07-28,Accessories,35.39,0.0,0,35.39,10.62,5.53,19.24
7522,1186,2024-07-08,Home,197.23,0.0,0,197.23,94.67,7.96,94.6
7523,1186,2024-08-14,Accessories,27.49,0.05,0,26.12,8.25,5.39,12.48
7524,1186,2024-09-07,Home,162.76,0.05,0,154.62,78.12,7.32,69.18
7525,1186,2024-09-18,Apparel,39.84,0.0,0,39.84,13.94,5.6,20.3
7526,1186,2024-10-09,Electronics,212.78,0.1,0,191.51,153.2,7.87,30.44
7527,1186,2024-11-19,Electronics,105.72,0.1,0,95.14,76.12,6.43,12.59
7528,1186,2024-11-12,Apparel,56.08,0.2,1,0.0,0.0,12.67,-12.67
7529,1186,2024-12-25,Home,70.84,0.0,0,70.84,34.0,6.06,30.78
7530,1186,2025-01-03,Apparel,82.5,0.0,1,0.0,0.0,13.24,-13.24
7531,1186,2025-03-18,Home,107.3,0.1,0,96.57,51.5,6.45,38.62
7532,1186,2025-03-17,Electronics,184.1,0.2,0,147.28,132.56,7.21,7.51
7533,1186,2025-03-28,Home,68.78,0.05,0,65.34,33.01,5.98,26.35
7534,1186,2025-03-19,Electronics,176.85,0.2,1,0.0,0.0,14.12,-14.12
7535,1186,2025-04-03,Accessories,41.17,0.2,0,32.94,12.35,5.49,15.1
7536,1186,2025-04-20,Apparel,68.61,0.1,0,61.75,24.01,5.93,31.81
7537,1187,2024-01-21,Home,52.69,0.1,0,47.42,25.29,5.71,16.42
7538,1187,2024-02-16,Accessories,90.47,0.0,0,90.47,27.14,6.36,56.97
7539,1187,2024-04-08,Apparel,40.47,0.1,0,36.43,14.17,5.55,16.71
7540,1187,2024-04-13,Accessories,39.36,0.0,0,39.36,11.81,5.59,21.96
7541,1187,2024-05-17,Electronics,213.75,0.0,0,213.75,153.9,8.21,51.64
7542,1187,2024-07-05,Accessories,114.54,0.0,0,114.54,34.36,6.72,73.46
7543,1187,2024-07-15,Apparel,26.45,0.0,0,26.45,9.26,5.4,11.79
7544,1187,2025-03-18,Electronics,152.56,0.05,0,144.93,109.84,7.17,27.92
7545,1187,2025-04-15,Apparel,67.49,0.0,0,67.49,23.62,6.01,37.86
7546,1187,2025-05-06,Electronics,164.18,0.2,0,131.35,118.21,6.97,6.17
7547,1188,2024-10-20,Apparel,55.78,0.0,0,55.78,19.52,5.84,30.42
7548,1188,2024-11-28,Home,93.95,0.1,0,84.56,45.1,6.27,33.19
7549,1188,2024-11-28,Apparel,39.33,0.0,1,0.0,0.0,12.59,-12.59
7550,1188,2024-11-14,Apparel,48.64,0.05,0,46.21,17.02,5.69,23.5
7551,1188,2025-01-15,Electronics,231.23,0.0,1,0.0,0.0,15.47,-15.47
7552,1188,2025-01-28,Accessories,68.9,0.1,0,62.01,20.67,5.93,35.41
7553,1188,2025-02-18,Accessories,24.57,0.0,0,24.57,7.37,5.37,11.83
7554,1188,2025-03-02,Apparel,159.98,0.0,0,159.98,55.99,7.4,96.59
7555,1188,2025-04-28,Home,56.07,0.0,0,56.07,26.92,5.84,23.31
7556,1188,2025-06-08,Electronics,92.19,0.0,0,92.19,66.38,6.38,19.43
7557,1189,2024-07-05,Electronics,135.84,0.0,0,135.84,97.8,7.04,31.0
7558,1189,2024-07-13,Electronics,255.44,0.1,0,229.89,183.91,8.45,37.53
7559,1189,2024-07-07,Accessories,44.21,0.05,0,42.0,13.26,5.63,23.11
7560,1189,2025-06-26,Home,145.93,0.1,0,131.34,70.05,6.97,54.32
7561,1190,2024-09-27,Home,68.4,0.2,0,54.72,32.83,5.82,16.07
7562,1190,2024-10-10,Electronics,370.58,0.0,0,370.58,266.82,10.56,93.2
7563,1190,2024-11-21,Accessories,55.84,0.05,0,53.05,16.75,5.8,30.5
7564,1190,2024-12-07,Apparel,83.92,0.0,0,83.92,29.37,6.26,48.29
7565,1190,2025-02-24,Electronics,276.25,0.1,0,248.62,198.9,8.73,40.99
7566,1190,2025-04-24,Home,67.01,0.05,0,63.66,32.16,5.95,25.55
7567,1190,2025-04-21,Home,81.1,0.0,0,81.1,38.93,6.22,35.95
7568,1191,2024-06-17,Accessories,37.95,0.05,0,36.05,11.39,5.54,19.12
7569,1191,2024-08-07,Apparel,54.81,0.0,0,54.81,19.18,5.82,29.81
7570,1191,2024-08-19,Accessories,43.72,0.0,1,0.0,0.0,12.66,-12.66
7571,1191,2025-03-10,Accessories,82.06,0.05,0,77.96,24.62,6.17,47.17
7572,1191,2025-06-23,Apparel,53.28,0.0,0,53.28,18.65,5.8,28.83
7573,1191,2025-06-16,Electronics,251.41,0.0,0,251.41,181.01,8.77,61.63
7574,1192,2024-03-05,Accessories,38.22,0.0,0,38.22,11.47,5.57,21.18
7575,1192,2024-03-16,Home,64.84,0.2,1,0.0,0.0,12.78,-12.78
7576,1192,2024-05-08,Accessories,59.52,0.1,0,53.57,17.86,5.8,29.91
7577,1192,2024-06-27,Apparel,67.81,0.0,0,67.81,23.74,6.02,38.05
7578,1192,2024-07-17,Home,95.0,0.0,0,95.0,45.6,6.42,42.98
7579,1192,2024-08-25,Electronics,155.31,0.1,0,139.78,111.83,7.1,20.85
7580,1192,2024-08-19,Apparel,49.29,0.1,0,44.36,17.25,5.67,21.44
7581,1192,2024-09-16,Home,85.25,0.05,0,80.99,40.92,6.21,33.86
7582,1192,2024-09-07,Apparel,60.6,0.1,0,54.54,21.21,5.82,27.51
7583,1192,2024-10-24,Apparel,66.14,0.1,0,59.53,23.15,5.89,30.49
7584,1193,2024-06-12,Accessories,52.32,0.1,0,47.09,15.7,5.71,25.68
7585,1193,2024-08-16,Electronics,169.67,0.1,0,152.71,122.17,7.29,23.25
7586,1193,2024-08-01,Electronics,167.26,0.1,0,150.53,120.43,7.26,22.84
7587,1193,2025-06-17,Home,100.46,0.05,0,95.43,48.22,6.43,40.78
7588,1194,2024-03-09,Accessories,53.11,0.05,0,50.46,15.93,5.76,28.77
7589,1194,2024-06-17,Accessories,48.26,0.05,0,45.84,14.48,5.69,25.67
7590,1194,2024-10-01,Home,121.89,0.2,0,97.51,58.51,6.46,32.54
7591,1194,2024-10-11,Accessories,70.41,0.0,0,70.41,21.12,6.06,43.23
7592,1194,2025-05-09,Apparel,68.51,0.0,0,68.51,23.98,6.03,38.5
7593,1195,2024-09-14,Apparel,73.12,0.2,0,58.5,25.59,5.88,27.03
7594,1195,2024-11-26,Apparel,85.32,0.1,0,76.79,29.86,6.15,40.78
7595,1195,2024-12-05,Accessories,47.94,0.05,0,45.54,14.38,5.68,25.48
7596,1195,2025-05-26,Accessories,49.9,0.1,0,44.91,14.97,5.67,24.27
7597,1195,2025-06-04,Accessories,25.69,0.0,0,25.69,7.71,5.39,12.59
7598,1196,2024-10-15,Accessories,47.03,0.0,1,0.0,0.0,12.71,-12.71
7599,1196,2024-12-10,Apparel,45.12,0.1,0,40.61,15.79,5.61,19.21
7600,1196,2025-02-09,Apparel,60.6,0.0,0,60.6,21.21,5.91,33.48
7601,1196,2025-02-10,Electronics,189.15,0.0,1,0.0,0.0,14.84,-14.84
7602,1197,2024-04-15,Apparel,53.42,0.0,0,53.42,18.7,5.8,28.92
7603,1197,2024-05-12,Apparel,31.67,0.2,0,25.33,11.08,5.38,8.87
7604,1197,2024-06-24,Home,66.59,0.05,0,63.26,31.96,5.95,25.35
7605,1197,2024-06-06,Electronics,189.35,0.1,0,170.42,136.33,7.56,26.53
7606,1197,2024-06-07,Electronics,141.45,0.05,0,134.38,101.84,7.02,25.52
7607,1197,2024-07-14,Apparel,71.76,0.1,0,64.59,25.12,5.97,33.5
7608,1197,2024-08-19,Electronics,293.79,0.1,0,264.41,211.53,8.97,43.91
7609,1197,2024-11-19,Electronics,261.69,0.0,0,261.69,188.42,8.93,64.34
7610,1197,2025-01-09,Apparel,57.75,0.05,0,54.86,20.21,5.82,28.83
7611,1197,2025-04-22,Accessories,68.6,0.1,0,61.74,20.58,5.93,35.23
7612,1197,2025-04-02,Home,70.58,0.2,0,56.46,33.88,5.85,16.73
7613,1198,2024-03-22,Apparel,48.47,0.05,0,46.04,16.96,5.69,23.39
7614,1198,2024-04-25,Accessories,38.92,0.05,0,36.97,11.68,5.55,19.74
7615,1198,2024-04-16,Apparel,48.15,0.1,1,0.0,0.0,12.65,-12.65
7616,1198,2024-05-03,Apparel,79.33,0.0,0,79.33,27.77,6.19,45.37
7617,1198,2024-05-13,Home,133.84,0.05,0,127.14,64.24,6.91,55.99
7618,1198,2024-06-16,Home,110.69,0.1,0,99.62,53.13,6.49,40.0
7619,1198,2024-07-09,Electronics,375.04,0.0,0,375.04,270.03,10.63,94.38
7620,1198,2024-08-10,Home,128.77,0.1,0,115.9,61.81,6.74,47.35
7621,1198,2024-09-18,Home,65.4,0.2,0,52.32,31.39,5.78,15.15
7622,1198,2024-11-21,Apparel,60.28,0.05,0,57.27,21.1,5.86,30.31
7623,1198,2024-11-17,Accessories,32.12,0.05,0,30.51,9.64,5.46,15.41
7624,1198,2025-01-24,Accessories,46.86,0.0,0,46.86,14.06,5.7,27.1
7625,1198,2025-01-03,Electronics,168.57,0.2,0,134.85,121.37,7.02,6.46
7626,1198,2025-05-13,Accessories,33.88,0.0,0,33.88,10.17,5.51,18.2
7627,1199,2024-07-09,Accessories,47.51,0.0,0,47.51,14.25,5.71,27.55
7628,1199,2025-04-25,Accessories,31.53,0.1,0,28.38,9.46,5.43,13.49
7629,1200,2024-09-04,Home,74.65,0.1,0,67.18,35.83,6.01,25.34
7630,1200,2024-09-24,Home,110.99,0.2,0,88.79,53.27,6.33,29.19
7631,1200,2024-11-07,Electronics,318.27,0.0,0,318.27,229.15,9.77,79.35
7632,1200,2025-01-26,Home,87.83,0.0,0,87.83,42.16,6.32,39.35
7633,1201,2024-02-12,Home,157.2,0.0,0,157.2,75.46,7.36,74.38
7634,1201,2024-08-21,Electronics,138.6,0.05,0,131.67,99.79,6.98,24.9
7635,1201,2024-10-03,Home,50.46,0.05,0,47.93,24.22,5.72,17.99
7636,1201,2025-01-01,Apparel,29.1,0.05,0,27.64,10.18,5.41,12.05
7637,1201,2025-03-20,Accessories,33.35,0.1,0,30.01,10.0,5.45,14.56
7638,1202,2024-08-08,Home,79.62,0.0,0,79.62,38.22,6.19,35.21
7639,1202,2024-09-15,Home,120.97,0.05,0,114.92,58.07,6.72,50.13
7640,1202,2024-09-04,Electronics,146.11,0.0,0,146.11,105.2,7.19,33.72
7641,1202,2024-10-09,Apparel,63.31,0.0,0,63.31,22.16,5.95,35.2
7642,1202,2024-11-03,Accessories,14.55,0.1,0,13.09,4.36,5.2,3.53
7643,1202,2024-12-03,Home,82.63,0.05,0,78.49,39.66,6.18,32.65
7644,1202,2025-01-24,Accessories,59.94,0.0,0,59.94,17.98,5.9,36.06
7645,1202,2025-02-27,Accessories,70.89,0.0,0,70.89,21.27,6.06,43.56
7646,1202,2025-04-25,Home,54.48,0.0,0,54.48,26.15,5.82,22.51
7647,1202,2025-06-03,Electronics,110.07,0.05,0,104.57,79.25,6.57,18.75
7648,1203,2024-04-09,Apparel,66.03,0.05,0,62.73,23.11,5.94,33.68
7649,1203,2024-04-01,Home,66.72,0.05,0,63.39,32.03,5.95,25.41
7650,1203,2024-07-02,Accessories,100.6,0.2,0,80.48,30.18,6.21,44.09
7651,1203,2024-07-07,Home,47.31,0.0,0,47.31,22.71,5.71,18.89
7652,1203,2024-08-10,Accessories,54.31,0.0,0,54.31,16.29,5.81,32.21
7653,1203,2025-01-28,Accessories,35.2,0.1,0,31.68,10.56,5.48,15.64
7654,1204,2024-10-21,Electronics,207.79,0.1,0,187.01,149.61,7.81,29.59
7655,1204,2024-11-09,Home,63.56,0.1,0,57.2,30.51,5.86,20.83
7656,1204,2024-11-03,Apparel,32.14,0.2,0,25.71,11.25,5.39,9.07
7657,1204,2025-05-25,Electronics,302.78,0.0,0,302.78,218.0,9.54,75.24
7658,1205,2024-06-21,Accessories,34.9,0.1,0,31.41,10.47,5.47,15.47
7659,1205,2024-06-14,Electronics,205.44,0.0,0,205.44,147.92,8.08,49.44
7660,1205,2024-09-13,Accessories,22.26,0.05,0,21.14,6.68,5.32,9.14
7661,1206,2024-08-22,Electronics,267.38,0.05,0,254.01,192.51,8.81,52.69
7662,1206,2024-09-13,Home,94.21,0.0,0,94.21,45.22,6.41,42.58
7663,1206,2024-12-26,Apparel,132.39,0.1,0,119.15,46.34,6.79,66.02
7664,1206,2025-02-09,Electronics,517.95,0.1,0,466.16,372.93,11.99,81.24
7665,1206,2025-03-22,Accessories,62.91,0.05,0,59.76,18.87,5.9,34.99
7666,1206,2025-04-16,Electronics,144.23,0.05,0,137.02,103.85,7.06,26.11
7667,1206,2025-05-02,Accessories,32.59,0.0,0,32.59,9.78,5.49,17.32
7668,1206,2025-05-25,Electronics,387.51,0.1,0,348.76,279.01,10.23,59.52
7669,1206,2025-06-26,Electronics,110.25,0.0,0,110.25,79.38,6.65,24.22
7670,1207,2024-04-08,Home,137.03,0.05,0,130.18,65.78,6.95,57.45
7671,1207,2024-04-23,Apparel,22.49,0.0,0,22.49,7.87,5.34,9.28
7672,1207,2024-05-25,Home,58.69,0.05,0,55.76,28.17,5.84,21.75
7673,1207,2024-08-27,Electronics,152.2,0.0,0,152.2,109.58,7.28,35.34
7674,1208,2024-10-18,Home,144.21,0.2,0,115.37,69.22,6.73,39.42
7675,1208,2024-11-15,Apparel,35.43,0.0,0,35.43,12.4,5.53,17.5
7676,1208,2024-12-02,Accessories,23.74,0.1,0,21.37,7.12,5.32,8.93
7677,1208,2025-01-01,Home,86.1,0.05,0,81.8,41.33,6.23,34.24
7678,1208,2025-04-26,Home,76.12,0.2,0,60.9,36.54,5.91,18.45
7679,1209,2024-06-09,Accessories,44.98,0.1,0,40.48,13.49,5.61,21.38
7680,1209,2024-07-25,Electronics,141.64,0.0,1,0.0,0.0,14.12,-14.12
7681,1209,2024-09-24,Home,97.96,0.1,0,88.16,47.02,6.32,34.82
7682,1209,2024-09-24,Accessories,23.08,0.1,0,20.78,6.93,5.31,8.54
7683,1209,2024-10-03,Electronics,154.07,0.0,0,154.07,110.93,7.31,35.83
7684,1209,2024-11-11,Accessories,57.44,0.05,0,54.57,17.23,5.82,31.52
7685,1209,2025-01-24,Home,153.77,0.1,0,138.4,73.81,7.08,57.51
7686,1209,2025-02-28,Apparel,50.73,0.1,0,45.66,17.75,5.68,22.23
7687,1209,2025-04-28,Accessories,45.46,0.0,0,45.46,13.64,5.68,26.14
7688,1209,2025-06-12,Home,95.71,0.05,0,90.93,45.94,6.36,38.63
7689,1210,2024-05-24,Home,80.37,0.0,0,80.37,38.58,6.21,35.58
7690,1210,2024-06-03,Accessories,62.58,0.05,0,59.45,18.77,5.89,34.79
7691,1210,2024-06-12,Accessories,29.17,0.05,0,27.71,8.75,5.42,13.54
7692,1210,2024-08-07,Home,115.05,0.1,0,103.55,55.23,6.55,41.77
7693,1210,2024-08-26,Accessories,28.05,0.0,0,28.05,8.41,5.42,14.22
7694,1210,2024-09-13,Accessories,31.84,0.1,0,28.66,9.55,5.43,13.68
7695,1210,2024-10-11,Accessories,35.4,0.05,0,33.63,10.62,5.5,17.51
7696,1210,2025-05-27,Home,59.34,0.1,0,53.4,28.48,5.8,19.12
7697,1210,2025-06-26,Accessories,37.3,0.0,0,37.3,11.19,5.56,20.55
7698,1211,2024-12-18,Accessories,63.93,0.0,0,63.93,19.18,5.96,38.79
7699,1212,2024-02-24,Apparel,115.47,0.1,1,0.0,0.0,13.56,-13.56
7700,1212,2025-04-28,Apparel,60.77,0.1,0,54.69,21.27,5.82,27.6
7701,1213,2025-06-12,Home,76.94,0.0,0,76.94,36.93,6.15,33.86
7702,1214,2024-01-16,Home,109.2,0.0,0,109.2,52.42,6.64,50.14
7703,1214,2024-01-03,Home,60.56,0.2,0,48.45,29.07,5.73,13.65
7704,1215,2024-10-14,Home,100.44,0.05,0,95.42,48.21,6.43,40.78
7705,1215,2025-01-14,Accessories,33.26,0.05,0,31.6,9.98,5.47,16.15
7706,1215,2025-02-22,Accessories,71.56,0.0,0,71.56,21.47,6.07,44.02
7707,1215,2025-02-28,Apparel,77.44,0.1,0,69.7,27.1,6.05,36.55
7708,1215,2025-03-13,Electronics,216.52,0.0,0,216.52,155.89,8.25,52.38
7709,1215,2025-04-17,Home,76.19,0.0,0,76.19,36.57,6.14,33.48
7710,1215,2025-05-18,Apparel,81.61,0.0,1,0.0,0.0,13.22,-13.22
7711,1216,2024-09-17,Electronics,257.64,0.0,0,257.64,185.5,8.86,63.28
7712,1216,2024-09-19,Home,59.43,0.1,0,53.49,28.53,5.8,19.16
7713,1216,2024-11-05,Home,60.44,0.05,0,57.42,29.01,5.86,22.55
7714,1216,2024-11-04,Electronics,139.62,0.2,0,111.7,100.53,6.68,4.49
7715,1216,2024-11-11,Apparel,88.18,0.0,0,88.18,30.86,6.32,51.0
7716,1216,2025-04-19,Accessories,36.96,0.0,0,36.96,11.09,5.55,20.32
7717,1216,2025-05-24,Apparel,47.68,0.0,0,47.68,16.69,5.72,25.27
7718,1216,2025-06-01,Electronics,210.93,0.2,0,168.74,151.87,7.53,9.34
7719,1217,2024-09-19,Home,81.64,0.2,0,65.31,39.19,5.98,20.14
7720,1217,2024-09-25,Accessories,36.52,0.2,0,29.21,10.95,5.44,12.82
7721,1217,2024-10-14,Accessories,40.1,0.1,0,36.09,12.03,5.54,18.52
7722,1217,2025-02-24,Electronics,225.8,0.2,1,0.0,0.0,14.71,-14.71
7723,1217,2025-03-22,Electronics,147.21,0.05,0,139.85,105.99,7.1,26.76
7724,1217,2025-03-11,Electronics,357.07,0.1,0,321.36,257.09,9.82,54.45
7725,1218,2024-01-05,Electronics,244.06,0.1,0,219.65,175.72,8.29,35.64
7726,1218,2024-03-14,Electronics,316.11,0.1,0,284.5,227.6,9.27,47.63
7727,1218,2024-11-19,Electronics,168.44,0.0,0,168.44,121.28,7.53,39.63
7728,1219,2024-03-18,Accessories,91.83,0.0,0,91.83,27.55,6.38,57.9
7729,1219,2024-03-22,Accessories,66.51,0.0,0,66.51,19.95,6.0,40.56
7730,1219,2024-06-28,Electronics,185.23,0.05,1,0.0,0.0,14.64,-14.64
7731,1220,2024-10-16,Electronics,316.14,0.05,0,300.33,227.62,9.51,63.2
7732,1220,2025-03-10,Electronics,168.72,0.0,0,168.72,121.48,7.53,39.71
7733,1220,2025-04-16,Apparel,28.88,0.05,0,27.43,10.11,5.41,11.91
7734,1220,2025-05-01,Accessories,61.43,0.05,0,58.36,18.43,5.88,34.05
7735,1220,2025-06-04,Electronics,185.69,0.2,0,148.55,133.7,7.23,7.62
7736,1221,2024-09-26,Electronics,151.22,0.0,0,151.22,108.88,7.27,35.07
7737,1221,2025-01-10,Apparel,88.82,0.1,1,0.0,0.0,13.2,-13.2
7738,1221,2025-02-09,Electronics,150.89,0.1,0,135.8,108.64,7.04,20.12
7739,1221,2025-02-01,Accessories,53.02,0.1,0,47.72,15.91,5.72,26.09
7740,1221,2025-04-10,Electronics,154.43,0.0,0,154.43,111.19,7.32,35.92
7741,1221,2025-05-15,Electronics,203.55,0.2,0,162.84,146.56,7.44,8.84
7742,1221,2025-06-16,Electronics,205.17,0.2,0,164.14,147.72,7.46,8.96
7743,1222,2024-12-10,Electronics,185.04,0.0,1,0.0,0.0,14.78,-14.78
7744,1222,2025-03-19,Accessories,32.6,0.2,0,26.08,9.78,5.39,10.91
7745,1222,2025-04-24,Apparel,66.34,0.2,0,53.08,23.22,5.8,24.06
7746,1222,2025-04-02,Apparel,32.35,0.0,0,32.35,11.32,5.49,15.54
7747,1222,2025-06-15,Electronics,174.71,0.05,0,165.97,125.79,7.49,32.69
7748,1222,2025-06-23,Home,93.94,0.05,0,89.24,45.09,6.34,37.81
7749,1223,2024-08-07,Home,110.31,0.0,1,0.0,0.0,13.65,-13.65
7750,1223,2024-12-26,Apparel,62.76,0.0,0,62.76,21.97,5.94,34.85
7751,1223,2025-01-28,Apparel,91.36,0.0,0,91.36,31.97,6.37,53.02
7752,1223,2025-02-24,Electronics,193.96,0.1,0,174.57,139.65,7.62,27.3
7753,1224,2024-05-26,Apparel,53.8,0.1,0,48.42,18.83,5.73,23.86
7754,1224,2024-05-07,Home,91.42,0.0,0,91.42,43.88,6.37,41.17
7755,1224,2025-04-03,Apparel,73.82,0.05,0,70.13,25.84,6.05,38.24
7756,1225,2024-05-13,Electronics,309.3,0.1,0,278.37,222.7,9.18,46.49
7757,1225,2024-06-22,Electronics,248.89,0.1,0,224.0,179.2,8.36,36.44
7758,1225,2024-06-05,Electronics,334.05,0.05,0,317.35,240.52,9.76,67.07
7759,1225,2025-02-20,Accessories,52.85,0.2,0,42.28,15.86,5.63,20.79
7760,1225,2025-02-28,Accessories,77.69,0.0,0,77.69,23.31,6.17,48.21
7761,1226,2024-06-01,Electronics,197.04,0.2,0,157.64,141.87,7.36,8.41
7762,1226,2024-07-16,Accessories,36.71,0.0,0,36.71,11.01,5.55,20.15
7763,1226,2024-11-13,Home,52.38,0.0,0,52.38,25.14,5.79,21.45
7764,1226,2024-11-13,Home,72.68,0.0,0,72.68,34.89,6.09,31.7
7765,1226,2025-01-19,Home,64.72,0.0,0,64.72,31.06,5.97,27.69
7766,1226,2025-01-15,Electronics,175.55,0.1,0,158.0,126.4,7.37,24.23
7767,1226,2025-04-25,Electronics,165.1,0.0,0,165.1,118.87,7.48,38.75
7768,1227,2024-04-05,Accessories,34.62,0.05,0,32.89,10.39,5.49,17.01
7769,1227,2024-10-04,Electronics,240.67,0.0,0,240.67,173.28,8.61,58.78
7770,1227,2025-02-11,Apparel,40.63,0.1,0,36.57,14.22,5.55,16.8
7771,1227,2025-02-01,Home,122.52,0.0,0,122.52,58.81,6.84,56.87
7772,1228,2024-05-17,Apparel,64.25,0.1,1,0.0,0.0,12.87,-12.87
7773,1228,2024-09-14,Apparel,116.58,0.05,0,110.75,40.8,6.66,63.29
7774,1228,2025-01-02,Apparel,79.98,0.1,0,71.98,27.99,6.08,37.91
7775,1228,2025-02-26,Apparel,88.3,0.0,0,88.3,30.91,6.32,51.07
7776,1228,2025-03-24,Electronics,164.89,0.0,1,0.0,0.0,14.47,-14.47
7777,1228,2025-03-11,Accessories,45.5,0.2,0,36.4,13.65,5.55,17.2
7778,1228,2025-04-02,Electronics,226.05,0.1,1,0.0,0.0,15.05,-15.05
7779,1228,2025-05-28,Apparel,60.6,0.1,0,54.54,21.21,5.82,27.51
7780,1228,2025-06-28,Apparel,44.19,0.05,0,41.98,15.47,5.63,20.88
7781,1229,2024-02-06,Home,29.35,0.0,0,29.35,14.09,5.44,9.82
7782,1230,2024-02-28,Apparel,77.61,0.05,0,73.73,27.16,6.11,40.46
7783,1230,2024-06-05,Home,108.31,0.0,0,108.31,51.99,6.62,49.7
7784,1230,2024-06-11,Electronics,184.17,0.1,0,165.75,132.6,7.49,25.66
7785,1230,2024-08-22,Home,128.33,0.0,0,128.33,61.6,6.92,59.81
7786,1230,2024-09-24,Home,82.7,0.05,0,78.56,39.7,6.18,32.68
7787,1230,2024-10-24,Apparel,38.39,0.0,0,38.39,13.44,5.58,19.37
7788,1230,2025-02-02,Electronics,360.91,0.0,0,360.91,259.86,10.41,90.64
7789,1230,2025-04-07,Electronics,320.18,0.0,0,320.18,230.53,9.8,79.85
7790,1231,2024-06-15,Apparel,51.1,0.0,1,0.0,0.0,12.77,-12.77
7791,1231,2024-06-27,Accessories,57.15,0.1,0,51.44,17.15,5.77,28.52
7792,1231,2024-07-25,Accessories,33.53,0.0,0,33.53,10.06,5.5,17.97
7793,1231,2024-10-11,Accessories,50.9,0.0,0,50.9,15.27,5.76,29.87
7794,1231,2025-01-21,Apparel,82.48,0.1,0,74.23,28.87,6.11,39.25
7795,1231,2025-01-13,Home,104.77,0.2,0,83.82,50.29,6.26,27.27
7796,1231,2025-01-10,Electronics,158.86,0.1,0,142.98,114.38,7.14,21.46
7797,1231,2025-03-05,Home,61.36,0.0,0,61.36,29.45,5.92,25.99
7798,1231,2025-06-09,Electronics,427.15,0.1,0,384.43,307.55,10.77,66.11
7799,1232,2024-09-08,Accessories,62.4,0.05,0,59.28,18.72,5.89,34.67
7800,1232,2025-03-06,Apparel,25.79,0.0,0,25.79,9.03,5.39,11.37
7801,1232,2025-05-08,Home,60.8,0.0,0,60.8,29.19,5.91,25.7
7802,1233,2024-07-26,Electronics,247.08,0.0,0,247.08,177.9,8.71,60.47
7803,1233,2024-08-17,Accessories,60.42,0.1,0,54.38,18.13,5.82,30.43
7804,1233,2024-10-11,Electronics,117.27,0.1,0,105.54,84.43,6.58,14.53
7805,1233,2024-12-08,Electronics,104.87,0.1,0,94.38,75.51,6.42,12.45
7806,1233,2025-03-06,Accessories,54.72,0.05,0,51.98,16.42,5.78,29.78
7807,1233,2025-04-20,Apparel,32.22,0.2,0,25.78,11.28,5.39,9.11
7808,1233,2025-04-14,Home,96.77,0.2,0,77.42,46.45,6.16,24.81
7809,1234,2024-07-23,Apparel,55.21,0.05,0,52.45,19.32,5.79,27.34
7810,1234,2024-07-13,Home,58.95,0.2,0,47.16,28.3,5.71,13.15
7811,1234,2024-11-12,Accessories,25.42,0.05,0,24.15,7.63,5.36,11.16
7812,1234,2024-12-04,Apparel,87.71,0.0,0,87.71,30.7,6.32,50.69
7813,1234,2024-12-28,Accessories,41.11,0.0,0,41.11,12.33,5.62,23.16
7814,1234,2025-03-03,Accessories,37.73,0.1,0,33.96,11.32,5.51,17.13
7815,1234,2025-03-01,Home,172.63,0.0,0,172.63,82.86,7.59,82.18
7816,1234,2025-03-03,Apparel,44.67,0.0,0,44.67,15.63,5.67,23.37
7817,1235,2024-02-13,Home,157.34,0.0,0,157.34,75.52,7.36,74.46
7818,1235,2024-03-26,Home,92.73,0.0,0,92.73,44.51,6.39,41.83
7819,1236,2024-07-24,Home,119.49,0.0,0,119.49,57.36,6.79,55.34
7820,1236,2024-08-13,Accessories,33.15,0.0,0,33.15,9.95,5.5,17.7
7821,1236,2025-03-09,Home,159.79,0.0,0,159.79,76.7,7.4,75.69
7822,1237,2024-04-04,Home,81.29,0.2,1,0.0,0.0,12.98,-12.98
7823,1237,2024-04-18,Apparel,68.84,0.0,0,68.84,24.09,6.03,38.72
7824,1237,2024-05-25,Electronics,158.24,0.2,0,126.59,113.93,6.9,5.76
7825,1237,2025-02-27,Home,63.47,0.0,0,63.47,30.47,5.95,27.05
7826,1237,2025-04-13,Apparel,51.23,0.0,0,51.23,17.93,5.77,27.53
7827,1238,2024-03-06,Electronics,142.85,0.05,0,135.71,102.86,7.04,25.81
7828,1239,2024-05-21,Home,120.16,0.0,0,120.16,57.68,6.8,55.68
7829,1239,2024-08-01,Home,70.25,0.2,0,56.2,33.72,5.84,16.64
7830,1239,2024-10-07,Electronics,203.81,0.0,0,203.81,146.74,8.06,49.01
7831,1239,2024-12-02,Accessories,58.79,0.0,0,58.79,17.64,5.88,35.27
7832,1239,2024-12-04,Home,78.17,0.1,0,70.35,37.52,6.06,26.77
7833,1239,2025-01-13,Accessories,57.51,0.0,0,57.51,17.25,5.86,34.4
7834,1239,2025-02-11,Home,79.43,0.05,0,75.46,38.12,6.13,31.21
7835,1239,2025-04-14,Accessories,76.55,0.1,0,68.9,22.97,6.03,39.9
7836,1240,2024-08-18,Electronics,288.27,0.1,0,259.44,207.55,8.89,43.0
7837,1240,2024-12-08,Home,90.5,0.0,0,90.5,43.44,6.36,40.7
7838,1241,2024-04-17,Accessories,49.76,0.2,0,39.81,14.93,5.6,19.28
7839,1241,2024-05-25,Apparel,62.17,0.05,0,59.06,21.76,5.89,31.41
7840,1241,2024-05-04,Accessories,60.8,0.2,0,48.64,18.24,5.73,24.67
7841,1241,2024-07-28,Electronics,228.67,0.05,0,217.24,164.64,8.26,44.34
7842,1241,2024-08-20,Accessories,50.02,0.2,0,40.01,15.01,5.6,19.4
7843,1241,2024-10-03,Accessories,28.2,0.1,0,25.38,8.46,5.38,11.54
7844,1241,2024-12-28,Electronics,301.25,0.1,0,271.13,216.9,9.07,45.16
7845,1241,2024-12-21,Accessories,31.28,0.1,1,0.0,0.0,12.42,-12.42
7846,1241,2025-04-04,Home,121.45,0.0,0,121.45,58.29,6.82,56.34
7847,1241,2025-04-19,Apparel,33.15,0.2,0,26.52,11.6,5.4,9.52
7848,1241,2025-05-19,Accessories,33.96,0.0,0,33.96,10.19,5.51,18.26
7849,1242,2024-05-17,Home,50.12,0.0,0,50.12,24.06,5.75,20.31
7850,1242,2024-05-23,Electronics,109.41,0.05,0,103.94,78.78,6.56,18.6
7851,1242,2024-05-07,Electronics,186.16,0.1,0,167.55,134.04,7.51,26.0
7852,1242,2024-06-13,Apparel,50.0,0.2,0,40.0,17.5,5.6,16.9
7853,1242,2024-08-19,Electronics,112.4,0.1,0,101.16,80.93,6.52,13.71
7854,1242,2024-11-19,Apparel,124.37,0.2,0,99.5,43.53,6.49,49.48
7855,1242,2025-04-11,Apparel,53.32,0.1,0,47.99,18.66,5.72,23.61
7856,1242,2025-04-05,Accessories,106.86,0.1,0,96.17,32.06,6.44,57.67
7857,1242,2025-04-27,Home,56.58,0.05,0,53.75,27.16,5.81,20.78
7858,1243,2024-05-26,Apparel,34.09,0.1,0,30.68,11.93,5.46,13.29
7859,1243,2024-10-22,Apparel,64.31,0.05,1,0.0,0.0,12.92,-12.92
7860,1243,2024-11-04,Apparel,69.52,0.1,0,62.57,24.33,5.94,32.3
7861,1244,2024-09-08,Home,78.46,0.1,0,70.62,37.66,6.06,26.9
7862,1244,2024-10-12,Electronics,182.76,0.1,0,164.48,131.58,7.47,25.43
7863,1244,2024-10-15,Electronics,190.96,0.2,0,152.77,137.49,7.29,7.99
7864,1244,2024-12-22,Apparel,53.58,0.05,0,50.9,18.75,5.76,26.39
7865,1244,2025-01-21,Home,159.56,0.1,0,143.6,76.59,7.15,59.86
7866,1244,2025-03-18,Accessories,110.32,0.05,0,104.81,33.1,6.57,65.14
7867,1244,2025-03-24,Apparel,106.15,0.1,1,0.0,0.0,13.43,-13.43
7868,1245,2024-01-18,Accessories,32.05,0.05,0,30.45,9.62,5.46,15.37
7869,1245,2024-08-17,Accessories,46.56,0.05,0,44.23,13.97,5.66,24.6
7870,1245,2024-12-22,Electronics,227.42,0.2,1,0.0,0.0,14.73,-14.73
7871,1245,2025-06-04,Accessories,35.68,0.0,0,35.68,10.7,5.54,19.44
7872,1245,2025-06-13,Accessories,31.45,0.0,0,31.45,9.43,5.47,16.55
7873,1246,2024-10-21,Accessories,22.7,0.05,0,21.56,6.81,5.32,9.43
7874,1246,2024-10-14,Electronics,267.95,0.1,0,241.15,192.92,8.62,39.61
7875,1246,2025-01-28,Accessories,30.41,0.1,0,27.37,9.12,5.41,12.84
7876,1246,2025-02-18,Accessories,42.65,0.2,0,34.12,12.8,5.51,15.81
7877,1246,2025-02-27,Electronics,132.57,0.0,0,132.57,95.45,6.99,30.13
7878,1246,2025-03-26,Accessories,51.88,0.2,0,41.5,15.56,5.62,20.32
7879,1246,2025-04-15,Accessories,94.17,0.2,0,75.34,28.25,6.13,40.96
7880,1246,2025-05-26,Home,35.06,0.05,0,33.3,16.83,5.5,10.97
7881,1246,2025-06-26,Apparel,61.06,0.0,0,61.06,21.37,5.92,33.77
7882,1247,2024-09-24,Apparel,179.25,0.05,0,170.29,62.74,7.55,100.0
7883,1247,2024-12-04,Electronics,233.18,0.05,0,221.53,167.89,8.32,45.32
7884,1247,2025-01-11,Electronics,191.75,0.0,0,191.75,138.06,7.88,45.81
7885,1247,2025-01-25,Accessories,27.01,0.0,0,27.01,8.1,5.41,13.5
7886,1247,2025-04-13,Home,156.3,0.0,0,156.3,75.02,7.34,73.94
7887,1247,2025-06-09,Electronics,270.76,0.1,1,0.0,0.0,15.66,-15.66
7888,1248,2024-06-13,Accessories,71.73,0.1,0,64.56,21.52,5.97,37.07
7889,1248,2024-06-21,Home,66.47,0.05,0,63.15,31.91,5.95,25.29
7890,1248,2024-09-23,Accessories,65.12,0.0,0,65.12,19.54,5.98,39.6
7891,1248,2024-09-24,Home,87.6,0.05,0,83.22,42.05,6.25,34.92
7892,1248,2024-11-17,Home,103.81,0.2,0,83.04,49.83,6.25,26.96
7893,1248,2024-11-10,Home,37.54,0.0,0,37.54,18.02,5.56,13.96
7894,1248,2024-12-24,Electronics,194.69,0.1,0,175.22,140.17,7.63,27.42
7895,1249,2024-01-01,Apparel,38.66,0.0,0,38.66,13.53,5.58,19.55
7896,1249,2024-06-19,Accessories,54.01,0.0,0,54.01,16.2,5.81,32.0
7897,1249,2024-12-25,Electronics,172.5,0.1,0,155.25,124.2,7.33,23.72
7898,1249,2025-04-27,Accessories,42.0,0.1,0,37.8,12.6,5.57,19.63
7899,1249,2025-05-06,Home,55.52,0.05,0,52.75,26.65,5.79,20.31
7900,1250,2024-02-25,Electronics,124.35,0.05,1,0.0,0.0,13.77,-13.77
7901,1250,2024-03-23,Home,129.92,0.05,0,123.42,62.36,6.85,54.21
7902,1250,2024-03-22,Home,71.61,0.0,0,71.61,34.37,6.07,31.17
7903,1250,2024-03-12,Apparel,62.83,0.05,0,59.69,21.99,5.9,31.8
7904,1250,2024-04-28,Home,67.4,0.0,0,67.4,32.35,6.01,29.04
7905,1250,2024-05-28,Electronics,201.22,0.0,0,201.22,144.88,8.02,48.32
7906,1250,2024-09-18,Apparel,82.74,0.2,0,66.19,28.96,5.99,31.24
7907,1250,2025-02-18,Apparel,103.88,0.1,0,93.49,36.36,6.4,50.73
7908,1250,2025-02-11,Electronics,165.23,0.1,0,148.7,118.96,7.23,22.51
7909,1251,2024-02-15,Electronics,230.79,0.2,0,184.63,166.17,7.77,10.69
7910,1251,2024-06-21,Accessories,72.73,0.0,0,72.73,21.82,6.09,44.82
7911,1252,2024-10-27,Accessories,30.96,0.1,0,27.86,9.29,5.42,13.15
7912,1252,2025-02-01,Apparel,75.61,0.1,0,68.05,26.46,6.02,35.57
7913,1253,2024-02-07,Electronics,171.04,0.2,0,136.84,123.15,7.05,6.64
7914,1253,2024-02-09,Accessories,39.87,0.2,0,31.9,11.96,5.48,14.46
7915,1253,2024-03-20,Accessories,61.61,0.0,0,61.61,18.48,5.92,37.21
7916,1253,2024-05-11,Apparel,65.94,0.0,0,65.94,23.08,5.99,36.87
7917,1253,2024-09-09,Home,71.35,0.05,0,67.78,34.25,6.02,27.51
7918,1253,2025-03-21,Accessories,36.18,0.0,0,36.18,10.85,5.54,19.79
7919,1253,2025-03-03,Apparel,94.09,0.0,0,94.09,32.93,6.41,54.75
7920,1253,2025-03-25,Accessories,59.92,0.0,0,59.92,17.98,5.9,36.04
7921,1254,2024-01-08,Home,48.71,0.0,0,48.71,23.38,5.73,19.6
7922,1254,2024-02-27,Home,124.73,0.05,0,118.49,59.87,6.78,51.84
7923,1254,2024-06-22,Home,102.99,0.05,0,97.84,49.43,6.47,41.94
7924,1254,2025-02-12,Apparel,102.6,0.0,0,102.6,35.91,6.54,60.15
7925,1255,2024-02-23,Apparel,53.46,0.05,0,50.79,18.71,5.76,26.32
7926,1255,2024-08-25,Electronics,287.35,0.05,0,272.98,206.89,9.09,57.0
7927,1255,2024-08-01,Electronics,281.02,0.05,0,266.97,202.34,9.0,55.63
7928,1255,2024-08-27,Electronics,300.57,0.0,0,300.57,216.41,9.51,74.65
7929,1255,2024-12-14,Accessories,34.23,0.1,0,30.81,10.27,5.46,15.08
7930,1255,2024-12-24,Home,79.24,0.1,0,71.32,38.04,6.07,27.21
7931,1256,2024-11-16,Accessories,39.82,0.05,0,37.83,11.94,5.57,20.32
7932,1256,2024-12-18,Accessories,31.85,0.05,0,30.26,9.56,5.45,15.25
7933,1256,2025-04-12,Home,65.4,0.1,0,58.86,31.39,5.88,21.59
7934,1257,2024-05-24,Electronics,144.05,0.2,0,115.24,103.71,6.73,4.8
7935,1257,2024-05-27,Apparel,88.92,0.2,0,71.13,31.12,6.07,33.94
7936,1257,2024-10-25,Home,166.58,0.1,0,149.92,79.96,7.25,62.71
7937,1257,2024-10-14,Accessories,47.34,0.0,0,47.34,14.2,5.71,27.43
7938,1257,2024-10-03,Electronics,157.37,0.1,0,141.63,113.31,7.12,21.2
7939,1257,2024-11-08,Apparel,54.42,0.2,0,43.53,19.05,5.65,18.83
7940,1257,2025-01-14,Electronics,523.27,0.1,0,470.94,376.75,12.06,82.13
7941,1257,2025-04-27,Apparel,85.74,0.0,0,85.74,30.01,6.29,49.44
7942,1257,2025-05-18,Accessories,46.58,0.0,0,46.58,13.97,5.7,26.91
7943,1258,2024-03-18,Apparel,60.43,0.0,1,0.0,0.0,12.91,-12.91
7944,1258,2024-03-23,Home,95.56,0.05,0,90.78,45.87,6.36,38.55
7945,1258,2024-05-20,Apparel,53.52,0.0,0,53.52,18.73,5.8,28.99
7946,1258,2024-05-26,Home,91.37,0.0,0,91.37,43.86,6.37,41.14
7947,1258,2024-07-24,Accessories,27.54,0.0,0,27.54,8.26,5.41,13.87
7948,1258,2025-03-26,Electronics,354.08,0.1,0,318.67,254.94,9.78,53.95
7949,1258,2025-06-01,Accessories,45.85,0.0,0,45.85,13.75,5.69,26.41
7950,1259,2024-10-05,Electronics,248.85,0.1,0,223.97,179.17,8.36,36.44
7951,1259,2024-10-02,Apparel,56.1,0.05,0,53.29,19.63,5.8,27.86
7952,1259,2025-01-13,Accessories,33.05,0.2,0,26.44,9.92,5.4,11.12
7953,1259,2025-03-05,Electronics,220.24,0.05,0,209.23,158.57,8.14,42.52
7954,1259,2025-03-26,Home,54.04,0.0,0,54.04,25.94,5.81,22.29
7955,1260,2024-04-01,Apparel,65.13,0.2,0,52.1,22.79,5.78,23.53
7956,1260,2024-05-03,Apparel,48.84,0.0,0,48.84,17.1,5.73,26.01
7957,1260,2024-05-25,Accessories,74.25,0.0,0,74.25,22.27,6.11,45.87
7958,1260,2024-10-23,Apparel,82.44,0.1,0,74.2,28.86,6.11,39.23
7959,1260,2025-02-10,Accessories,67.81,0.2,0,54.25,20.34,5.81,28.1
7960,1260,2025-05-17,Accessories,65.96,0.0,0,65.96,19.79,5.99,40.18
7961,1260,2025-05-26,Accessories,69.72,0.05,0,66.23,20.91,5.99,39.33
7962,1260,2025-06-25,Electronics,74.13,0.05,0,70.42,53.37,6.06,10.99
7963,1260,2025-06-21,Apparel,25.45,0.05,1,0.0,0.0,12.36,-12.36
7964,1261,2024-07-27,Accessories,43.76,0.0,0,43.76,13.13,5.66,24.97
7965,1261,2024-07-06,Home,75.21,0.2,0,60.17,36.1,5.9,18.17
7966,1261,2024-08-14,Accessories,88.67,0.0,0,88.67,26.6,6.33,55.74
7967,1261,2024-10-20,Home,61.67,0.1,0,55.51,29.6,5.83,20.08
7968,1261,2024-10-16,Home,44.98,0.05,0,42.73,21.59,5.64,15.5
7969,1261,2024-11-03,Accessories,32.29,0.0,0,32.29,9.69,5.48,17.12
7970,1261,2025-03-15,Apparel,68.53,0.1,1,0.0,0.0,12.93,-12.93
7971,1262,2025-01-10,Home,101.38,0.1,0,91.24,48.66,6.37,36.21
7972,1262,2025-03-19,Electronics,244.33,0.2,0,195.46,175.92,7.93,11.61
7973,1262,2025-05-17,Electronics,318.59,0.05,0,302.66,229.39,9.54,63.73
7974,1263,2024-09-16,Accessories,73.01,0.1,1,0.0,0.0,12.99,-12.99
7975,1263,2025-04-14,Accessories,17.63,0.1,0,15.87,5.29,5.24,5.34
7976,1263,2025-06-02,Apparel,58.69,0.1,0,52.82,20.54,5.79,26.49
7977,1264,2024-07-17,Accessories,35.11,0.05,0,33.35,10.53,5.5,17.32
7978,1264,2024-08-16,Apparel,56.47,0.05,0,53.65,19.77,5.8,28.08
7979,1264,2024-11-17,Apparel,57.75,0.1,0,51.97,20.21,5.78,25.98
7980,1264,2024-12-15,Accessories,34.16,0.1,0,30.74,10.25,5.46,15.03
7981,1264,2024-12-16,Home,70.88,0.0,0,70.88,34.02,6.06,30.8
7982,1264,2025-01-21,Apparel,65.32,0.2,0,52.25,22.86,5.78,23.61
7983,1264,2025-05-20,Home,66.67,0.0,0,66.67,32.0,6.0,28.67
7984,1264,2025-06-25,Home,52.3,0.1,0,47.07,25.1,5.71,16.26
7985,1265,2024-04-15,Apparel,67.13,0.05,0,63.77,23.49,5.96,34.32
7986,1265,2024-04-09,Accessories,95.08,0.1,0,85.57,28.52,6.28,50.77
7987,1265,2024-04-07,Home,157.12,0.05,0,149.26,75.42,7.24,66.6
7988,1265,2024-07-15,Accessories,79.07,0.0,0,79.07,23.72,6.19,49.16
7989,1265,2024-08-05,Accessories,57.69,0.0,0,57.69,17.31,5.87,34.51
7990,1265,2024-08-15,Electronics,378.42,0.05,0,359.5,272.46,10.39,76.65
7991,1265,2025-03-08,Home,98.96,0.1,0,89.06,47.5,6.34,35.22
7992,1265,2025-03-25,Home,60.63,0.0,0,60.63,29.1,5.91,25.62
7993,1265,2025-05-12,Electronics,212.58,0.05,0,201.96,153.06,8.03,40.87
7994,1265,2025-05-14,Apparel,38.37,0.2,1,0.0,0.0,12.46,-12.46
7995,1266,2024-01-26,Electronics,205.59,0.0,0,205.59,148.02,8.08,49.49
7996,1266,2024-02-25,Apparel,94.53,0.2,0,75.62,33.08,6.13,36.41
7997,1266,2024-03-23,Accessories,97.09,0.1,1,0.0,0.0,13.31,-13.31
7998,1266,2024-04-11,Apparel,38.29,0.2,0,30.64,13.4,5.46,11.78
7999,1266,2024-05-01,Accessories,25.31,0.0,1,0.0,0.0,12.38,-12.38
8000,1266,2024-06-09,Home,144.78,0.05,0,137.54,69.49,7.06,60.99
8001,1266,2024-10-24,Apparel,70.16,0.1,0,63.14,24.56,5.95,32.63
8002,1266,2024-10-05,Accessories,43.31,0.1,1,0.0,0.0,12.58,-12.58
8003,1266,2024-11-03,Home,71.34,0.0,0,71.34,34.24,6.07,31.03
8004,1266,2024-12-13,Apparel,73.24,0.1,0,65.92,25.63,5.99,34.3
8005,1266,2025-03-28,Accessories,66.94,0.0,0,66.94,20.08,6.0,40.86
8006,1267,2025-01-21,Accessories,57.17,0.1,1,0.0,0.0,12.77,-12.77
8007,1267,2025-01-07,Electronics,253.9,0.0,0,253.9,182.81,8.81,62.28
8008,1267,2025-04-04,Apparel,79.24,0.0,0,79.24,27.73,6.19,45.32
8009,1268,2024-03-25,Home,98.81,0.0,0,98.81,47.43,6.48,44.9
8010,1268,2024-04-23,Apparel,61.44,0.2,0,49.15,21.5,5.74,21.91
8011,1268,2024-05-08,Home,93.86,0.0,0,93.86,45.05,6.41,42.4
8012,1268,2024-05-02,Home,161.9,0.2,0,129.52,77.71,6.94,44.87
8013,1268,2024-06-23,Apparel,48.36,0.0,0,48.36,16.93,5.73,25.7
8014,1268,2024-08-18,Accessories,67.53,0.0,0,67.53,20.26,6.01,41.26
8015,1268,2024-09-24,Electronics,126.03,0.1,0,113.43,90.74,6.7,15.99
8016,1268,2024-09-02,Electronics,146.46,0.0,0,146.46,105.45,7.2,33.81
8017,1268,2024-10-17,Home,84.12,0.1,1,0.0,0.0,13.14,-13.14
8018,1268,2024-10-05,Accessories,20.22,0.1,1,0.0,0.0,12.27,-12.27
8019,1268,2024-11-11,Accessories,101.81,0.0,0,101.81,30.54,6.53,64.74
8020,1268,2024-12-22,Apparel,27.43,0.05,0,26.06,9.6,5.39,11.07
8021,1268,2025-03-02,Electronics,260.37,0.2,0,208.29,187.46,8.12,12.71
8022,1269,2024-07-05,Apparel,57.27,0.0,0,57.27,20.04,5.86,31.37
8023,1269,2024-07-01,Home,209.69,0.1,0,188.72,100.65,7.83,80.24
8024,1270,2024-10-16,Accessories,41.53,0.1,0,37.38,12.46,5.56,19.36
8025,1270,2024-11-24,Apparel,96.77,0.0,1,0.0,0.0,13.45,-13.45
8026,1270,2025-03-12,Home,82.66,0.1,0,74.39,39.68,6.12,28.59
8027,1270,2025-03-24,Apparel,39.03,0.0,0,39.03,13.66,5.59,19.78
8028,1270,2025-04-21,Home,86.53,0.05,0,82.2,41.53,6.23,34.44
8029,1270,2025-05-11,Accessories,38.37,0.0,0,38.37,11.51,5.58,21.28
8030,1271,2024-09-03,Home,101.58,0.0,0,101.58,48.76,6.52,46.3
8031,1271,2025-02-10,Electronics,178.76,0.0,0,178.76,128.71,7.68,42.37
8032,1271,2025-05-27,Accessories,43.75,0.2,0,35.0,13.13,5.53,16.34
8033,1272,2024-07-19,Electronics,208.9,0.2,0,167.12,150.41,7.51,9.2
8034,1272,2024-08-01,Accessories,39.42,0.05,0,37.45,11.83,5.56,20.06
8035,1272,2024-09-15,Apparel,45.23,0.0,0,45.23,15.83,5.68,23.72
8036,1272,2024-09-21,Home,62.15,0.05,0,59.05,29.83,5.89,23.33
8037,1272,2024-10-12,Apparel,59.88,0.2,0,47.91,20.96,5.72,21.23
8038,1272,2024-10-13,Apparel,42.84,0.1,0,38.55,14.99,5.58,17.98
8039,1273,2024-11-04,Accessories,46.89,0.1,0,42.2,14.07,5.63,22.5
8040,1273,2025-01-05,Home,86.79,0.1,1,0.0,0.0,13.17,-13.17
8041,1273,2025-02-13,Electronics,228.3,0.2,0,182.64,164.37,7.74,10.53
8042,1273,2025-03-06,Electronics,224.89,0.0,0,224.89,161.92,8.37,54.6
8043,1273,2025-05-14,Accessories,44.33,0.1,0,39.89,13.3,5.6,20.99
8044,1274,2024-01-04,Home,55.5,0.05,0,52.72,26.64,5.79,20.29
8045,1274,2024-01-13,Apparel,55.04,0.1,0,49.54,19.26,5.74,24.54
8046,1274,2024-01-12,Accessories,19.92,0.05,0,18.92,5.98,5.28,7.66
8047,1274,2024-02-21,Electronics,174.66,0.0,0,174.66,125.75,7.62,41.29
8048,1274,2024-07-24,Home,98.18,0.05,0,93.27,47.12,6.4,39.75
8049,1274,2024-09-01,Accessories,21.21,0.0,0,21.21,6.36,5.32,9.53
8050,1275,2024-08-25,Electronics,130.43,0.0,0,130.43,93.91,6.96,29.56
8051,1275,2024-10-11,Electronics,212.15,0.05,1,0.0,0.0,15.02,-15.02
8052,1275,2024-11-09,Apparel,109.66,0.05,1,0.0,0.0,13.56,-13.56
8053,1275,2025-01-26,Electronics,101.77,0.1,0,91.59,73.27,6.37,11.95
8054,1275,2025-05-18,Home,117.95,0.05,0,112.06,56.62,6.68,48.76
8055,1276,2024-03-06,Apparel,55.14,0.0,0,55.14,19.3,5.83,30.01
8056,1276,2024-05-22,Accessories,50.58,0.1,0,45.52,15.17,5.68,24.67
8057,1276,2024-06-28,Home,85.83,0.1,0,77.25,41.2,6.16,29.89
8058,1276,2024-08-04,Electronics,254.77,0.0,0,254.77,183.43,8.82,62.52
8059,1276,2024-09-21,Electronics,169.11,0.1,0,152.2,121.76,7.28,23.16
8060,1276,2024-10-24,Home,81.63,0.05,0,77.55,39.18,6.16,32.21
8061,1276,2024-12-22,Accessories,33.69,0.1,0,30.32,10.11,5.45,14.76
8062,1276,2025-02-25,Accessories,59.73,0.1,0,53.76,17.92,5.81,30.03
8063,1277,2024-05-08,Electronics,115.23,0.0,0,115.23,82.97,6.73,25.53
8064,1277,2025-02-13,Home,96.27,0.05,0,91.45,46.21,6.37,38.87
8065,1278,2024-03-09,Home,54.21,0.1,0,48.78,26.02,5.73,17.03
8066,1278,2024-04-10,Electronics,203.26,0.2,1,0.0,0.0,14.44,-14.44
8067,1278,2024-04-17,Apparel,72.03,0.0,0,72.03,25.21,6.08,40.74
8068,1278,2024-05-12,Home,197.45,0.0,0,197.45,94.78,7.96,94.71
8069,1278,2024-07-08,Apparel,50.04,0.05,0,47.53,17.51,5.71,24.31
8070,1278,2024-08-16,Electronics,201.57,0.05,0,191.49,145.13,7.87,38.49
8071,1278,2024-08-14,Apparel,64.69,0.0,0,64.69,22.64,5.97,36.08
8072,1278,2024-11-19,Home,54.64,0.1,0,49.17,26.23,5.74,17.2
8073,1278,2025-03-20,Home,58.88,0.1,0,53.0,28.26,5.79,18.95
8074,1278,2025-03-28,Home,80.96,0.0,0,80.96,38.86,6.21,35.89
8075,1278,2025-05-25,Accessories,31.78,0.2,0,25.43,9.53,5.38,10.52
8076,1279,2024-07-12,Accessories,42.41,0.0,0,42.41,12.72,5.64,24.05
8077,1279,2024-07-23,Electronics,232.32,0.05,0,220.7,167.27,8.31,45.12
8078,1279,2024-07-17,Apparel,62.54,0.1,0,56.28,21.89,5.84,28.55
8079,1279,2025-05-15,Accessories,46.45,0.05,0,44.13,13.93,5.66,24.54
8080,1280,2024-04-11,Accessories,43.73,0.1,0,39.36,13.12,5.59,20.65
8081,1280,2024-07-16,Home,59.99,0.05,0,56.99,28.8,5.85,22.34
8082,1280,2025-02-01,Home,42.83,0.0,0,42.83,20.56,5.64,16.63
8083,1280,2025-04-16,Apparel,67.66,0.0,0,67.66,23.68,6.01,37.97
8084,1281,2024-10-26,Electronics,90.64,0.2,0,72.52,65.26,6.09,1.17
8085,1281,2024-11-21,Accessories,43.1,0.1,0,38.79,12.93,5.58,20.28
8086,1281,2024-11-07,Home,114.91,0.0,0,114.91,55.16,6.72,53.03
8087,1281,2024-11-05,Electronics,251.63,0.05,0,239.04,181.17,8.59,49.28
8088,1281,2024-11-09,Electronics,238.54,0.0,0,238.54,171.75,8.58,58.21
8089,1281,2025-02-19,Electronics,262.5,0.2,0,210.0,189.0,8.15,12.85
8090,1281,2025-03-04,Accessories,37.24,0.2,0,29.79,11.17,5.45,13.17
8091,1281,2025-03-24,Home,176.78,0.0,0,176.78,84.85,7.65,84.28
8092,1281,2025-05-06,Apparel,107.05,0.0,0,107.05,37.47,6.61,62.97
8093,1282,2024-05-25,Apparel,58.95,0.1,0,53.05,20.63,5.8,26.62
8094,1282,2024-05-04,Accessories,57.76,0.05,0,54.87,17.33,5.82,31.72
8095,1282,2024-05-16,Electronics,125.98,0.2,0,100.78,90.7,6.51,3.57
8096,1282,2024-08-10,Apparel,65.89,0.0,0,65.89,23.06,5.99,36.84
8097,1282,2024-10-18,Home,65.77,0.05,0,62.48,31.57,5.94,24.97
8098,1282,2024-11-02,Apparel,43.84,0.0,0,43.84,15.34,5.66,22.84
8099,1282,2025-04-28,Home,67.46,0.05,1,0.0,0.0,12.96,-12.96
8100,1282,2025-04-19,Home,36.54,0.05,0,34.71,17.54,5.52,11.65
8101,1282,2025-05-24,Electronics,223.19,0.05,0,212.03,160.7,8.18,43.15
8102,1284,2024-06-07,Home,60.4,0.05,0,57.38,28.99,5.86,22.53
8103,1284,2024-06-28,Apparel,103.7,0.05,0,98.52,36.3,6.48,55.74
8104,1284,2025-06-09,Accessories,19.48,0.0,0,19.48,5.84,5.29,8.35
8105,1285,2024-10-20,Electronics,190.18,0.0,0,190.18,136.93,7.85,45.4
8106,1285,2024-12-14,Accessories,24.43,0.2,0,19.54,7.33,5.29,6.92
8107,1285,2025-02-19,Accessories,46.45,0.1,0,41.81,13.94,5.63,22.24
8108,1285,2025-06-19,Electronics,150.99,0.0,0,150.99,108.71,7.26,35.02
8109,1286,2024-02-01,Electronics,220.97,0.2,0,176.78,159.1,7.65,10.03
8110,1286,2024-02-26,Home,47.89,0.05,0,45.5,22.99,5.68,16.83
8111,1286,2025-01-09,Home,131.41,0.1,0,118.27,63.08,6.77,48.42
8112,1286,2025-01-07,Home,79.45,0.0,0,79.45,38.13,6.19,35.13
8113,1286,2025-02-25,Electronics,374.29,0.1,0,336.86,269.49,10.05,57.32
8114,1288,2024-07-20,Home,196.26,0.1,0,176.63,94.2,7.65,74.78
8115,1288,2024-07-17,Apparel,157.97,0.05,0,150.07,55.29,7.25,87.53
8116,1288,2024-08-20,Accessories,50.85,0.0,0,50.85,15.26,5.76,29.83
8117,1288,2024-09-19,Electronics,369.5,0.1,0,332.55,266.04,9.99,56.52
8118,1288,2024-09-23,Electronics,195.87,0.0,0,195.87,141.03,7.94,46.9
8119,1288,2024-10-09,Home,137.05,0.0,0,137.05,65.78,7.06,64.21
8120,1288,2025-01-04,Home,63.6,0.05,0,60.42,30.53,5.91,23.98
8121,1288,2025-02-07,Home,136.25,0.05,0,129.44,65.4,6.94,57.1
8122,1288,2025-02-19,Home,118.61,0.05,0,112.68,56.93,6.69,49.06
8123,1288,2025-03-24,Apparel,57.64,0.05,1,0.0,0.0,12.82,-12.82
8124,1288,2025-05-17,Apparel,47.18,0.0,0,47.18,16.51,5.71,24.96
8125,1289,2024-05-25,Electronics,400.19,0.05,0,380.18,288.14,10.7,81.34
8126,1289,2024-05-06,Home,75.47,0.05,0,71.7,36.23,6.08,29.39
8127,1289,2024-06-24,Home,132.46,0.1,0,119.22,63.58,6.79,48.85
8128,1289,2024-09-21,Electronics,128.18,0.0,0,128.18,92.29,6.92,28.97
8129,1289,2024-09-04,Home,60.67,0.0,0,60.67,29.12,5.91,25.64
8130,1289,2025-04-11,Home,104.11,0.1,0,93.7,49.97,6.41,37.32
8131,1289,2025-04-09,Home,157.48,0.1,0,141.73,75.59,7.13,59.01
8132,1290,2024-02-14,Electronics,179.37,0.0,0,179.37,129.15,7.69,42.53
8133,1290,2024-04-09,Home,101.26,0.0,0,101.26,48.6,6.52,46.14
8134,1290,2024-09-16,Accessories,20.07,0.0,0,20.07,6.02,5.3,8.75
8135,1290,2024-09-19,Accessories,46.59,0.05,0,44.26,13.98,5.66,24.62
8136,1290,2025-02-14,Electronics,244.13,0.05,0,231.92,175.77,8.48,47.67
8137,1291,2024-06-14,Electronics,214.64,0.0,0,214.64,154.54,8.22,51.88
8138,1291,2024-07-15,Home,182.09,0.1,0,163.88,87.41,7.46,69.01
8139,1291,2024-08-08,Electronics,377.69,0.0,0,377.69,271.93,10.67,95.09
8140,1291,2024-08-12,Electronics,424.08,0.0,0,424.08,305.34,11.36,107.38
8141,1291,2024-09-28,Apparel,92.93,0.1,1,0.0,0.0,13.25,-13.25
8142,1291,2024-10-22,Apparel,74.35,0.0,0,74.35,26.02,6.12,42.21
8143,1291,2024-11-04,Electronics,140.88,0.0,0,140.88,101.43,7.11,32.34
8144,1291,2024-12-13,Accessories,33.61,0.0,0,33.61,10.08,5.5,18.03
8145,1291,2025-01-28,Apparel,53.97,0.0,0,53.97,18.89,5.81,29.27
8146,1291,2025-05-02,Electronics,100.52,0.0,0,100.52,72.38,6.51,21.63
8147,1291,2025-05-18,Apparel,54.87,0.0,1,0.0,0.0,12.82,-12.82
8148,1291,2025-06-16,Electronics,320.64,0.2,0,256.51,230.86,8.85,16.8
8149,1292,2024-06-24,Home,124.79,0.1,0,112.31,59.9,6.68,45.73
8150,1292,2024-08-21,Accessories,42.78,0.0,1,0.0,0.0,12.64,-12.64
8151,1292,2024-12-11,Accessories,97.64,0.2,0,78.11,29.29,6.17,42.65
8152,1293,2024-09-28,Accessories,28.36,0.2,0,22.69,8.51,5.34,8.84
8153,1293,2024-09-04,Accessories,67.11,0.0,0,67.11,20.13,6.01,40.97
8154,1293,2024-10-22,Accessories,46.35,0.2,0,37.08,13.9,5.56,17.62
8155,1293,2024-10-20,Accessories,29.48,0.1,0,26.53,8.84,5.4,12.29
8156,1293,2024-10-06,Accessories,29.79,0.0,0,29.79,8.94,5.45,15.4
8157,1293,2024-11-07,Home,145.32,0.1,0,130.79,69.75,6.96,54.08
8158,1293,2025-04-11,Home,117.75,0.05,0,111.87,56.52,6.68,48.67
8159,1294,2024-04-17,Apparel,84.36,0.1,1,0.0,0.0,13.14,-13.14
8160,1294,2024-10-26,Accessories,63.92,0.0,0,63.92,19.18,5.96,38.78
8161,1294,2024-10-10,Electronics,156.28,0.0,0,156.28,112.52,7.34,36.42
8162,1294,2024-10-20,Electronics,266.85,0.1,0,240.17,192.13,8.6,39.44
8163,1294,2024-12-20,Electronics,157.93,0.05,0,150.04,113.71,7.25,29.08
8164,1295,2024-03-26,Accessories,94.12,0.05,0,89.42,28.24,6.34,54.84
8165,1295,2024-10-07,Apparel,108.12,0.0,0,108.12,37.84,6.62,63.66
8166,1295,2024-11-16,Home,101.44,0.05,0,96.37,48.69,6.45,41.23
8167,1296,2024-09-21,Accessories,38.0,0.05,0,36.1,11.4,5.54,19.16
8168,1296,2024-12-25,Electronics,181.51,0.05,0,172.44,130.69,7.59,34.16
8169,1296,2025-02-23,Accessories,33.51,0.1,0,30.16,10.05,5.45,14.66
8170,1296,2025-02-22,Apparel,41.13,0.1,0,37.02,14.4,5.56,17.06
8171,1296,2025-04-20,Home,151.89,0.2,0,121.51,72.91,6.82,41.78
8172,1297,2024-04-21,Electronics,269.01,0.0,0,269.01,193.69,9.04,66.28
8173,1297,2024-06-23,Apparel,49.53,0.1,1,0.0,0.0,12.67,-12.67
8174,1297,2024-06-09,Apparel,107.21,0.2,0,85.77,37.52,6.29,41.96
8175,1297,2024-11-24,Electronics,224.33,0.0,0,224.33,161.51,8.36,54.46
8176,1298,2024-02-07,Accessories,38.77,0.1,0,34.9,11.63,5.52,17.75
8177,1298,2024-04-07,Accessories,27.27,0.05,0,25.9,8.18,5.39,12.33
8178,1298,2024-05-02,Electronics,156.08,0.05,0,148.28,112.38,7.22,28.68
8179,1298,2024-07-06,Home,70.58,0.0,0,70.58,33.88,6.06,30.64
8180,1298,2024-11-10,Electronics,317.82,0.1,0,286.04,228.83,9.29,47.92
8181,1298,2024-11-22,Accessories,34.34,0.1,0,30.9,10.3,5.46,15.14
8182,1298,2025-06-09,Apparel,80.35,0.2,1,0.0,0.0,12.96,-12.96
8183,1299,2024-02-15,Apparel,40.95,0.05,0,38.9,14.33,5.58,18.99
8184,1299,2024-02-10,Home,185.57,0.0,0,185.57,89.07,7.78,88.72
8185,1299,2024-03-24,Electronics,228.18,0.0,0,228.18,164.29,8.42,55.47
8186,1299,2024-05-18,Accessories,31.79,0.2,0,25.43,9.54,5.38,10.51
8187,1299,2024-06-12,Home,105.03,0.1,0,94.53,50.42,6.42,37.69
8188,1299,2024-07-27,Apparel,49.11,0.2,0,39.29,17.19,5.59,16.51
8189,1299,2024-08-13,Home,76.49,0.2,0,61.19,36.72,5.92,18.55
8190,1299,2024-10-13,Home,43.41,0.05,0,41.24,20.84,5.62,14.78
8191,1299,2024-10-17,Apparel,53.21,0.0,0,53.21,18.62,5.8,28.79
8192,1299,2025-04-26,Apparel,39.22,0.2,1,0.0,0.0,12.47,-12.47
8193,1300,2024-05-15,Accessories,27.0,0.05,0,25.65,8.1,5.38,12.17
8194,1300,2024-06-22,Home,129.35,0.2,0,103.48,62.09,6.55,34.84
8195,1300,2024-06-14,Electronics,237.13,0.0,0,237.13,170.74,8.56,57.83
8196,1300,2024-10-27,Home,88.69,0.0,0,88.69,42.57,6.33,39.79
8197,1300,2025-02-16,Accessories,48.81,0.0,0,48.81,14.64,5.73,28.44
8198,1300,2025-03-07,Accessories,38.77,0.1,0,34.89,11.63,5.52,17.74
8199,1300,2025-06-02,Electronics,127.96,0.1,0,115.16,92.13,6.73,16.3
8200,1300,2025-06-04,Apparel,29.94,0.05,1,0.0,0.0,12.43,-12.43
8201,1301,2024-08-11,Home,89.95,0.2,0,71.96,43.18,6.08,22.7
8202,1301,2024-08-02,Home,55.64,0.05,0,52.86,26.71,5.79,20.36
8203,1301,2024-09-06,Home,103.75,0.1,0,93.38,49.8,6.4,37.18
8204,1301,2024-12-12,Electronics,297.43,0.0,0,297.43,214.15,9.46,73.82
8205,1301,2025-01-18,Apparel,39.43,0.1,0,35.49,13.8,5.53,16.16
8206,1302,2024-05-21,Accessories,30.26,0.0,0,30.26,9.08,5.45,15.73
8207,1302,2024-05-22,Accessories,33.58,0.05,0,31.9,10.07,5.48,16.35
8208,1302,2024-06-06,Electronics,201.78,0.2,0,161.42,145.28,7.42,8.72
8209,1302,2024-06-02,Electronics,134.94,0.05,0,128.19,97.16,6.92,24.11
8210,1302,2024-07-17,Apparel,87.09,0.05,0,82.74,30.48,6.24,46.02
8211,1302,2024-10-21,Electronics,113.03,0.1,0,101.73,81.38,6.53,13.82
8212,1302,2024-10-20,Apparel,80.77,0.0,0,80.77,28.27,6.21,46.29
8213,1302,2024-11-16,Accessories,55.27,0.1,0,49.75,16.58,5.75,27.42
8214,1302,2025-03-04,Home,50.47,0.05,1,0.0,0.0,12.72,-12.72
8215,1302,2025-03-05,Accessories,45.05,0.0,0,45.05,13.51,5.68,25.86
8216,1302,2025-03-03,Electronics,261.2,0.1,0,235.08,188.06,8.53,38.49
8217,1302,2025-05-10,Electronics,289.55,0.05,0,275.07,208.48,9.13,57.46
8218,1302,2025-06-18,Home,79.09,0.1,0,71.18,37.97,6.07,27.14
8219,1303,2024-01-26,Accessories,53.58,0.05,0,50.9,16.07,5.76,29.07
8220,1303,2024-01-28,Apparel,54.55,0.1,0,49.1,19.09,5.74,24.27
8221,1303,2024-12-27,Apparel,34.35,0.05,1,0.0,0.0,12.49,-12.49
8222,1303,2025-02-06,Home,135.25,0.2,0,108.2,64.92,6.62,36.66
8223,1303,2025-06-19,Home,96.38,0.0,0,96.38,46.26,6.45,43.67
8224,1304,2024-07-03,Accessories,74.02,0.1,0,66.62,22.21,6.0,38.41
8225,1304,2024-08-10,Electronics,229.13,0.1,0,206.22,164.98,8.09,33.15
8226,1304,2024-08-02,Accessories,51.07,0.05,0,48.52,15.32,5.73,27.47
8227,1304,2024-10-13,Accessories,31.48,0.1,0,28.33,9.44,5.42,13.47
8228,1304,2024-11-04,Electronics,259.06,0.05,0,246.11,186.52,8.69,50.9
8229,1304,2025-01-22,Home,77.35,0.0,0,77.35,37.13,6.16,34.06
8230,1304,2025-05-27,Accessories,39.3,0.05,0,37.33,11.79,5.56,19.98
8231,1304,2025-05-22,Accessories,31.41,0.1,0,28.27,9.42,5.42,13.43
8232,1305,2024-05-07,Home,153.87,0.1,0,138.49,73.86,7.08,57.55
8233,1305,2024-11-13,Electronics,93.65,0.1,0,84.28,67.43,6.26,10.59
8234,1305,2024-11-25,Electronics,236.72,0.2,0,189.38,170.44,7.84,11.1
8235,1305,2025-01-02,Home,143.27,0.1,0,128.95,68.77,6.93,53.25
8236,1305,2025-02-16,Accessories,68.7,0.0,0,68.7,20.61,6.03,42.06
8237,1306,2024-03-19,Apparel,35.94,0.2,0,28.75,12.58,5.43,10.74
8238,1306,2024-08-16,Electronics,133.42,0.05,0,126.75,96.06,6.9,23.79
8239,1306,2024-09-18,Accessories,74.36,0.05,0,70.64,22.31,6.06,42.27
8240,1306,2025-02-06,Home,111.68,0.0,0,111.68,53.61,6.68,51.39
8241,1306,2025-06-26,Accessories,56.81,0.1,0,51.13,17.04,5.77,28.32
8242,1306,2025-06-27,Apparel,71.06,0.05,0,67.5,24.87,6.01,36.62
8243,1306,2025-06-21,Home,75.51,0.0,0,75.51,36.25,6.13,33.13
8244,1308,2024-02-19,Home,112.9,0.2,0,90.32,54.19,6.35,29.78
8245,1308,2024-06-20,Accessories,27.56,0.0,0,27.56,8.27,5.41,13.88
8246,1308,2024-06-08,Accessories,28.92,0.05,0,27.48,8.68,5.41,13.39
8247,1308,2024-09-01,Electronics,244.37,0.1,0,219.93,175.95,8.3,35.68
8248,1308,2024-12-09,Electronics,156.41,0.1,1,0.0,0.0,14.11,-14.11
8249,1308,2025-01-07,Accessories,56.56,0.1,0,50.9,16.97,5.76,28.17
8250,1308,2025-01-14,Electronics,136.31,0.1,0,122.68,98.14,6.84,17.7
8251,1308,2025-02-17,Apparel,40.75,0.05,0,38.72,14.26,5.58,18.88
8252,1308,2025-03-23,Home,59.65,0.0,0,59.65,28.63,5.89,25.13
8253,1308,2025-04-03,Home,35.56,0.05,0,33.78,17.07,5.51,11.2
8254,1308,2025-05-23,Electronics,249.13,0.1,0,224.22,179.38,8.36,36.48
8255,1309,2024-04-16,Electronics,130.63,0.05,0,124.1,94.06,6.86,23.18
8256,1309,2024-04-18,Apparel,29.31,0.1,0,26.38,10.26,5.4,10.72
8257,1309,2024-05-17,Accessories,55.3,0.0,0,55.3,16.59,5.83,32.88
8258,1309,2024-05-02,Home,53.12,0.2,0,42.49,25.5,5.64,11.35
8259,1309,2024-05-28,Accessories,37.27,0.1,0,33.54,11.18,5.5,16.86
8260,1309,2024-07-01,Apparel,32.75,0.1,0,29.48,11.46,5.44,12.58
8261,1309,2024-07-28,Apparel,59.34,0.05,0,56.37,20.77,5.85,29.75
8262,1309,2024-09-12,Electronics,263.0,0.2,0,210.4,189.36,8.16,12.88
8263,1309,2024-11-07,Electronics,337.3,0.2,0,269.84,242.86,9.05,17.93
8264,1309,2024-11-12,Electronics,220.22,0.1,0,198.2,158.56,7.97,31.67
8265,1309,2025-01-05,Home,76.48,0.05,0,72.65,36.71,6.09,29.85
8266,1309,2025-01-01,Apparel,115.75,0.05,0,109.96,40.51,6.65,62.8
8267,1309,2025-04-01,Apparel,42.29,0.1,0,38.06,14.8,5.57,17.69
8268,1309,2025-05-05,Accessories,56.03,0.0,0,56.03,16.81,5.84,33.38
8269,1310,2024-04-06,Accessories,48.08,0.0,0,48.08,14.42,5.72,27.94
8270,1310,2024-05-24,Home,117.89,0.0,0,117.89,56.59,6.77,54.53
8271,1310,2024-06-11,Electronics,421.2,0.1,0,379.08,303.26,10.69,65.13
8272,1310,2024-08-16,Home,33.52,0.0,0,33.52,16.09,5.5,11.93
8273,1310,2024-09-16,Apparel,136.05,0.05,0,129.24,47.62,6.94,74.68
8274,1310,2024-10-11,Accessories,53.11,0.05,0,50.46,15.93,5.76,28.77
8275,1310,2025-01-08,Apparel,37.71,0.0,0,37.71,13.2,5.57,18.94
8276,1310,2025-02-06,Electronics,354.57,0.2,0,283.66,255.29,9.25,19.12
8277,1310,2025-03-17,Home,66.79,0.05,0,63.45,32.06,5.95,25.44
8278,1310,2025-04-25,Electronics,192.51,0.2,1,0.0,0.0,14.31,-14.31
8279,1310,2025-04-04,Apparel,29.14,0.05,0,27.68,10.2,5.42,12.06
8280,1310,2025-05-12,Electronics,145.9,0.0,0,145.9,105.05,7.19,33.66
8281,1310,2025-06-25,Home,146.77,0.1,0,132.09,70.45,6.98,54.66
8282,1311,2024-11-12,Apparel,39.52,0.05,0,37.55,13.83,5.56,18.16
8283,1311,2024-11-28,Electronics,517.99,0.05,0,492.09,372.95,12.38,106.76
8284,1311,2024-11-18,Accessories,51.62,0.0,0,51.62,15.49,5.77,30.36
8285,1311,2024-12-01,Electronics,148.67,0.1,0,133.8,107.04,7.01,19.75
8286,1311,2024-12-28,Accessories,51.18,0.0,0,51.18,15.35,5.77,30.06
8287,1311,2025-06-11,Apparel,44.95,0.2,0,35.96,15.73,5.54,14.69
8288,1311,2025-06-06,Apparel,69.12,0.1,0,62.21,24.19,5.93,32.09
8289,1312,2024-02-16,Electronics,189.65,0.1,0,170.69,136.55,7.56,26.58
8290,1312,2024-03-23,Accessories,25.23,0.2,0,20.18,7.57,5.3,7.31
8291,1312,2024-04-07,Electronics,296.85,0.05,0,282.01,213.73,9.23,59.05
8292,1312,2024-06-19,Home,120.95,0.0,0,120.95,58.06,6.81,56.08
8293,1312,2024-07-27,Apparel,48.0,0.0,0,48.0,16.8,5.72,25.48
8294,1312,2024-11-25,Electronics,153.81,0.1,0,138.43,110.74,7.08,20.61
8295,1312,2025-02-26,Electronics,201.56,0.1,0,181.4,145.12,7.72,28.56
8296,1312,2025-02-19,Accessories,22.58,0.1,0,20.32,6.77,5.3,8.25
8297,1312,2025-02-19,Accessories,60.37,0.2,0,48.3,18.11,5.72,24.47
8298,1313,2024-08-18,Accessories,62.39,0.0,0,62.39,18.72,5.94,37.73
8299,1313,2024-08-12,Electronics,215.37,0.0,0,215.37,155.06,8.23,52.08
8300,1313,2024-09-09,Accessories,80.62,0.1,0,72.55,24.18,6.09,42.28
8301,1313,2024-12-02,Apparel,52.24,0.1,1,0.0,0.0,12.71,-12.71
8302,1313,2025-01-15,Electronics,336.99,0.2,0,269.59,242.63,9.04,17.92
8303,1313,2025-02-19,Home,104.07,0.2,0,83.25,49.95,6.25,27.05
8304,1313,2025-03-19,Apparel,70.55,0.2,0,56.44,24.69,5.85,25.9
8305,1313,2025-04-06,Home,78.27,0.05,0,74.36,37.57,6.12,30.67
8306,1314,2024-07-13,Home,47.17,0.1,0,42.46,22.64,5.64,14.18
8307,1314,2024-08-20,Electronics,151.31,0.1,0,136.18,108.94,7.04,20.2
8308,1314,2024-08-05,Home,59.68,0.05,0,56.7,28.65,5.85,22.2
8309,1314,2024-08-25,Apparel,110.45,0.05,0,104.93,38.66,6.57,59.7
8310,1314,2024-09-07,Home,94.01,0.05,0,89.3,45.12,6.34,37.84
8311,1314,2024-10-13,Electronics,210.68,0.1,0,189.61,151.69,7.84,30.08
8312,1314,2024-10-03,Electronics,136.48,0.05,0,129.65,98.26,6.94,24.45
8313,1314,2024-10-04,Apparel,36.84,0.05,1,0.0,0.0,12.52,-12.52
8314,1314,2024-12-14,Apparel,76.81,0.0,0,76.81,26.88,6.15,43.78
8315,1314,2025-01-18,Accessories,63.19,0.0,0,63.19,18.96,5.95,38.28
8316,1314,2025-01-05,Apparel,72.85,0.05,0,69.21,25.5,6.04,37.67
8317,1314,2025-03-02,Accessories,62.95,0.05,0,59.8,18.88,5.9,35.02
8318,1315,2024-10-19,Accessories,48.81,0.1,1,0.0,0.0,12.66,-12.66
8319,1316,2024-08-10,Apparel,61.68,0.0,0,61.68,21.59,5.93,34.16
8320,1316,2024-08-20,Home,104.37,0.0,1,0.0,0.0,13.57,-13.57
8321,1316,2025-03-09,Apparel,79.04,0.0,0,79.04,27.66,6.19,45.19
8322,1316,2025-03-14,Accessories,21.26,0.1,0,19.13,6.38,5.29,7.46
8323,1316,2025-05-16,Accessories,78.45,0.05,0,74.53,23.54,6.12,44.87
8324,1317,2024-07-26,Electronics,213.98,0.0,0,213.98,154.06,8.21,51.71
8325,1317,2024-08-07,Home,120.17,0.0,0,120.17,57.68,6.8,55.69
8326,1317,2024-09-27,Home,117.16,0.1,0,105.44,56.24,6.58,42.62
8327,1317,2024-09-04,Electronics,269.15,0.1,1,0.0,0.0,15.63,-15.63
8328,1317,2024-12-18,Home,62.46,0.0,0,62.46,29.98,5.94,26.54
8329,1317,2025-01-26,Electronics,140.29,0.0,0,140.29,101.01,7.1,32.18
8330,1317,2025-02-03,Accessories,52.52,0.1,0,47.26,15.75,5.71,25.8
8331,1317,2025-02-05,Accessories,20.62,0.0,0,20.62,6.19,5.31,9.12
8332,1317,2025-04-10,Electronics,259.17,0.05,0,246.22,186.61,8.69,50.92
8333,1318,2024-06-14,Accessories,35.39,0.1,0,31.85,10.62,5.48,15.75
8334,1318,2024-06-20,Apparel,142.5,0.05,0,135.38,49.88,7.03,78.47
8335,1318,2024-07-27,Home,158.06,0.0,0,158.06,75.87,7.37,74.82
8336,1318,2024-07-13,Accessories,32.02,0.05,0,30.42,9.61,5.46,15.35
8337,1318,2024-07-09,Home,92.71,0.1,0,83.44,44.5,6.25,32.69
8338,1318,2024-10-06,Home,78.52,0.2,0,62.81,37.69,5.94,19.18
8339,1318,2024-10-03,Home,133.86,0.1,0,120.47,64.25,6.81,49.41
8340,1318,2024-11-16,Electronics,455.21,0.1,1,0.0,0.0,18.15,-18.15
8341,1318,2024-12-05,Home,118.99,0.1,0,107.09,57.11,6.61,43.37
8342,1318,2024-12-28,Accessories,63.25,0.2,0,50.6,18.98,5.76,25.86
8343,1318,2025-01-14,Electronics,404.16,0.0,1,0.0,0.0,18.06,-18.06
8344,1318,2025-01-03,Electronics,285.22,0.05,0,270.96,205.36,9.06,56.54
8345,1318,2025-03-17,Home,98.7,0.0,0,98.7,47.38,6.48,44.84
8346,1319,2024-05-08,Apparel,70.21,0.1,0,63.19,24.57,5.95,32.67
8347,1319,2024-05-01,Home,53.08,0.0,0,53.08,25.48,5.8,21.8
8348,1319,2024-11-18,Apparel,50.56,0.05,0,48.04,17.7,5.72,24.62
8349,1319,2025-03-09,Apparel,44.44,0.05,0,42.21,15.55,5.63,21.03
8350,1320,2024-07-27,Accessories,42.44,0.0,0,42.44,12.73,5.64,24.07
8351,1320,2024-08-03,Accessories,55.54,0.0,0,55.54,16.66,5.83,33.05
8352,1320,2024-09-20,Apparel,142.05,0.2,0,113.64,49.72,6.7,57.22
8353,1320,2024-11-27,Home,92.82,0.1,0,83.54,44.55,6.25,32.74
8354,1320,2024-12-26,Home,64.53,0.05,0,61.3,30.97,5.92,24.41
8355,1320,2025-02-02,Apparel,100.07,0.0,0,100.07,35.02,6.5,58.55
8356,1320,2025-04-27,Accessories,40.77,0.0,0,40.77,12.23,5.61,22.93
8357,1321,2024-02-23,Electronics,350.72,0.05,0,333.18,252.52,10.0,70.66
8358,1321,2024-02-19,Home,56.95,0.0,0,56.95,27.34,5.85,23.76
8359,1321,2024-02-09,Electronics,259.92,0.05,0,246.92,187.14,8.7,51.08
8360,1321,2024-03-02,Accessories,17.78,0.05,0,16.89,5.33,5.25,6.31
8361,1321,2024-05-26,Electronics,241.06,0.0,0,241.06,173.56,8.62,58.88
8362,1321,2024-06-22,Accessories,46.5,0.0,0,46.5,13.95,5.7,26.85
8363,1321,2024-07-25,Electronics,121.52,0.05,0,115.44,87.49,6.73,21.22
8364,1321,2024-07-13,Apparel,72.36,0.1,0,65.12,25.33,5.98,33.81
8365,1321,2024-11-03,Accessories,37.23,0.2,0,29.79,11.17,5.45,13.17
8366,1321,2024-12-27,Electronics,278.6,0.0,1,0.0,0.0,16.18,-16.18
8367,1321,2025-02-20,Apparel,29.11,0.2,1,0.0,0.0,12.35,-12.35
8368,1321,2025-03-16,Accessories,19.95,0.0,0,19.95,5.99,5.3,8.66
8369,1321,2025-05-19,Accessories,23.29,0.05,0,22.12,6.99,5.33,9.8
8370,1321,2025-06-28,Home,113.35,0.05,0,107.69,54.41,6.62,46.66
8371,1322,2024-09-17,Electronics,120.38,0.2,0,96.3,86.67,6.44,3.19
8372,1322,2024-09-04,Electronics,149.86,0.0,0,149.86,107.9,7.25,34.71
8373,1322,2024-09-24,Accessories,65.49,0.1,0,58.94,19.65,5.88,33.41
8374,1322,2024-12-28,Electronics,144.79,0.2,0,115.83,104.25,6.74,4.84
8375,1323,2024-05-24,Electronics,258.64,0.0,0,258.64,186.22,8.88,63.54
8376,1323,2024-05-15,Home,60.53,0.0,0,60.53,29.05,5.91,25.57
8377,1323,2024-06-10,Home,88.03,0.0,0,88.03,42.26,6.32,39.45
8378,1323,2024-07-16,Apparel,74.35,0.1,0,66.92,26.02,6.0,34.9
8379,1323,2024-08-22,Apparel,54.25,0.1,0,48.82,18.99,5.73,24.1
8380,1323,2024-08-02,Apparel,45.59,0.2,0,36.47,15.96,5.55,14.96
8381,1323,2024-08-22,Apparel,49.46,0.2,0,39.57,17.31,5.59,16.67
8382,1323,2024-09-04,Apparel,55.59,0.0,0,55.59,19.46,5.83,30.3
8383,1323,2024-10-22,Electronics,376.41,0.0,0,376.41,271.02,10.65,94.74
8384,1323,2024-11-09,Accessories,17.77,0.2,0,14.21,5.33,5.21,3.67
8385,1323,2025-06-11,Accessories,34.77,0.05,0,33.03,10.43,5.5,17.1
8386,1324,2024-08-06,Apparel,63.97,0.05,0,60.77,22.39,5.91,32.47
8387,1324,2024-10-13,Electronics,163.35,0.0,0,163.35,117.61,7.45,38.29
8388,1324,2024-10-05,Apparel,107.67,0.0,0,107.67,37.68,6.62,63.37
8389,1324,2024-11-04,Apparel,91.76,0.2,0,73.41,32.12,6.1,35.19
8390,1324,2025-03-05,Accessories,39.66,0.0,0,39.66,11.9,5.59,22.17
8391,1324,2025-03-11,Apparel,60.56,0.1,0,54.51,21.2,5.82,27.49
8392,1324,2025-03-05,Accessories,36.36,0.05,1,0.0,0.0,12.52,-12.52
8393,1324,2025-05-13,Apparel,57.14,0.1,0,51.43,20.0,5.77,25.66
8394,1324,2025-06-05,Home,64.76,0.1,0,58.29,31.09,5.87,21.33
8395,1325,2024-05-01,Apparel,42.26,0.0,1,0.0,0.0,12.63,-12.63
8396,1325,2024-06-26,Accessories,56.6,0.1,0,50.94,16.98,5.76,28.2
8397,1325,2024-08-27,Apparel,43.52,0.1,0,39.17,15.23,5.59,18.35
8398,1325,2024-08-05,Apparel,31.3,0.1,1,0.0,0.0,12.42,-12.42
8399,1325,2024-09-12,Accessories,34.7,0.1,0,31.23,10.41,5.47,15.35
8400,1325,2024-11-09,Electronics,139.41,0.1,1,0.0,0.0,13.88,-13.88
8401,1325,2024-12-25,Accessories,83.38,0.0,0,83.38,25.01,6.25,52.12
8402,1325,2025-02-26,Electronics,241.26,0.05,0,229.19,173.7,8.44,47.05
8403,1325,2025-02-14,Apparel,52.39,0.0,1,0.0,0.0,12.79,-12.79
8404,1325,2025-04-11,Electronics,195.51,0.05,0,185.74,140.77,7.79,37.18
8405,1325,2025-06-28,Home,46.31,0.1,0,41.68,22.23,5.63,13.82
8406,1326,2024-07-11,Home,149.9,0.0,0,149.9,71.95,7.25,70.7
8407,1326,2024-10-19,Accessories,54.82,0.05,0,52.08,16.45,5.78,29.85
8408,1326,2024-11-10,Apparel,73.92,0.05,0,70.22,25.87,6.05,38.3
8409,1326,2024-11-17,Electronics,193.69,0.0,0,193.69,139.46,7.91,46.32
8410,1326,2025-03-03,Electronics,187.32,0.05,0,177.95,134.87,7.67,35.41
8411,1326,2025-03-17,Electronics,169.74,0.1,0,152.76,122.21,7.29,23.26
8412,1327,2024-08-21,Accessories,61.85,0.1,0,55.66,18.55,5.83,31.28
8413,1327,2024-10-27,Accessories,53.16,0.2,0,42.53,15.95,5.64,20.94
8414,1327,2024-10-28,Accessories,53.5,0.1,0,48.15,16.05,5.72,26.38
8415,1327,2024-12-06,Electronics,242.61,0.1,0,218.35,174.68,8.28,35.39
8416,1327,2025-02-24,Electronics,196.57,0.1,0,176.91,141.53,7.65,27.73
8417,1328,2024-07-16,Accessories,38.61,0.1,1,0.0,0.0,12.52,-12.52
8418,1328,2024-09-23,Home,121.58,0.0,0,121.58,58.36,6.82,56.4
8419,1328,2024-10-11,Electronics,111.43,0.05,0,105.86,80.23,6.59,19.04
8420,1328,2024-10-14,Apparel,46.8,0.1,0,42.12,16.38,5.63,20.11
8421,1328,2024-10-17,Electronics,271.93,0.0,1,0.0,0.0,16.08,-16.08
8422,1328,2025-01-08,Electronics,80.3,0.2,0,64.24,57.82,5.96,0.46
8423,1328,2025-03-19,Accessories,36.15,0.05,0,34.34,10.84,5.52,17.98
8424,1329,2024-06-07,Apparel,55.84,0.0,0,55.84,19.55,5.84,30.45
8425,1330,2024-09-19,Apparel,68.7,0.0,1,0.0,0.0,13.03,-13.03
8426,1330,2024-12-24,Apparel,130.63,0.0,0,130.63,45.72,6.96,77.95
8427,1330,2024-12-01,Accessories,62.11,0.05,0,59.01,18.63,5.89,34.49
8428,1330,2025-01-13,Accessories,44.75,0.05,0,42.51,13.43,5.64,23.44
8429,1330,2025-02-08,Home,89.72,0.2,0,71.78,43.07,6.08,22.63
8430,1330,2025-03-24,Apparel,43.58,0.0,0,43.58,15.25,5.65,22.68
8431,1331,2024-06-18,Home,115.45,0.0,0,115.45,55.42,6.73,53.3
8432,1331,2024-08-06,Apparel,55.89,0.0,0,55.89,19.56,5.84,30.49
8433,1331,2024-09-11,Electronics,167.29,0.0,0,167.29,120.45,7.51,39.33
8434,1331,2024-10-06,Electronics,313.65,0.1,0,282.28,225.83,9.23,47.22
8435,1331,2024-10-24,Accessories,29.27,0.05,0,27.81,8.78,5.42,13.61
8436,1331,2024-12-17,Home,88.28,0.1,0,79.45,42.38,6.19,30.88
8437,1331,2025-01-08,Accessories,21.75,0.1,0,19.58,6.53,5.29,7.76
8438,1331,2025-02-23,Apparel,54.5,0.05,0,51.78,19.08,5.78,26.92
8439,1331,2025-02-25,Electronics,225.71,0.0,0,225.71,162.51,8.39,54.81
8440,1331,2025-04-09,Home,60.17,0.05,0,57.16,28.88,5.86,22.42
8441,1331,2025-04-24,Apparel,180.87,0.1,0,162.78,63.3,7.44,92.04
8442,1332,2024-01-11,Electronics,312.13,0.0,0,312.13,224.73,9.68,77.72
8443,1332,2024-02-26,Apparel,66.75,0.1,0,60.08,23.36,5.9,30.82
8444,1332,2024-02-07,Home,137.73,0.0,0,137.73,66.11,7.07,64.55
8445,1332,2024-06-10,Electronics,243.21,0.05,0,231.05,175.11,8.47,47.47
8446,1332,2024-08-25,Home,111.77,0.1,0,100.59,53.65,6.51,40.43
8447,1332,2024-08-15,Accessories,46.22,0.05,0,43.91,13.87,5.66,24.38
8448,1333,2024-05-25,Accessories,58.89,0.2,0,47.11,17.67,5.71,23.73
8449,1333,2024-07-15,Home,112.94,0.05,0,107.29,54.21,6.61,46.47
8450,1333,2024-07-16,Apparel,32.17,0.1,0,28.95,11.26,5.43,12.26
8451,1333,2024-08-01,Home,85.19,0.05,0,80.93,40.89,6.21,33.83
8452,1333,2024-09-08,Electronics,107.2,0.0,0,107.2,77.18,6.61,23.41
8453,1333,2024-09-15,Apparel,84.31,0.0,0,84.31,29.51,6.26,48.54
8454,1333,2024-11-19,Home,53.24,0.0,0,53.24,25.55,5.8,21.89
8455,1333,2025-02-06,Accessories,47.6,0.0,0,47.6,14.28,5.71,27.61
8456,1333,2025-03-06,Accessories,33.66,0.0,0,33.66,10.1,5.5,18.06
8457,1333,2025-04-26,Apparel,52.47,0.2,0,41.97,18.36,5.63,17.98
8458,1333,2025-04-23,Home,61.08,0.1,0,54.97,29.32,5.82,19.83
8459,1333,2025-04-11,Electronics,176.02,0.1,0,158.42,126.73,7.38,24.31
8460,1334,2024-05-10,Accessories,24.63,0.0,0,24.63,7.39,5.37,11.87
8461,1334,2024-06-05,Electronics,209.76,0.0,0,209.76,151.03,8.15,50.58
8462,1334,2024-07-02,Apparel,43.8,0.05,1,0.0,0.0,12.62,-12.62
8463,1334,2024-11-12,Electronics,154.06,0.05,0,146.36,110.92,7.2,28.24
8464,1334,2025-01-16,Home,45.7,0.0,0,45.7,21.93,5.69,18.08
8465,1334,2025-01-02,Apparel,37.7,0.2,0,30.16,13.19,5.45,11.52
8466,1334,2025-02-15,Apparel,62.0,0.1,0,55.8,21.7,5.84,28.26
8467,1335,2024-12-27,Electronics,365.16,0.2,0,292.13,262.92,9.38,19.83
8468,1335,2024-12-28,Accessories,26.0,0.05,0,24.7,7.8,5.37,11.53
8469,1335,2025-06-23,Electronics,130.76,0.1,0,117.69,94.15,6.77,16.77
8470,1336,2024-02-03,Home,56.95,0.05,0,54.11,27.34,5.81,20.96
8471,1336,2024-02-07,Accessories,44.39,0.0,0,44.39,13.32,5.67,25.4
8472,1336,2024-02-07,Home,113.19,0.1,0,101.87,54.33,6.53,41.01
8473,1336,2024-04-04,Accessories,82.52,0.0,0,82.52,24.76,6.24,51.52
8474,1336,2024-05-23,Apparel,100.24,0.05,0,95.23,35.08,6.43,53.72
8475,1336,2024-10-14,Apparel,47.98,0.0,0,47.98,16.79,5.72,25.47
8476,1336,2024-10-20,Accessories,51.39,0.05,0,48.82,15.42,5.73,27.67
8477,1336,2025-01-04,Accessories,49.72,0.0,0,49.72,14.92,5.75,29.05
8478,1336,2025-03-27,Electronics,149.24,0.05,0,141.78,107.46,7.13,27.19
8479,1336,2025-05-01,Accessories,29.59,0.0,0,29.59,8.88,5.44,15.27
8480,1337,2024-03-15,Home,68.15,0.0,0,68.15,32.71,6.02,29.42
8481,1337,2024-03-16,Apparel,54.23,0.05,0,51.51,18.98,5.77,26.76
8482,1337,2024-06-20,Home,66.97,0.05,0,63.62,32.14,5.95,25.53
8483,1337,2024-06-19,Apparel,26.65,0.0,0,26.65,9.33,5.4,11.92
8484,1337,2024-12-12,Electronics,258.56,0.05,1,0.0,0.0,15.68,-15.68
8485,1337,2024-12-25,Apparel,103.23,0.05,0,98.07,36.13,6.47,55.47
8486,1337,2025-05-27,Electronics,115.08,0.1,0,103.57,82.86,6.55,14.16
8487,1337,2025-05-25,Accessories,65.49,0.05,0,62.22,19.65,5.93,36.64
8488,1338,2024-10-12,Apparel,48.23,0.05,0,45.82,16.88,5.69,23.25
8489,1338,2024-12-15,Accessories,42.26,0.1,0,38.03,12.68,5.57,19.78
8490,1338,2025-02-11,Electronics,169.32,0.05,0,160.85,121.91,7.41,31.53
8491,1338,2025-03-15,Home,56.52,0.0,0,56.52,27.13,5.85,23.54
8492,1338,2025-03-24,Accessories,60.34,0.1,0,54.31,18.1,5.81,30.4
8493,1338,2025-04-05,Home,73.64,0.1,0,66.27,35.35,5.99,24.93
8494,1338,2025-04-14,Accessories,54.59,0.2,0,43.67,16.38,5.66,21.63
8495,1338,2025-06-24,Apparel,62.99,0.0,0,62.99,22.05,5.94,35.0
8496,1338,2025-06-19,Accessories,31.61,0.0,0,31.61,9.48,5.47,16.66
8497,1339,2024-04-22,Accessories,92.98,0.0,0,92.98,27.89,6.39,58.7
8498,1339,2024-04-06,Electronics,285.35,0.1,0,256.82,205.45,8.85,42.52
8499,1339,2024-05-27,Home,94.87,0.05,0,90.13,45.54,6.35,38.24
8500,1339,2024-05-07,Home,104.21,0.1,0,93.79,50.02,6.41,37.36
8501,1339,2024-10-11,Home,129.4,0.05,0,122.93,62.11,6.84,53.98
8502,1339,2024-11-07,Accessories,35.83,0.05,0,34.04,10.75,5.51,17.78
8503,1339,2025-04-19,Accessories,39.66,0.05,0,37.68,11.9,5.57,20.21
8504,1339,2025-04-01,Apparel,98.66,0.1,0,88.79,34.53,6.33,47.93
8505,1339,2025-04-10,Apparel,65.11,0.1,0,58.6,22.79,5.88,29.93
8506,1339,2025-04-07,Electronics,162.49,0.1,0,146.24,116.99,7.19,22.06
8507,1339,2025-05-07,Accessories,30.2,0.05,0,28.69,9.06,5.43,14.2
8508,1339,2025-06-26,Accessories,42.54,0.1,0,38.28,12.76,5.57,19.95
8509,1340,2024-01-06,Electronics,176.4,0.1,0,158.76,127.01,7.38,24.37
8510,1340,2024-02-27,Accessories,57.05,0.0,0,57.05,17.12,5.86,34.07
8511,1340,2024-02-26,Home,82.06,0.05,0,77.95,39.39,6.17,32.39
8512,1340,2024-03-18,Apparel,42.1,0.1,0,37.89,14.74,5.57,17.58
8513,1340,2024-03-16,Home,63.33,0.0,0,63.33,30.4,5.95,26.98
8514,1340,2024-04-28,Accessories,34.43,0.1,1,0.0,0.0,12.46,-12.46
8515,1340,2024-08-12,Accessories,38.18,0.1,0,34.36,11.45,5.52,17.39
8516,1340,2024-08-24,Home,43.52,0.1,0,39.17,20.89,5.59,12.69
8517,1340,2024-11-04,Apparel,40.66,0.0,0,40.66,14.23,5.61,20.82
8518,1340,2025-01-25,Electronics,131.18,0.1,0,118.06,94.45,6.77,16.84
8519,1340,2025-01-04,Accessories,50.41,0.0,0,50.41,15.12,5.76,29.53
8520,1340,2025-05-08,Electronics,288.93,0.2,0,231.15,208.03,8.47,14.65
8521,1341,2024-04-12,Apparel,84.98,0.0,0,84.98,29.74,6.27,48.97
8522,1341,2024-05-10,Home,124.31,0.0,0,124.31,59.67,6.86,57.78
8523,1341,2024-09-03,Electronics,299.23,0.1,0,269.31,215.44,9.04,44.83
8524,1341,2024-11-11,Apparel,24.84,0.2,0,19.87,8.7,5.3,5.87
8525,1341,2024-12-27,Apparel,60.42,0.05,0,57.4,21.15,5.86,30.39
8526,1341,2025-01-09,Apparel,71.59,0.05,0,68.02,25.06,6.02,36.94
8527,1341,2025-03-23,Electronics,364.65,0.0,0,364.65,262.55,10.47,91.63
8528,1341,2025-05-08,Home,104.47,0.1,0,94.02,50.14,6.41,37.47
8529,1341,2025-06-15,Apparel,33.91,0.1,1,0.0,0.0,12.46,-12.46
8530,1342,2024-06-17,Accessories,48.58,0.05,0,46.15,14.57,5.69,25.89
8531,1342,2024-06-14,Apparel,40.22,0.05,0,38.21,14.08,5.57,18.56
8532,1342,2024-08-01,Apparel,59.55,0.0,0,59.55,20.84,5.89,32.82
8533,1342,2024-12-24,Accessories,36.81,0.0,0,36.81,11.04,5.55,20.22
8534,1342,2025-06-01,Home,131.29,0.0,0,131.29,63.02,6.97,61.3
8535,1343,2024-08-06,Home,106.0,0.0,0,106.0,50.88,6.59,48.53
8536,1343,2024-11-20,Electronics,317.34,0.05,0,301.47,228.48,9.52,63.47
8537,1343,2025-02-15,Electronics,190.1,0.2,0,152.08,136.87,7.28,7.93
8538,1343,2025-04-23,Accessories,64.34,0.05,0,61.12,19.3,5.92,35.9
8539,1343,2025-04-08,Home,80.31,0.0,0,80.31,38.55,6.2,35.56
8540,1344,2024-03-20,Home,100.93,0.1,0,90.84,48.45,6.36,36.03
8541,1344,2024-04-26,Accessories,55.73,0.0,0,55.73,16.72,5.84,33.17
8542,1344,2024-07-03,Accessories,29.23,0.0,0,29.23,8.77,5.44,15.02
8543,1344,2024-09-19,Electronics,146.64,0.05,0,139.31,105.58,7.09,26.64
8544,1344,2025-01-03,Electronics,193.74,0.05,0,184.05,139.49,7.76,36.8
8545,1344,2025-01-09,Accessories,27.37,0.1,0,24.63,8.21,5.37,11.05
8546,1345,2024-04-01,Accessories,27.97,0.2,0,22.38,8.39,5.34,8.65
8547,1346,2024-02-11,Accessories,32.71,0.0,0,32.71,9.81,5.49,17.41
8548,1346,2025-01-10,Home,88.35,0.05,0,83.93,42.41,6.26,35.26
8549,1346,2025-02-21,Home,84.68,0.0,0,84.68,40.64,6.27,37.77
8550,1347,2024-05-15,Apparel,108.09,0.1,0,97.28,37.83,6.46,52.99
8551,1347,2024-05-12,Home,77.48,0.2,0,61.98,37.19,5.93,18.86
8552,1347,2024-06-13,Home,137.99,0.0,0,137.99,66.24,7.07,64.68
8553,1347,2024-10-27,Home,58.54,0.05,0,55.61,28.1,5.83,21.68
8554,1347,2025-01-13,Apparel,45.17,0.05,0,42.91,15.81,5.64,21.46
8555,1348,2024-03-14,Home,127.93,0.1,0,115.13,61.4,6.73,47.0
8556,1348,2024-04-15,Accessories,58.12,0.0,0,58.12,17.44,5.87,34.81
8557,1348,2024-05-04,Apparel,80.77,0.0,0,80.77,28.27,6.21,46.29
8558,1348,2024-06-11,Home,139.38,0.0,0,139.38,66.9,7.09,65.39
8559,1348,2024-07-26,Home,72.34,0.0,0,72.34,34.72,6.09,31.53
8560,1348,2024-10-21,Home,78.29,0.1,0,70.46,37.58,6.06,26.82
8561,1348,2024-10-06,Home,104.83,0.1,0,94.35,50.32,6.42,37.61
8562,1348,2025-04-12,Apparel,65.93,0.05,0,62.64,23.08,5.94,33.62
8563,1348,2025-04-28,Home,79.14,0.2,0,63.31,37.99,5.95,19.37
8564,1348,2025-05-26,Accessories,98.7,0.05,0,93.77,29.61,6.41,57.75
8565,1348,2025-05-18,Home,79.5,0.1,0,71.55,38.16,6.07,27.32
8566,1349,2024-03-21,Apparel,62.85,0.0,0,62.85,22.0,5.94,34.91
8567,1349,2024-10-10,Accessories,76.81,0.0,0,76.81,23.04,6.15,47.62
8568,1349,2024-11-11,Home,85.44,0.05,0,81.17,41.01,6.22,33.94
8569,1350,2024-01-12,Electronics,214.71,0.1,0,193.24,154.59,7.9,30.75
8570,1350,2024-05-15,Apparel,78.49,0.1,0,70.64,27.47,6.06,37.11
8571,1350,2025-06-16,Home,138.79,0.0,0,138.79,66.62,7.08,65.09
8572,1351,2024-10-27,Accessories,29.54,0.0,0,29.54,8.86,5.44,15.24
8573,1351,2024-10-01,Accessories,57.82,0.2,0,46.25,17.35,5.69,23.21
8574,1351,2024-11-09,Home,139.53,0.1,0,125.57,66.97,6.88,51.72
8575,1351,2024-12-16,Electronics,110.56,0.0,0,110.56,79.6,6.66,24.3
8576,1352,2024-09-10,Accessories,33.21,0.0,0,33.21,9.96,5.5,17.75
8577,1352,2025-06-17,Electronics,305.34,0.0,0,305.34,219.84,9.58,75.92
8578,1354,2024-07-21,Apparel,49.7,0.05,1,0.0,0.0,12.71,-12.71
8579,1354,2024-09-01,Apparel,44.38,0.0,0,44.38,15.53,5.67,23.18
8580,1354,2024-11-17,Electronics,275.02,0.1,0,247.52,198.02,8.71,40.79
8581,1354,2024-12-05,Home,38.29,0.05,1,0.0,0.0,12.55,-12.55
8582,1354,2025-02-27,Accessories,43.24,0.2,0,34.6,12.97,5.52,16.11
8583,1354,2025-02-11,Apparel,41.39,0.05,0,39.32,14.48,5.59,19.25
8584,1354,2025-03-13,Accessories,50.87,0.0,0,50.87,15.26,5.76,29.85
8585,1354,2025-06-25,Apparel,58.72,0.1,0,52.85,20.55,5.79,26.51
8586,1355,2024-01-05,Apparel,57.53,0.0,1,0.0,0.0,12.86,-12.86
8587,1355,2024-01-17,Electronics,254.11,0.05,0,241.4,182.96,8.62,49.82
8588,1355,2025-01-09,Apparel,51.64,0.2,0,41.31,18.07,5.62,17.62
8589,1355,2025-06-01,Electronics,321.57,0.05,0,305.5,231.53,9.58,64.39
8590,1356,2024-08-18,Electronics,152.36,0.2,0,121.89,109.7,6.83,5.36
8591,1356,2024-08-14,Home,88.88,0.1,0,79.99,42.66,6.2,31.13
8592,1356,2024-09-05,Apparel,74.88,0.1,0,67.39,26.21,6.01,35.17
8593,1356,2024-11-14,Accessories,36.21,0.0,0,36.21,10.86,5.54,19.81
8594,1356,2024-12-25,Accessories,44.24,0.2,0,35.39,13.27,5.53,16.59
8595,1356,2025-06-28,Apparel,73.65,0.05,0,69.97,25.78,6.05,38.14
8596,1356,2025-06-07,Accessories,25.99,0.05,0,24.69,7.8,5.37,11.52
8597,1356,2025-06-20,Accessories,55.16,0.0,0,55.16,16.55,5.83,32.78
8598,1356,2025-06-27,Electronics,222.49,0.05,0,211.37,160.19,8.17,43.01
8599,1357,2024-07-05,Apparel,54.13,0.2,0,43.31,18.95,5.65,18.71
8600,1357,2024-08-27,Apparel,45.2,0.2,0,36.16,15.82,5.54,14.8
8601,1357,2025-01-23,Home,57.76,0.05,0,54.87,27.72,5.82,21.33
8602,1357,2025-01-14,Accessories,75.82,0.2,0,60.66,22.75,5.91,32.0
8603,1357,2025-02-12,Electronics,216.94,0.0,0,216.94,156.2,8.25,52.49
8604,1357,2025-03-10,Accessories,73.82,0.0,0,73.82,22.15,6.11,45.56
8605,1357,2025-03-03,Accessories,23.48,0.05,0,22.3,7.04,5.33,9.93
8606,1357,2025-06-16,Home,132.21,0.05,0,125.6,63.46,6.88,55.26
8607,1358,2024-01-15,Apparel,76.77,0.2,0,61.42,26.87,5.92,28.63
8608,1358,2024-03-16,Accessories,42.84,0.2,0,34.27,12.85,5.51,15.91
8609,1358,2024-04-13,Electronics,182.21,0.05,0,173.1,131.19,7.6,34.31
8610,1358,2024-05-23,Accessories,37.73,0.1,0,33.96,11.32,5.51,17.13
8611,1358,2024-06-07,Accessories,45.47,0.0,0,45.47,13.64,5.68,26.15
8612,1358,2024-07-19,Home,90.91,0.0,0,90.91,43.63,6.36,40.92
8613,1358,2024-07-23,Accessories,134.84,0.05,1,0.0,0.0,13.92,-13.92
8614,1358,2024-10-27,Apparel,75.31,0.0,0,75.31,26.36,6.13,42.82
8615,1358,2024-10-25,Home,156.8,0.0,0,156.8,75.27,7.35,74.18
8616,1358,2025-03-22,Electronics,196.75,0.1,1,0.0,0.0,14.66,-14.66
8617,1358,2025-03-19,Home,83.17,0.1,0,74.85,39.92,6.12,28.81
8618,1359,2024-06-14,Electronics,140.17,0.0,0,140.17,100.93,7.1,32.14
8619,1359,2024-06-28,Electronics,165.92,0.2,0,132.74,119.47,6.99,6.28
8620,1359,2024-07-26,Electronics,242.65,0.0,0,242.65,174.71,8.64,59.3
8621,1359,2024-07-17,Accessories,29.02,0.1,0,26.12,8.71,5.39,12.02
8622,1359,2024-08-04,Accessories,38.67,0.1,1,0.0,0.0,12.52,-12.52
8623,1359,2025-02-10,Accessories,27.84,0.1,0,25.05,8.35,5.38,11.32
8624,1359,2025-02-25,Accessories,39.7,0.1,1,0.0,0.0,12.54,-12.54
8625,1360,2024-01-16,Accessories,54.03,0.1,0,48.62,16.21,5.73,26.68
8626,1360,2024-01-19,Home,81.42,0.0,0,81.42,39.08,6.22,36.12
8627,1360,2024-02-28,Electronics,100.94,0.2,0,80.75,72.68,6.21,1.86
8628,1360,2024-03-16,Apparel,60.65,0.1,0,54.58,21.23,5.82,27.53
8629,1360,2024-04-06,Home,74.88,0.0,0,74.88,35.94,6.12,32.82
8630,1360,2024-05-26,Accessories,49.08,0.0,0,49.08,14.72,5.74,28.62
8631,1360,2024-06-20,Electronics,243.05,0.2,0,194.44,174.99,7.92,11.53
8632,1360,2024-06-08,Accessories,28.52,0.0,0,28.52,8.56,5.43,14.53
8633,1360,2024-07-17,Electronics,70.07,0.1,0,63.06,50.45,5.95,6.66
8634,1360,2024-08-24,Home,72.86,0.1,0,65.58,34.97,5.98,24.63
8635,1360,2024-09-05,Apparel,31.7,0.1,0,28.53,11.09,5.43,12.01
8636,1360,2024-10-06,Accessories,43.71,0.05,0,41.52,13.11,5.62,22.79
8637,1361,2024-06-08,Accessories,18.23,0.1,0,16.41,5.47,5.25,5.69
8638,1361,2024-09-28,Electronics,281.21,0.05,0,267.15,202.47,9.01,55.67
8639,1361,2024-11-02,Electronics,509.43,0.1,0,458.48,366.79,11.88,79.81
8640,1361,2024-12-08,Accessories,31.64,0.1,0,28.48,9.49,5.43,13.56
8641,1362,2024-01-19,Accessories,49.65,0.0,0,49.65,14.9,5.74,29.01
8642,1362,2024-02-27,Home,120.77,0.2,0,96.61,57.97,6.45,32.19
8643,1362,2024-02-28,Electronics,62.92,0.05,1,0.0,0.0,12.9,-12.9
8644,1362,2024-03-21,Accessories,47.0,0.1,0,42.3,14.1,5.63,22.57
8645,1362,2024-04-23,Electronics,228.13,0.2,1,0.0,0.0,14.74,-14.74
8646,1362,2024-06-16,Accessories,20.98,0.1,0,18.88,6.29,5.28,7.31
8647,1362,2024-06-04,Apparel,126.88,0.0,0,126.88,44.41,6.9,75.57
8648,1363,2024-04-05,Apparel,37.6,0.05,0,35.72,13.16,5.54,17.02
8649,1363,2024-07-23,Accessories,45.41,0.1,0,40.86,13.62,5.61,21.63
8650,1364,2024-09-16,Apparel,29.84,0.2,1,0.0,0.0,12.36,-12.36
8651,1364,2025-03-28,Apparel,22.83,0.05,1,0.0,0.0,12.33,-12.33
8652,1364,2025-03-15,Apparel,63.14,0.0,0,63.14,22.1,5.95,35.09
8653,1364,2025-03-25,Home,153.37,0.0,0,153.37,73.62,7.3,72.45
8654,1364,2025-04-17,Home,109.61,0.1,0,98.65,52.61,6.48,39.56
8655,1365,2024-05-20,Accessories,22.11,0.1,0,19.9,6.63,5.3,7.97
8656,1365,2024-05-09,Apparel,88.84,0.05,1,0.0,0.0,13.27,-13.27
8657,1365,2025-04-18,Apparel,52.87,0.2,1,0.0,0.0,12.63,-12.63
8658,1365,2025-04-21,Home,114.51,0.05,0,108.78,54.96,6.63,47.19
8659,1366,2024-06-21,Home,134.47,0.1,0,121.02,64.54,6.82,49.66
8660,1366,2024-07-07,Home,123.54,0.1,0,111.19,59.3,6.67,45.22
8661,1366,2024-08-16,Accessories,46.01,0.1,0,41.41,13.8,5.62,21.99
8662,1366,2025-03-02,Apparel,36.06,0.0,0,36.06,12.62,5.54,17.9
8663,1367,2024-10-01,Apparel,46.77,0.0,0,46.77,16.37,5.7,24.7
8664,1367,2024-11-02,Apparel,46.73,0.0,0,46.73,16.36,5.7,24.67
8665,1367,2024-12-25,Apparel,39.65,0.0,0,39.65,13.88,5.59,20.18
8666,1367,2024-12-26,Home,65.02,0.0,0,65.02,31.21,5.98,27.83
8667,1367,2025-02-13,Apparel,96.76,0.05,0,91.92,33.87,6.38,51.67
8668,1367,2025-02-17,Accessories,26.43,0.1,0,23.79,7.93,5.36,10.5
8669,1367,2025-02-19,Apparel,103.61,0.0,0,103.61,36.27,6.55,60.79
8670,1367,2025-05-25,Accessories,49.98,0.2,0,39.98,14.99,5.6,19.39
8671,1367,2025-06-08,Apparel,42.45,0.2,0,33.96,14.86,5.51,13.59
8672,1368,2024-09-19,Apparel,45.53,0.05,1,0.0,0.0,12.65,-12.65
8673,1368,2025-01-08,Accessories,35.13,0.05,0,33.37,10.54,5.5,17.33
8674,1368,2025-04-23,Accessories,59.36,0.05,0,56.39,17.81,5.85,32.73
8675,1368,2025-04-17,Electronics,456.59,0.05,0,433.76,328.75,11.51,93.5
8676,1368,2025-06-23,Accessories,47.06,0.05,0,44.71,14.12,5.67,24.92
8677,1369,2024-08-23,Electronics,232.65,0.1,0,209.38,167.51,8.14,33.73
8678,1369,2024-10-15,Electronics,178.74,0.0,0,178.74,128.69,7.68,42.37
8679,1369,2024-10-03,Accessories,53.87,0.0,0,53.87,16.16,5.81,31.9
8680,1369,2024-10-16,Accessories,77.23,0.0,0,77.23,23.17,6.16,47.9
8681,1370,2024-10-13,Apparel,71.04,0.0,0,71.04,24.86,6.07,40.11
8682,1370,2025-01-17,Electronics,279.52,0.0,0,279.52,201.26,9.19,69.07
8683,1371,2024-06-24,Electronics,288.86,0.0,0,288.86,207.98,9.33,71.55
8684,1371,2025-02-23,Home,115.9,0.0,0,115.9,55.63,6.74,53.53
8685,1371,2025-02-05,Accessories,53.34,0.2,0,42.67,16.0,5.64,21.03
8686,1371,2025-02-20,Electronics,357.89,0.0,0,357.89,257.68,10.37,89.84
8687,1372,2024-09-19,Electronics,278.62,0.05,0,264.69,200.61,8.97,55.11
8688,1372,2024-09-23,Home,56.09,0.0,0,56.09,26.92,5.84,23.33
8689,1372,2024-09-17,Electronics,369.29,0.0,0,369.29,265.89,10.54,92.86
8690,1372,2024-11-08,Apparel,83.2,0.0,0,83.2,29.12,6.25,47.83
8691,1372,2024-11-16,Home,164.24,0.1,0,147.82,78.84,7.22,61.76
8692,1372,2025-02-05,Home,80.97,0.0,0,80.97,38.86,6.21,35.9
8693,1372,2025-02-09,Home,98.37,0.1,0,88.53,47.22,6.33,34.98
8694,1372,2025-04-20,Apparel,53.28,0.1,1,0.0,0.0,12.72,-12.72
8695,1373,2024-07-21,Home,118.3,0.1,0,106.47,56.78,6.6,43.09
8696,1373,2024-12-24,Apparel,144.61,0.05,1,0.0,0.0,14.06,-14.06
8697,1373,2025-01-19,Apparel,48.86,0.05,0,46.42,17.1,5.7,23.62
8698,1373,2025-02-06,Electronics,150.93,0.1,0,135.83,108.67,7.04,20.12
8699,1373,2025-03-05,Apparel,83.34,0.05,0,79.17,29.17,6.19,43.81
8700,1373,2025-04-16,Accessories,37.23,0.2,0,29.78,11.17,5.45,13.16
8701,1373,2025-04-28,Electronics,101.83,0.0,0,101.83,73.32,6.53,21.98
8702,1374,2024-07-08,Accessories,40.13,0.0,0,40.13,12.04,5.6,22.49
8703,1374,2024-08-25,Electronics,183.63,0.0,0,183.63,132.21,7.75,43.67
8704,1374,2024-08-17,Accessories,38.3,0.2,0,30.64,11.49,5.46,13.69
8705,1374,2024-09-12,Electronics,335.65,0.0,0,335.65,241.67,10.03,83.95
8706,1374,2024-10-08,Accessories,31.4,0.1,0,28.26,9.42,5.42,13.42
8707,1374,2024-11-20,Electronics,271.97,0.0,0,271.97,195.82,9.08,67.07
8708,1374,2024-12-28,Apparel,92.49,0.2,0,73.99,32.37,6.11,35.51
8709,1374,2025-01-16,Electronics,133.64,0.05,0,126.96,96.22,6.9,23.84
8710,1374,2025-02-04,Apparel,32.86,0.1,0,29.57,11.5,5.44,12.63
8711,1374,2025-02-08,Home,71.22,0.05,1,0.0,0.0,13.01,-13.01
8712,1374,2025-04-06,Electronics,156.24,0.1,0,140.62,112.49,7.11,21.02
8713,1374,2025-06-25,Electronics,297.17,0.0,0,297.17,213.96,9.46,73.75
8714,1374,2025-06-27,Accessories,55.4,0.0,0,55.4,16.62,5.83,32.95
8715,1375,2024-07-25,Electronics,249.13,0.05,0,236.68,179.38,8.55,48.75
8716,1375,2024-08-13,Home,109.28,0.0,0,109.28,52.46,6.64,50.18
8717,1375,2024-09-09,Home,77.18,0.0,1,0.0,0.0,13.16,-13.16
8718,1375,2024-11-11,Accessories,44.06,0.1,0,39.65,13.22,5.59,20.84
8719,1375,2024-12-24,Electronics,138.0,0.2,0,110.4,99.36,6.66,4.38
8720,1375,2025-01-19,Accessories,47.65,0.0,0,47.65,14.29,5.71,27.65
8721,1375,2025-05-09,Home,81.35,0.05,0,77.28,39.05,6.16,32.07
8722,1375,2025-05-22,Electronics,239.24,0.0,0,239.24,172.25,8.59,58.4
8723,1376,2024-01-13,Accessories,19.74,0.0,0,19.74,5.92,5.3,8.52
8724,1376,2024-04-07,Electronics,209.92,0.0,1,0.0,0.0,15.15,-15.15
8725,1376,2024-04-13,Accessories,43.98,0.0,1,0.0,0.0,12.66,-12.66
8726,1376,2024-05-26,Electronics,323.85,0.05,0,307.65,233.17,9.61,64.87
8727,1376,2024-05-08,Electronics,112.86,0.1,0,101.57,81.26,6.52,13.79
8728,1376,2024-05-11,Accessories,17.77,0.1,0,15.99,5.33,5.24,5.42
8729,1376,2024-06-11,Home,129.93,0.1,0,116.94,62.37,6.75,47.82
8730,1376,2024-12-24,Electronics,322.3,0.05,0,306.19,232.06,9.59,64.54
8731,1376,2025-05-16,Apparel,81.95,0.0,0,81.95,28.68,6.23,47.04
8732,1376,2025-05-14,Electronics,274.9,0.0,0,274.9,197.93,9.12,67.85
8733,1377,2024-02-08,Apparel,63.95,0.05,1,0.0,0.0,12.91,-12.91
8734,1377,2024-03-03,Home,121.71,0.05,0,115.62,58.42,6.73,50.47
8735,1377,2024-12-22,Accessories,59.75,0.0,0,59.75,17.93,5.9,35.92
8736,1377,2024-12-27,Electronics,238.68,0.1,0,214.81,171.85,8.22,34.74
8737,1377,2025-02-22,Accessories,30.12,0.2,0,24.09,9.03,5.36,9.7
8738,1377,2025-05-05,Electronics,191.38,0.0,0,191.38,137.79,7.87,45.72
8739,1378,2024-02-15,Electronics,228.75,0.05,0,217.32,164.7,8.26,44.36
8740,1378,2024-05-24,Electronics,205.52,0.1,0,184.97,147.98,7.77,29.22
8741,1378,2024-07-17,Apparel,81.44,0.05,0,77.37,28.5,6.16,42.71
8742,1378,2024-08-22,Electronics,347.65,0.0,0,347.65,250.31,10.21,87.13
8743,1378,2024-09-18,Home,122.24,0.2,0,97.79,58.68,6.47,32.64
8744,1378,2024-10-23,Accessories,77.5,0.1,0,69.75,23.25,6.05,40.45
8745,1378,2025-01-13,Electronics,200.78,0.05,0,190.74,144.56,7.86,38.32
8746,1378,2025-01-25,Home,92.34,0.05,0,87.72,44.32,6.32,37.08
8747,1379,2024-04-21,Electronics,257.23,0.05,0,244.37,185.2,8.67,50.5
8748,1379,2024-04-27,Home,84.63,0.0,0,84.63,40.62,6.27,37.74
8749,1380,2024-04-09,Apparel,38.99,0.2,0,31.19,13.65,5.47,12.07
8750,1380,2024-05-28,Home,51.2,0.05,0,48.64,24.57,5.73,18.34
8751,1380,2024-05-23,Home,105.17,0.1,0,94.66,50.48,6.42,37.76
8752,1380,2024-06-04,Home,75.16,0.1,0,67.64,36.08,6.01,25.55
8753,1380,2024-06-25,Home,92.9,0.1,0,83.61,44.59,6.25,32.77
8754,1380,2024-08-11,Electronics,92.98,0.0,0,92.98,66.95,6.39,19.64
8755,1380,2024-08-16,Accessories,82.37,0.1,0,74.14,24.71,6.11,43.32
8756,1380,2024-09-25,Accessories,51.47,0.05,0,48.89,15.44,5.73,27.72
8757,1380,2024-11-06,Electronics,227.87,0.0,0,227.87,164.07,8.42,55.38
8758,1380,2024-12-20,Electronics,214.35,0.1,1,0.0,0.0,14.89,-14.89
8759,1380,2025-01-05,Electronics,330.19,0.1,0,297.17,237.74,9.46,49.97
8760,1380,2025-03-26,Accessories,50.91,0.0,0,50.91,15.27,5.76,29.88
8761,1380,2025-03-06,Electronics,214.84,0.05,0,204.1,154.69,8.06,41.35
8762,1380,2025-05-04,Home,118.65,0.0,0,118.65,56.95,6.78,54.92
8763,1381,2024-10-21,Apparel,44.47,0.05,0,42.25,15.57,5.63,21.05
8764,1382,2024-09-03,Accessories,62.48,0.2,0,49.98,18.74,5.75,25.49
8765,1382,2025-01-17,Accessories,44.53,0.0,0,44.53,13.36,5.67,25.5
8766,1383,2024-02-11,Home,114.93,0.05,0,109.18,55.17,6.64,47.37
8767,1384,2024-07-25,Electronics,215.32,0.0,0,215.32,155.03,8.23,52.06
8768,1384,2024-10-08,Home,109.12,0.0,0,109.12,52.38,6.64,50.1
8769,1384,2024-10-12,Accessories,44.8,0.05,0,42.56,13.44,5.64,23.48
8770,1384,2024-11-23,Electronics,337.34,0.2,0,269.87,242.88,9.05,17.94
8771,1384,2024-11-07,Electronics,131.47,0.2,0,105.18,94.66,6.58,3.94
8772,1384,2024-11-16,Apparel,57.93,0.0,0,57.93,20.28,5.87,31.78
8773,1384,2025-01-26,Apparel,93.51,0.05,0,88.83,32.73,6.33,49.77
8774,1384,2025-01-26,Accessories,30.7,0.05,0,29.17,9.21,5.44,14.52
8775,1384,2025-04-09,Apparel,58.88,0.1,0,52.99,20.61,5.79,26.59
8776,1385,2024-01-21,Electronics,161.66,0.0,0,161.66,116.4,7.42,37.84
8777,1385,2024-09-23,Electronics,278.97,0.0,0,278.97,200.86,9.18,68.93
8778,1385,2025-04-03,Home,82.36,0.0,0,82.36,39.53,6.24,36.59
8779,1385,2025-04-13,Electronics,263.88,0.0,0,263.88,189.99,8.96,64.93
8780,1386,2024-08-09,Home,97.57,0.0,0,97.57,46.83,6.46,44.28
8781,1386,2024-11-04,Home,125.98,0.0,0,125.98,60.47,6.89,58.62
8782,1386,2025-04-01,Accessories,61.5,0.1,0,55.35,18.45,5.83,31.07
8783,1387,2024-08-03,Accessories,22.38,0.0,0,22.38,6.71,5.34,10.33
8784,1387,2024-08-24,Electronics,260.29,0.05,0,247.28,187.41,8.71,51.16
8785,1387,2024-09-22,Electronics,298.84,0.05,0,283.9,215.17,9.26,59.47
8786,1387,2025-03-19,Accessories,42.89,0.1,0,38.6,12.87,5.58,20.15
8787,1387,2025-05-18,Electronics,220.03,0.1,0,198.02,158.42,7.97,31.63
8788,1388,2024-04-27,Electronics,174.86,0.1,0,157.38,125.9,7.36,24.12
8789,1388,2024-07-28,Apparel,92.72,0.0,0,92.72,32.45,6.39,53.88
8790,1388,2024-08-27,Home,49.11,0.2,0,39.29,23.57,5.59,10.13
8791,1388,2024-08-10,Accessories,34.61,0.1,0,31.15,10.38,5.47,15.3
8792,1388,2025-05-26,Apparel,81.39,0.1,0,73.25,28.49,6.1,38.66
8793,1388,2025-06-15,Accessories,76.61,0.05,0,72.78,22.98,6.09,43.71
8794,1389,2024-01-16,Home,159.09,0.0,0,159.09,76.36,7.39,75.34
8795,1389,2024-01-16,Electronics,160.45,0.2,0,128.36,115.52,6.93,5.91
8796,1389,2024-05-01,Accessories,42.88,0.05,1,0.0,0.0,12.61,-12.61
8797,1389,2024-05-11,Home,94.86,0.0,0,94.86,45.53,6.42,42.91
8798,1389,2024-06-06,Home,60.34,0.0,0,60.34,28.96,5.91,25.47
8799,1389,2024-06-20,Home,87.81,0.0,0,87.81,42.15,6.32,39.34
8800,1390,2024-05-14,Apparel,86.55,0.05,0,82.23,30.29,6.23,45.71
8801,1390,2024-05-08,Home,43.92,0.0,0,43.92,21.08,5.66,17.18
8802,1390,2025-01-15,Electronics,224.46,0.05,0,213.24,161.61,8.2,43.43
8803,1391,2024-04-26,Accessories,42.73,0.1,0,38.46,12.82,5.58,20.06
8804,1391,2024-09-23,Home,113.36,0.05,0,107.7,54.41,6.62,46.67
8805,1391,2024-10-24,Electronics,268.35,0.2,0,214.68,193.21,8.22,13.25
8806,1392,2024-04-28,Home,40.25,0.2,0,32.2,19.32,5.48,7.4
8807,1392,2024-05-24,Electronics,222.74,0.05,0,211.6,160.37,8.17,43.06
8808,1392,2024-05-18,Home,148.33,0.1,0,133.5,71.2,7.0,55.3
8809,1392,2024-06-17,Accessories,18.94,0.05,0,18.0,5.68,5.27,7.05
8810,1392,2024-08-17,Apparel,51.32,0.05,0,48.75,17.96,5.73,25.06
8811,1392,2024-09-26,Apparel,56.13,0.2,1,0.0,0.0,12.67,-12.67
8812,1392,2024-10-05,Apparel,54.4,0.1,0,48.96,19.04,5.73,24.19
8813,1392,2024-10-01,Accessories,58.85,0.0,0,58.85,17.65,5.88,35.32
8814,1392,2024-12-13,Home,118.02,0.2,0,94.42,56.65,6.42,31.35
8815,1392,2024-12-24,Electronics,280.7,0.0,0,280.7,202.1,9.21,69.39
8816,1392,2025-01-04,Apparel,119.68,0.05,0,113.7,41.89,6.71,65.1
8817,1392,2025-02-23,Home,120.55,0.05,1,0.0,0.0,13.72,-13.72
8818,1392,2025-04-01,Electronics,158.25,0.1,0,142.43,113.94,7.14,21.35
8819,1393,2024-04-01,Home,84.4,0.0,0,84.4,40.51,6.27,37.62
8820,1393,2025-04-19,Home,136.26,0.2,0,109.01,65.4,6.64,36.97
8821,1394,2024-03-03,Accessories,59.4,0.0,0,59.4,17.82,5.89,35.69
8822,1394,2024-05-25,Accessories,104.15,0.1,0,93.74,31.25,6.41,56.08
8823,1394,2024-07-07,Electronics,52.64,0.05,0,50.01,37.9,5.75,6.36
8824,1394,2024-07-03,Home,79.54,0.0,0,79.54,38.18,6.19,35.17
8825,1395,2024-10-20,Accessories,40.36,0.0,0,40.36,12.11,5.61,22.64
8826,1395,2025-01-22,Electronics,251.79,0.1,0,226.61,181.29,8.4,36.92
8827,1395,2025-02-13,Electronics,314.39,0.0,1,0.0,0.0,16.72,-16.72
8828,1395,2025-02-13,Apparel,85.38,0.0,0,85.38,29.88,6.28,49.22
8829,1396,2024-09-20,Home,77.3,0.05,0,73.44,37.1,6.1,30.24
8830,1396,2024-09-26,Home,78.71,0.0,0,78.71,37.78,6.18,34.75
8831,1396,2024-12-09,Apparel,56.98,0.0,0,56.98,19.94,5.85,31.19
8832,1396,2024-12-24,Electronics,165.68,0.0,0,165.68,119.29,7.49,38.9
8833,1396,2024-12-27,Home,77.15,0.0,0,77.15,37.03,6.16,33.96
8834,1396,2024-12-10,Accessories,69.65,0.2,0,55.72,20.89,5.84,28.99
8835,1396,2025-04-24,Apparel,77.08,0.05,0,73.22,26.98,6.1,40.14
8836,1396,2025-04-18,Electronics,136.81,0.1,0,123.13,98.5,6.85,17.78
8837,1396,2025-05-08,Accessories,31.56,0.1,1,0.0,0.0,12.43,-12.43
8838,1397,2024-02-12,Home,137.26,0.2,0,109.81,65.88,6.65,37.28
8839,1397,2024-02-18,Home,145.23,0.05,0,137.97,69.71,7.07,61.19
8840,1397,2024-02-04,Accessories,71.49,0.0,0,71.49,21.45,6.07,43.97
8841,1397,2024-04-27,Accessories,38.13,0.0,0,38.13,11.44,5.57,21.12
8842,1397,2024-05-02,Electronics,277.2,0.0,0,277.2,199.58,9.16,68.46
8843,1397,2024-07-10,Electronics,130.45,0.1,0,117.41,93.92,6.76,16.73
8844,1397,2024-10-22,Accessories,73.53,0.05,0,69.85,22.06,6.05,41.74
8845,1398,2024-03-14,Electronics,247.71,0.0,0,247.71,178.35,8.72,60.64
8846,1398,2024-03-25,Accessories,50.35,0.05,0,47.83,15.11,5.72,27.0
8847,1398,2024-06-20,Home,132.55,0.0,0,132.55,63.62,6.99,61.94
8848,1398,2024-09-17,Apparel,57.8,0.1,0,52.02,20.23,5.78,26.01
8849,1398,2024-11-06,Accessories,62.4,0.1,0,56.16,18.72,5.84,31.6
8850,1398,2024-12-15,Apparel,63.8,0.05,0,60.61,22.33,5.91,32.37
8851,1398,2025-03-02,Home,76.51,0.1,0,68.86,36.73,6.03,26.1
8852,1399,2024-03-19,Apparel,110.63,0.1,0,99.57,38.72,6.49,54.36
8853,1399,2024-04-13,Apparel,83.23,0.1,0,74.91,29.13,6.12,39.66
8854,1399,2024-05-23,Accessories,64.7,0.0,1,0.0,0.0,12.97,-12.97
8855,1399,2024-06-06,Accessories,75.16,0.2,0,60.13,22.55,5.9,31.68
8856,1399,2024-06-22,Apparel,96.08,0.1,0,86.47,33.63,6.3,46.54
8857,1399,2024-07-09,Home,74.69,0.1,0,67.22,35.85,6.01,25.36
8858,1399,2024-08-21,Apparel,28.29,0.0,0,28.29,9.9,5.42,12.97
8859,1399,2024-09-05,Home,149.84,0.2,0,119.87,71.92,6.8,41.15
8860,1399,2024-09-06,Home,233.34,0.0,0,233.34,112.0,8.5,112.84
8861,1399,2024-10-10,Home,172.52,0.05,0,163.9,82.81,7.46,73.63
8862,1399,2024-12-08,Apparel,57.28,0.0,0,57.28,20.05,5.86,31.37
8863,1399,2025-01-11,Apparel,59.75,0.2,0,47.8,20.91,5.72,21.17
8864,1399,2025-03-01,Accessories,64.64,0.0,0,64.64,19.39,5.97,39.28
8865,1399,2025-04-14,Apparel,115.09,0.2,0,92.08,40.28,6.38,45.42
8866,1399,2025-05-04,Home,100.41,0.0,0,100.41,48.2,6.51,45.7
8867,1399,2025-05-16,Home,71.71,0.0,0,71.71,34.42,6.08,31.21
8868,1399,2025-06-01,Accessories,77.73,0.0,0,77.73,23.32,6.17,48.24
8869,1400,2024-03-19,Home,75.33,0.05,0,71.57,36.16,6.07,29.34
8870,1400,2024-03-24,Home,147.97,0.05,0,140.58,71.03,7.11,62.44
8871,1400,2024-05-14,Apparel,38.63,0.0,0,38.63,13.52,5.58,19.53
8872,1400,2024-06-28,Apparel,31.52,0.05,0,29.94,11.03,5.45,13.46
8873,1400,2024-08-18,Accessories,35.08,0.0,0,35.08,10.52,5.53,19.03
8874,1400,2024-11-16,Apparel,46.03,0.1,0,41.43,16.11,5.62,19.7
8875,1400,2024-11-04,Electronics,121.7,0.1,0,109.53,87.63,6.64,15.26
8876,1400,2025-02-28,Accessories,42.86,0.05,0,40.71,12.86,5.61,22.24
8877,1401,2024-05-10,Accessories,51.64,0.0,0,51.64,15.49,5.77,30.38
8878,1401,2024-05-09,Home,96.58,0.0,0,96.58,46.36,6.45,43.77
8879,1401,2024-08-26,Accessories,77.34,0.0,1,0.0,0.0,13.16,-13.16
8880,1402,2024-05-11,Home,64.93,0.1,0,58.44,31.17,5.88,21.39
8881,1402,2025-04-13,Electronics,146.81,0.2,0,117.45,105.7,6.76,4.99
8882,1403,2024-07-24,Accessories,23.24,0.05,0,22.07,6.97,5.33,9.77
8883,1403,2025-03-03,Accessories,31.62,0.05,0,30.04,9.49,5.45,15.1
8884,1403,2025-04-02,Home,108.47,0.2,0,86.77,52.06,6.3,28.41
8885,1403,2025-05-04,Electronics,234.23,0.0,0,234.23,168.64,8.51,57.08
8886,1404,2025-01-24,Accessories,54.73,0.05,0,51.99,16.42,5.78,29.79
8887,1404,2025-03-13,Electronics,419.12,0.1,0,377.21,301.77,10.66,64.78
8888,1405,2024-05-18,Electronics,121.0,0.0,0,121.0,87.12,6.81,27.07
8889,1405,2024-06-16,Accessories,38.28,0.1,0,34.45,11.48,5.52,17.45
8890,1405,2024-06-04,Electronics,113.41,0.05,1,0.0,0.0,13.62,-13.62
8891,1405,2024-11-15,Home,107.42,0.1,0,96.68,51.56,6.45,38.67
8892,1405,2024-12-16,Accessories,32.12,0.1,0,28.91,9.64,5.43,13.84
8893,1405,2025-04-14,Apparel,66.56,0.0,0,66.56,23.3,6.0,37.26
8894,1405,2025-04-14,Accessories,13.39,0.0,0,13.39,4.02,5.2,4.17
8895,1405,2025-05-06,Accessories,90.07,0.2,0,72.06,27.02,6.08,38.96
8896,1405,2025-05-19,Apparel,55.17,0.1,0,49.65,19.31,5.74,24.6
8897,1406,2024-07-02,Apparel,83.36,0.2,0,66.69,29.18,6.0,31.51
8898,1406,2024-11-09,Home,87.86,0.05,0,83.46,42.17,6.25,35.04
8899,1406,2024-12-07,Home,110.63,0.0,0,110.63,53.1,6.66,50.87
8900,1406,2025-04-28,Accessories,29.0,0.0,0,29.0,8.7,5.43,14.87
8901,1406,2025-04-15,Home,53.47,0.1,0,48.12,25.66,5.72,16.74
8902,1407,2025-03-08,Electronics,284.24,0.1,0,255.82,204.65,8.84,42.33
8903,1407,2025-03-01,Home,56.66,0.0,0,56.66,27.2,5.85,23.61
8904,1407,2025-05-21,Apparel,38.48,0.1,0,34.63,13.47,5.52,15.64
8905,1408,2024-01-23,Accessories,34.25,0.1,0,30.82,10.27,5.46,15.09
8906,1408,2024-09-12,Accessories,65.68,0.1,0,59.12,19.71,5.89,33.52
8907,1408,2025-02-25,Accessories,54.95,0.05,0,52.2,16.49,5.78,29.93
8908,1408,2025-02-17,Electronics,327.76,0.05,0,311.37,235.98,9.67,65.72
8909,1409,2024-02-19,Electronics,437.62,0.05,0,415.74,315.09,11.24,89.41
8910,1409,2024-03-01,Accessories,35.93,0.05,0,34.14,10.78,5.51,17.85
8911,1409,2024-03-09,Accessories,124.01,0.0,0,124.01,37.2,6.86,79.95
8912,1409,2024-04-10,Electronics,107.28,0.0,0,107.28,77.24,6.61,23.43
8913,1409,2024-05-21,Apparel,46.86,0.2,1,0.0,0.0,12.56,-12.56
8914,1409,2024-05-04,Home,49.6,0.0,0,49.6,23.81,5.74,20.05
8915,1409,2024-05-08,Electronics,154.22,0.0,0,154.22,111.04,7.31,35.87
8916,1409,2024-07-02,Apparel,110.26,0.0,1,0.0,0.0,13.65,-13.65
8917,1409,2025-03-23,Home,108.68,0.2,0,86.94,52.16,6.3,28.48
8918,1409,2025-06-11,Home,125.66,0.2,0,100.53,60.32,6.51,33.7
8919,1409,2025-06-18,Home,111.37,0.05,0,105.8,53.46,6.59,45.75
8920,1410,2024-10-06,Home,109.86,0.05,0,104.36,52.73,6.57,45.06
8921,1410,2025-05-01,Home,59.54,0.0,0,59.54,28.58,5.89,25.07
8922,1411,2024-04-06,Home,141.56,0.2,0,113.25,67.95,6.7,38.6
8923,1411,2024-05-17,Home,155.58,0.2,0,124.46,74.68,6.87,42.91
8924,1411,2024-07-25,Electronics,133.28,0.05,0,126.62,95.96,6.9,23.76
8925,1411,2024-07-27,Home,82.95,0.1,0,74.66,39.82,6.12,28.72
8926,1411,2024-08-26,Home,123.35,0.05,0,117.18,59.21,6.76,51.21
8927,1411,2025-02-18,Electronics,118.74,0.1,0,106.86,85.49,6.6,14.77
8928,1412,2024-03-12,Home,82.67,0.1,0,74.4,39.68,6.12,28.6
8929,1412,2025-01-18,Electronics,238.4,0.0,0,238.4,171.65,8.58,58.17
8930,1412,2025-06-22,Home,113.6,0.1,0,102.24,54.53,6.53,41.18
8931,1413,2024-04-14,Home,114.25,0.05,0,108.54,54.84,6.63,47.07
8932,1413,2024-06-25,Accessories,61.38,0.0,0,61.38,18.41,5.92,37.05
8933,1413,2024-06-26,Electronics,235.02,0.0,0,235.02,169.22,8.53,57.27
8934,1413,2024-06-12,Accessories,102.96,0.2,0,82.37,30.89,6.24,45.24
8935,1413,2024-07-25,Home,107.53,0.05,0,102.15,51.61,6.53,44.01
8936,1413,2024-08-10,Accessories,38.46,0.1,1,0.0,0.0,12.52,-12.52
8937,1413,2024-09-07,Electronics,174.04,0.0,1,0.0,0.0,14.61,-14.61
8938,1413,2024-11-15,Home,112.8,0.1,0,101.52,54.14,6.52,40.86
8939,1413,2025-01-28,Apparel,42.05,0.05,0,39.95,14.72,5.6,19.63
8940,1413,2025-01-24,Accessories,82.43,0.2,0,65.95,24.73,5.99,35.23
8941,1413,2025-03-25,Apparel,31.29,0.2,0,25.03,10.95,5.38,8.7
8942,1413,2025-03-06,Home,99.63,0.1,0,89.67,47.82,6.35,35.5
8943,1413,2025-06-21,Home,90.11,0.05,0,85.6,43.25,6.28,36.07
8944,1414,2024-08-28,Home,109.52,0.0,0,109.52,52.57,6.64,50.31
8945,1414,2024-08-20,Home,79.11,0.1,0,71.19,37.97,6.07,27.15
8946,1414,2024-09-11,Apparel,101.51,0.05,0,96.43,35.53,6.45,54.45
8947,1414,2024-10-08,Home,88.62,0.2,0,70.9,42.54,6.06,22.3
8948,1414,2024-12-10,Electronics,209.17,0.2,0,167.33,150.6,7.51,9.22
8949,1414,2024-12-22,Electronics,235.99,0.1,0,212.39,169.91,8.19,34.29
8950,1414,2025-01-16,Home,114.03,0.0,0,114.03,54.73,6.71,52.59
8951,1415,2024-10-14,Accessories,27.15,0.0,0,27.15,8.14,5.41,13.6
8952,1415,2024-10-14,Home,64.23,0.05,0,61.02,30.83,5.92,24.27
8953,1416,2024-10-12,Electronics,322.84,0.1,1,0.0,0.0,16.36,-16.36
8954,1416,2024-11-12,Accessories,54.15,0.0,0,54.15,16.25,5.81,32.09
8955,1416,2025-02-01,Apparel,97.12,0.1,0,87.41,33.99,6.31,47.11
8956,1417,2024-03-28,Accessories,36.19,0.2,0,28.95,10.86,5.43,12.66
8957,1417,2024-03-05,Electronics,289.62,0.05,0,275.14,208.53,9.13,57.48
8958,1417,2024-05-21,Electronics,226.79,0.0,0,226.79,163.29,8.4,55.1
8959,1417,2024-05-10,Electronics,318.23,0.2,1,0.0,0.0,15.82,-15.82
8960,1417,2024-06-16,Home,71.18,0.05,0,67.62,34.17,6.01,27.44
8961,1417,2024-07-25,Accessories,53.96,0.1,0,48.56,16.19,5.73,26.64
8962,1417,2024-07-10,Electronics,139.47,0.0,0,139.47,100.42,7.09,31.96
8963,1417,2024-09-23,Apparel,38.15,0.0,1,0.0,0.0,12.57,-12.57
8964,1417,2024-10-24,Accessories,38.63,0.0,0,38.63,11.59,5.58,21.46
8965,1417,2024-10-21,Electronics,141.6,0.0,0,141.6,101.95,7.12,32.53
8966,1417,2024-11-08,Apparel,44.66,0.05,0,42.43,15.63,5.64,21.16
8967,1417,2025-01-20,Home,91.01,0.05,0,86.46,43.68,6.3,36.48
8968,1418,2024-05-02,Electronics,239.71,0.05,0,227.72,172.59,8.42,46.71
8969,1418,2024-05-09,Electronics,217.34,0.05,0,206.47,156.48,8.1,41.89
8970,1418,2024-06-01,Electronics,169.95,0.05,0,161.45,122.36,7.42,31.67
8971,1418,2024-10-26,Home,82.14,0.05,0,78.03,39.43,6.17,32.43
8972,1418,2025-01-10,Accessories,46.62,0.05,0,44.29,13.99,5.66,24.64
8973,1418,2025-01-05,Apparel,90.88,0.05,0,86.33,31.81,6.29,48.23
8974,1418,2025-05-25,Accessories,115.19,0.05,0,109.43,34.56,6.64,68.23
8975,1419,2024-03-13,Home,73.64,0.2,0,58.91,35.35,5.88,17.68
8976,1419,2024-03-15,Accessories,40.79,0.1,0,36.71,12.24,5.55,18.92
8977,1419,2024-11-17,Electronics,212.01,0.2,0,169.61,152.65,7.54,9.42
8978,1419,2024-11-23,Accessories,50.7,0.05,0,48.16,15.21,5.72,27.23
8979,1419,2024-12-10,Apparel,62.07,0.0,1,0.0,0.0,12.93,-12.93
8980,1419,2025-03-04,Accessories,25.54,0.0,0,25.54,7.66,5.38,12.5
8981,1419,2025-03-11,Electronics,101.7,0.05,0,96.61,73.22,6.45,16.94
8982,1419,2025-06-28,Electronics,205.6,0.0,0,205.6,148.03,8.08,49.49
8983,1420,2024-10-08,Electronics,316.01,0.1,0,284.41,227.53,9.27,47.61
8984,1420,2024-11-10,Home,70.67,0.0,1,0.0,0.0,13.06,-13.06
8985,1420,2025-01-07,Accessories,62.96,0.05,0,59.81,18.89,5.9,35.02
8986,1420,2025-02-18,Electronics,235.29,0.0,0,235.29,169.41,8.53,57.35
8987,1420,2025-03-20,Apparel,67.64,0.0,1,0.0,0.0,13.01,-13.01
8988,1420,2025-05-18,Electronics,177.56,0.05,0,168.68,127.84,7.53,33.31
8989,1420,2025-06-06,Apparel,91.01,0.05,0,86.46,31.85,6.3,48.31
8990,1420,2025-06-11,Electronics,233.51,0.0,0,233.51,168.13,8.5,56.88
8991,1421,2024-06-13,Accessories,54.28,0.1,0,48.85,16.28,5.73,26.84
8992,1421,2024-07-13,Electronics,272.43,0.05,0,258.81,196.15,8.88,53.78
8993,1421,2024-08-02,Electronics,209.26,0.0,0,209.26,150.67,8.14,50.45
8994,1421,2024-09-07,Electronics,159.25,0.1,0,143.33,114.66,7.15,21.52
8995,1421,2024-09-25,Electronics,314.33,0.1,0,282.9,226.32,9.24,47.34
8996,1421,2024-11-22,Accessories,82.66,0.2,0,66.13,24.8,5.99,35.34
8997,1421,2024-11-04,Apparel,92.22,0.1,0,83.0,32.28,6.24,44.48
8998,1421,2025-02-23,Accessories,47.73,0.0,0,47.73,14.32,5.72,27.69
8999,1421,2025-04-21,Home,93.62,0.1,0,84.26,44.94,6.26,33.06
9000,1421,2025-05-27,Home,59.99,0.1,0,53.99,28.79,5.81,19.39
9001,1422,2024-02-22,Apparel,52.71,0.05,0,50.07,18.45,5.75,25.87
9002,1422,2024-05-05,Accessories,41.8,0.0,0,41.8,12.54,5.63,23.63
9003,1422,2024-06-26,Home,64.81,0.0,0,64.81,31.11,5.97,27.73
9004,1422,2024-11-21,Electronics,130.4,0.1,0,117.36,93.89,6.76,16.71
9005,1423,2024-07-14,Accessories,32.25,0.2,0,25.8,9.68,5.39,10.73
9006,1423,2024-08-01,Home,185.36,0.05,0,176.1,88.97,7.64,79.49
9007,1423,2024-09-07,Home,156.0,0.2,0,124.8,74.88,6.87,43.05
9008,1423,2024-10-05,Home,78.12,0.05,0,74.22,37.5,6.11,30.61
9009,1423,2024-11-23,Apparel,52.8,0.05,0,50.16,18.48,5.75,25.93
9010,1423,2025-01-08,Apparel,56.91,0.05,0,54.07,19.92,5.81,28.34
9011,1423,2025-03-13,Accessories,25.06,0.05,0,23.81,7.52,5.36,10.93
9012,1423,2025-05-17,Electronics,158.01,0.05,1,0.0,0.0,14.25,-14.25
9013,1423,2025-06-06,Apparel,93.98,0.05,1,0.0,0.0,13.34,-13.34
9014,1424,2024-01-06,Apparel,57.42,0.05,0,54.55,20.1,5.82,28.63
9015,1424,2024-02-24,Electronics,120.93,0.1,0,108.84,87.07,6.63,15.14
9016,1424,2024-02-17,Electronics,116.82,0.0,0,116.82,84.11,6.75,25.96
9017,1424,2024-04-22,Apparel,46.89,0.2,0,37.51,16.41,5.56,15.54
9018,1424,2024-05-25,Home,102.88,0.0,0,102.88,49.38,6.54,46.96
9019,1424,2024-05-14,Accessories,40.74,0.05,0,38.7,12.22,5.58,20.9
9020,1424,2024-09-20,Apparel,61.21,0.0,1,0.0,0.0,12.92,-12.92
9021,1424,2024-10-16,Home,64.11,0.0,0,64.11,30.77,5.96,27.38
9022,1424,2024-12-15,Accessories,88.97,0.2,0,71.18,26.69,6.07,38.42
9023,1424,2025-02-27,Apparel,61.26,0.2,0,49.01,21.44,5.74,21.83
9024,1424,2025-02-04,Apparel,104.79,0.05,0,99.55,36.68,6.49,56.38
9025,1424,2025-03-10,Home,66.04,0.0,0,66.04,31.7,5.99,28.35
9026,1424,2025-04-24,Home,87.26,0.0,0,87.26,41.89,6.31,39.06
9027,1424,2025-04-15,Electronics,284.98,0.1,1,0.0,0.0,15.85,-15.85
9028,1425,2024-02-28,Apparel,109.32,0.2,0,87.46,38.26,6.31,42.89
9029,1425,2024-05-13,Apparel,44.6,0.2,0,35.68,15.61,5.54,14.53
9030,1425,2024-05-23,Electronics,133.0,0.1,0,119.7,95.76,6.8,17.14
9031,1425,2024-06-16,Accessories,32.84,0.0,0,32.84,9.85,5.49,17.5
9032,1425,2024-07-16,Home,101.56,0.1,0,91.41,48.75,6.37,36.29
9033,1425,2024-07-07,Apparel,49.91,0.2,0,39.93,17.47,5.6,16.86
9034,1425,2024-08-17,Accessories,26.45,0.0,0,26.45,7.93,5.4,13.12
9035,1425,2024-10-23,Home,169.76,0.1,0,152.78,81.48,7.29,64.01
9036,1425,2024-11-19,Apparel,55.43,0.05,0,52.66,19.4,5.79,27.47
9037,1425,2025-01-23,Electronics,167.36,0.05,0,158.99,120.5,7.38,31.11
9038,1425,2025-03-03,Home,81.95,0.1,0,73.75,39.34,6.11,28.3
9039,1426,2024-04-22,Apparel,30.39,0.1,1,0.0,0.0,12.41,-12.41
9040,1426,2024-04-12,Electronics,140.89,0.0,0,140.89,101.44,7.11,32.34
9041,1426,2024-05-12,Accessories,57.54,0.1,0,51.79,17.26,5.78,28.75
9042,1426,2024-11-15,Home,35.25,0.05,0,33.49,16.92,5.5,11.07
9043,1426,2025-04-02,Accessories,56.01,0.1,0,50.4,16.8,5.76,27.84
9044,1426,2025-05-27,Electronics,304.81,0.0,0,304.81,219.47,9.57,75.77
9045,1427,2024-04-19,Home,185.92,0.0,0,185.92,89.24,7.79,88.89
9046,1427,2025-04-18,Accessories,39.52,0.05,0,37.55,11.86,5.56,20.13
9047,1428,2024-07-06,Apparel,57.32,0.1,0,51.59,20.06,5.77,25.76
9048,1428,2024-07-09,Accessories,35.87,0.1,0,32.29,10.76,5.48,16.05
9049,1428,2024-09-05,Accessories,65.28,0.1,0,58.75,19.58,5.88,33.29
9050,1428,2024-11-12,Accessories,54.84,0.2,0,43.87,16.45,5.66,21.76
9051,1428,2024-11-01,Accessories,64.84,0.05,0,61.59,19.45,5.92,36.22
9052,1428,2024-11-07,Apparel,70.89,0.05,0,67.35,24.81,6.01,36.53
9053,1428,2025-01-22,Electronics,239.82,0.2,0,191.86,172.67,7.88,11.31
9054,1428,2025-02-25,Accessories,57.32,0.0,0,57.32,17.2,5.86,34.26
9055,1428,2025-02-04,Accessories,42.2,0.1,1,0.0,0.0,12.57,-12.57
9056,1428,2025-03-12,Home,75.2,0.05,0,71.44,36.1,6.07,29.27
9057,1429,2024-03-28,Home,41.44,0.1,0,37.29,19.89,5.56,11.84
9058,1429,2024-04-09,Electronics,158.09,0.1,0,142.28,113.83,7.13,21.32
9059,1429,2024-05-09,Home,108.58,0.1,0,97.72,52.12,6.47,39.13
9060,1429,2024-06-25,Apparel,49.96,0.1,0,44.96,17.49,5.67,21.8
9061,1429,2024-07-08,Electronics,239.13,0.0,1,0.0,0.0,15.59,-15.59
9062,1429,2024-09-04,Accessories,39.14,0.1,0,35.22,11.74,5.53,17.95
9063,1429,2024-12-11,Apparel,87.53,0.0,1,0.0,0.0,13.31,-13.31
9064,1429,2024-12-03,Accessories,35.26,0.05,0,33.49,10.58,5.5,17.41
9065,1429,2024-12-14,Accessories,43.97,0.05,0,41.77,13.19,5.63,22.95
9066,1429,2025-02-01,Electronics,229.59,0.2,0,183.67,165.31,7.76,10.6
9067,1429,2025-03-02,Electronics,453.21,0.0,0,453.21,326.31,11.8,115.1
9068,1429,2025-06-25,Electronics,198.69,0.1,0,178.82,143.06,7.68,28.08
9069,1430,2024-01-28,Accessories,40.16,0.0,1,0.0,0.0,12.6,-12.6
9070,1430,2024-02-22,Accessories,34.88,0.2,0,27.9,10.46,5.42,12.02
9071,1430,2024-02-15,Home,104.95,0.0,0,104.95,50.38,6.57,48.0
9072,1430,2024-11-07,Accessories,23.92,0.0,0,23.92,7.18,5.36,11.38
9073,1430,2025-02-18,Apparel,77.93,0.05,0,74.03,27.27,6.11,40.65
9074,1431,2024-08-27,Apparel,69.63,0.05,0,66.14,24.37,5.99,35.78
9075,1431,2024-08-14,Home,119.51,0.1,0,107.56,57.37,6.61,43.58
9076,1431,2024-09-25,Accessories,68.65,0.2,0,54.92,20.59,5.82,28.51
9077,1431,2024-10-23,Electronics,99.1,0.05,0,94.15,71.35,6.41,16.39
9078,1431,2024-11-27,Electronics,128.37,0.1,0,115.53,92.42,6.73,16.38
9079,1431,2025-03-13,Accessories,46.85,0.0,0,46.85,14.05,5.7,27.1
9080,1431,2025-03-08,Accessories,27.83,0.2,0,22.26,8.35,5.33,8.58
9081,1431,2025-04-15,Accessories,44.66,0.05,0,42.43,13.4,5.64,23.39
9082,1431,2025-06-04,Electronics,174.87,0.0,0,174.87,125.9,7.62,41.35
9083,1432,2024-07-18,Electronics,335.14,0.05,0,318.38,241.3,9.78,67.3
9084,1432,2024-08-13,Home,64.79,0.2,0,51.83,31.1,5.78,14.95
9085,1432,2025-01-20,Electronics,155.89,0.05,0,148.1,112.24,7.22,28.64
9086,1432,2025-03-01,Accessories,60.06,0.05,0,57.06,18.02,5.86,33.18
9087,1433,2024-04-07,Electronics,154.73,0.0,0,154.73,111.4,7.32,36.01
9088,1433,2024-04-11,Accessories,45.33,0.1,0,40.8,13.6,5.61,21.59
9089,1433,2024-05-28,Accessories,83.73,0.05,0,79.54,25.12,6.19,48.23
9090,1433,2024-08-06,Electronics,115.9,0.1,0,104.31,83.45,6.56,14.3
9091,1433,2024-08-03,Apparel,103.87,0.05,1,0.0,0.0,13.48,-13.48
9092,1433,2024-09-06,Home,54.59,0.0,0,54.59,26.2,5.82,22.57
9093,1434,2024-02-16,Apparel,58.92,0.05,0,55.98,20.62,5.84,29.52
9094,1434,2024-03-18,Accessories,38.34,0.1,0,34.5,11.5,5.52,17.48
9095,1434,2024-04-19,Accessories,52.73,0.05,0,50.09,15.82,5.75,28.52
9096,1434,2024-05-04,Accessories,48.74,0.1,0,43.87,14.62,5.66,23.59
9097,1434,2024-06-07,Electronics,311.69,0.05,0,296.11,224.42,9.44,62.25
9098,1434,2024-06-03,Apparel,89.13,0.05,0,84.68,31.2,6.27,47.21
9099,1434,2024-07-19,Home,99.82,0.0,0,99.82,47.91,6.5,45.41
9100,1434,2024-07-21,Home,91.44,0.2,0,73.15,43.89,6.1,23.16
9101,1434,2024-09-16,Accessories,105.69,0.05,0,100.41,31.71,6.51,62.19
9102,1434,2024-12-26,Home,160.21,0.1,0,144.19,76.9,7.16,60.13
9103,1434,2025-01-10,Electronics,192.41,0.0,0,192.41,138.53,7.89,45.99
9104,1434,2025-04-20,Home,85.96,0.0,0,85.96,41.26,6.29,38.41
9105,1435,2024-02-22,Home,96.44,0.1,0,86.79,46.29,6.3,34.2
9106,1435,2025-01-15,Accessories,42.94,0.05,0,40.8,12.88,5.61,22.31
9107,1436,2024-10-19,Apparel,66.12,0.0,0,66.12,23.14,5.99,36.99
9108,1436,2024-12-10,Electronics,132.09,0.05,0,125.48,95.1,6.88,23.5
9109,1436,2025-01-22,Electronics,239.68,0.1,0,215.72,172.57,8.24,34.91
9110,1436,2025-03-26,Accessories,38.31,0.2,0,30.64,11.49,5.46,13.69
9111,1436,2025-03-17,Accessories,23.46,0.1,0,21.12,7.04,5.32,8.76
9112,1436,2025-04-15,Electronics,404.16,0.1,0,363.74,290.99,10.46,62.29
9113,1436,2025-04-28,Electronics,195.46,0.0,0,195.46,140.73,7.93,46.8
9114,1436,2025-05-06,Home,98.69,0.1,0,88.82,47.37,6.33,35.12
9115,1437,2024-03-09,Home,40.8,0.0,0,40.8,19.58,5.61,15.61
9116,1437,2024-05-21,Apparel,45.16,0.1,1,0.0,0.0,12.61,-12.61
9117,1437,2024-08-10,Accessories,30.84,0.05,0,29.3,9.25,5.44,14.61
9118,1437,2024-10-13,Home,53.39,0.05,0,50.72,25.63,5.76,19.33
9119,1437,2024-10-12,Electronics,234.76,0.05,0,223.02,169.03,8.35,45.64
9120,1437,2024-11-16,Apparel,51.74,0.1,0,46.56,18.11,5.7,22.75
9121,1437,2025-01-02,Accessories,77.47,0.0,0,77.47,23.24,6.16,48.07
9122,1437,2025-02-06,Electronics,158.13,0.05,0,150.22,113.85,7.25,29.12
9123,1438,2024-10-06,Home,65.65,0.1,0,59.08,31.51,5.89,21.68
9124,1438,2024-11-03,Accessories,41.88,0.05,0,39.78,12.56,5.6,21.62
9125,1438,2025-04-26,Apparel,57.54,0.1,0,51.79,20.14,5.78,25.87
9126,1439,2024-06-11,Apparel,71.93,0.2,0,57.55,25.18,5.86,26.51
9127,1439,2024-06-22,Home,115.99,0.0,0,115.99,55.67,6.74,53.58
9128,1439,2024-06-11,Accessories,38.41,0.1,0,34.57,11.52,5.52,17.53
9129,1439,2024-10-28,Electronics,593.31,0.05,0,563.64,427.18,13.45,123.01
9130,1439,2024-10-13,Accessories,45.02,0.1,0,40.52,13.51,5.61,21.4
9131,1439,2024-10-25,Electronics,245.98,0.0,0,245.98,177.11,8.69,60.18
9132,1440,2024-08-14,Apparel,84.18,0.2,0,67.34,29.46,6.01,31.87
9133,1440,2024-08-19,Apparel,40.36,0.05,0,38.35,14.13,5.58,18.64
9134,1440,2025-02-16,Accessories,29.88,0.1,0,26.89,8.96,5.4,12.53
9135,1440,2025-02-26,Accessories,24.87,0.0,0,24.87,7.46,5.37,12.04
9136,1441,2024-08-26,Accessories,19.55,0.1,0,17.6,5.87,5.26,6.47
9137,1441,2024-10-05,Home,30.94,0.05,0,29.4,14.85,5.44,9.11
9138,1441,2025-03-16,Apparel,27.57,0.0,0,27.57,9.65,5.41,12.51
9139,1441,2025-03-07,Home,60.33,0.05,0,57.32,28.96,5.86,22.5
9140,1442,2024-09-05,Accessories,46.37,0.05,0,44.05,13.91,5.66,24.48
9141,1443,2024-02-20,Accessories,36.68,0.05,0,34.84,11.0,5.52,18.32
9142,1443,2024-04-02,Apparel,38.41,0.0,1,0.0,0.0,12.58,-12.58
9143,1443,2024-06-15,Apparel,78.29,0.1,0,70.46,27.4,6.06,37.0
9144,1444,2024-01-16,Electronics,234.0,0.05,1,0.0,0.0,15.33,-15.33
9145,1444,2024-01-17,Electronics,294.07,0.0,0,294.07,211.73,9.41,72.93
9146,1444,2024-02-17,Apparel,165.69,0.1,0,149.12,57.99,7.24,83.89
9147,1444,2024-12-21,Electronics,130.03,0.1,0,117.03,93.62,6.76,16.65
9148,1444,2024-12-18,Accessories,18.91,0.0,0,18.91,5.67,5.28,7.96
9149,1444,2025-06-03,Home,81.44,0.2,0,65.15,39.09,5.98,20.08
9150,1445,2024-02-16,Electronics,176.18,0.05,0,167.37,126.85,7.51,33.01
9151,1445,2024-06-11,Electronics,138.77,0.05,0,131.83,99.92,6.98,24.93
9152,1445,2024-12-27,Apparel,40.54,0.2,0,32.43,14.19,5.49,12.75
9153,1445,2024-12-01,Electronics,397.58,0.2,0,318.06,286.26,9.77,22.03
9154,1445,2025-05-18,Apparel,49.58,0.2,0,39.66,17.35,5.59,16.72
9155,1446,2024-09-14,Accessories,54.96,0.2,0,43.97,16.49,5.66,21.82
9156,1446,2024-11-26,Electronics,180.0,0.1,0,162.0,129.6,7.43,24.97
9157,1446,2025-02-11,Apparel,79.52,0.1,0,71.57,27.83,6.07,37.67
9158,1446,2025-02-12,Electronics,329.2,0.1,0,296.28,237.03,9.44,49.81
9159,1447,2024-06-01,Home,149.94,0.0,0,149.94,71.97,7.25,70.72
9160,1447,2024-06-23,Accessories,48.92,0.1,0,44.02,14.67,5.66,23.69
9161,1447,2024-11-27,Home,189.78,0.0,0,189.78,91.1,7.85,90.83
9162,1447,2025-06-18,Accessories,125.3,0.1,0,112.77,37.59,6.69,68.49
9163,1448,2024-05-23,Home,68.37,0.1,0,61.53,32.82,5.92,22.79
9164,1449,2024-10-15,Accessories,36.66,0.05,0,34.82,11.0,5.52,18.3
9165,1449,2024-10-02,Electronics,294.49,0.2,0,235.59,212.04,8.53,15.02
9166,1450,2024-01-19,Electronics,162.14,0.05,0,154.04,116.74,7.31,29.99
9167,1450,2024-03-12,Accessories,38.68,0.1,0,34.81,11.6,5.52,17.69
9168,1450,2024-04-27,Home,87.83,0.05,0,83.44,42.16,6.25,35.03
9169,1450,2024-04-06,Electronics,252.15,0.2,1,0.0,0.0,15.03,-15.03
9170,1450,2024-05-25,Home,104.26,0.2,0,83.41,50.05,6.25,27.11
9171,1450,2025-02-14,Accessories,24.62,0.0,0,24.62,7.39,5.37,11.86
9172,1450,2025-04-06,Home,58.52,0.1,0,52.67,28.09,5.79,18.79
9173,1451,2024-10-05,Apparel,41.25,0.0,0,41.25,14.44,5.62,21.19
9174,1451,2025-02-03,Accessories,28.16,0.1,1,0.0,0.0,12.38,-12.38
9175,1452,2024-03-04,Electronics,157.93,0.1,0,142.14,113.71,7.13,21.3
9176,1452,2024-06-18,Accessories,71.41,0.05,0,67.84,21.42,6.02,40.4
9177,1452,2024-07-22,Apparel,78.79,0.05,0,74.85,27.58,6.12,41.15
9178,1452,2024-10-06,Home,123.74,0.1,0,111.36,59.39,6.67,45.3
9179,1452,2024-10-26,Electronics,273.59,0.0,0,273.59,196.99,9.1,67.5
9180,1452,2024-11-21,Apparel,55.97,0.05,0,53.17,19.59,5.8,27.78
9181,1452,2025-03-28,Home,59.83,0.0,0,59.83,28.72,5.9,25.21
9182,1452,2025-04-03,Apparel,51.43,0.1,0,46.28,18.0,5.69,22.59
9183,1452,2025-04-19,Accessories,39.12,0.0,0,39.12,11.74,5.59,21.79
9184,1452,2025-05-16,Apparel,71.55,0.1,0,64.4,25.04,5.97,33.39
9185,1453,2024-03-26,Accessories,30.65,0.1,1,0.0,0.0,12.41,-12.41
9186,1454,2024-10-08,Apparel,88.47,0.1,0,79.62,30.96,6.19,42.47
9187,1454,2025-02-17,Home,81.09,0.2,0,64.87,38.92,5.97,19.98
9188,1454,2025-05-09,Apparel,29.35,0.2,0,23.48,10.27,5.35,7.86
9189,1454,2025-05-07,Apparel,98.26,0.0,0,98.26,34.39,6.47,57.4
9190,1455,2024-06-01,Apparel,51.47,0.0,0,51.47,18.01,5.77,27.69
9191,1455,2024-07-01,Home,118.78,0.1,0,106.9,57.01,6.6,43.29
9192,1455,2024-08-07,Electronics,266.19,0.0,0,266.19,191.66,8.99,65.54
9193,1455,2024-09-02,Home,82.29,0.1,0,74.06,39.5,6.11,28.45
9194,1455,2024-10-05,Electronics,104.29,0.0,0,104.29,75.09,6.56,22.64
9195,1455,2024-10-25,Accessories,34.4,0.05,0,32.68,10.32,5.49,16.87
9196,1455,2024-11-10,Apparel,51.93,0.05,0,49.33,18.18,5.74,25.41
9197,1455,2024-11-18,Electronics,111.86,0.0,0,111.86,80.54,6.68,24.64
9198,1455,2024-12-28,Home,92.73,0.0,0,92.73,44.51,6.39,41.83
9199,1455,2024-12-07,Home,176.26,0.05,0,167.45,84.61,7.51,75.33
9200,1455,2025-02-21,Electronics,204.37,0.0,0,204.37,147.15,8.07,49.15
9201,1456,2024-09-18,Apparel,57.5,0.2,0,46.0,20.12,5.69,20.19
9202,1456,2024-09-14,Home,107.49,0.0,0,107.49,51.6,6.61,49.28
9203,1456,2024-11-09,Electronics,274.89,0.0,0,274.89,197.92,9.12,67.85
9204,1456,2024-11-16,Apparel,58.16,0.0,0,58.16,20.36,5.87,31.93
9205,1456,2025-01-22,Electronics,167.26,0.1,0,150.53,120.43,7.26,22.84
9206,1456,2025-01-15,Electronics,270.41,0.0,0,270.41,194.7,9.06,66.65
9207,1457,2024-02-04,Accessories,52.55,0.0,0,52.55,15.77,5.79,30.99
9208,1457,2024-03-05,Apparel,107.88,0.1,0,97.09,37.76,6.46,52.87
9209,1457,2024-04-08,Apparel,42.05,0.05,0,39.95,14.72,5.6,19.63
9210,1457,2024-05-11,Electronics,118.58,0.05,0,112.65,85.38,6.69,20.58
9211,1457,2024-08-01,Home,105.7,0.0,0,105.7,50.74,6.59,48.37
9212,1457,2024-08-12,Home,61.7,0.2,0,49.36,29.61,5.74,14.01
9213,1459,2024-06-26,Accessories,25.57,0.0,0,25.57,7.67,5.38,12.52
9214,1459,2024-07-25,Electronics,181.6,0.0,0,181.6,130.75,7.72,43.13
9215,1459,2024-07-16,Home,130.96,0.1,0,117.86,62.86,6.77,48.23
9216,1459,2024-10-07,Electronics,98.74,0.0,0,98.74,71.09,6.48,21.17
9217,1459,2024-10-22,Accessories,37.37,0.05,0,35.5,11.21,5.53,18.76
9218,1459,2024-11-20,Home,75.77,0.1,0,68.19,36.37,6.02,25.8
9219,1459,2024-12-05,Electronics,136.72,0.0,0,136.72,98.44,7.05,31.23
9220,1459,2025-03-13,Apparel,102.94,0.1,0,92.64,36.03,6.39,50.22
9221,1459,2025-04-21,Home,144.76,0.05,0,137.52,69.48,7.06,60.98
9222,1460,2024-03-12,Accessories,26.73,0.1,1,0.0,0.0,12.36,-12.36
9223,1460,2024-03-14,Accessories,40.03,0.05,0,38.03,12.01,5.57,20.45
9224,1460,2024-06-12,Electronics,282.45,0.1,0,254.21,203.37,8.81,42.03
9225,1460,2024-07-19,Apparel,68.63,0.05,0,65.2,24.02,5.98,35.2
9226,1460,2024-07-19,Home,113.02,0.05,1,0.0,0.0,13.61,-13.61
9227,1460,2025-02-03,Home,84.67,0.1,0,76.2,40.64,6.14,29.42
9228,1461,2024-10-12,Electronics,132.36,0.0,0,132.36,95.3,6.99,30.07
9229,1461,2025-04-02,Electronics,230.39,0.0,0,230.39,165.88,8.46,56.05
9230,1462,2024-08-08,Accessories,27.09,0.05,0,25.74,8.13,5.39,12.22
9231,1462,2024-08-23,Home,256.72,0.0,0,256.72,123.22,8.85,124.65
9232,1462,2024-09-18,Electronics,188.04,0.1,0,169.24,135.39,7.54,26.31
9233,1462,2024-10-20,Electronics,146.08,0.1,0,131.48,105.18,6.97,19.33
9234,1462,2024-10-10,Home,74.12,0.0,0,74.12,35.58,6.11,32.43
9235,1462,2024-11-22,Apparel,90.97,0.0,1,0.0,0.0,13.36,-13.36
9236,1462,2024-12-04,Apparel,26.37,0.2,0,21.09,9.23,5.32,6.54
9237,1462,2024-12-17,Apparel,79.71,0.0,0,79.71,27.9,6.2,45.61
9238,1462,2025-02-19,Electronics,220.27,0.2,0,176.22,158.6,7.64,9.98
9239,1462,2025-03-20,Accessories,74.48,0.0,0,74.48,22.34,6.12,46.02
9240,1462,2025-03-25,Accessories,33.91,0.2,0,27.13,10.17,5.41,11.55
9241,1462,2025-04-13,Accessories,64.33,0.05,0,61.11,19.3,5.92,35.89
9242,1462,2025-05-05,Accessories,81.19,0.05,1,0.0,0.0,13.16,-13.16
9243,1463,2024-10-08,Electronics,204.89,0.1,0,184.4,147.52,7.77,29.11
9244,1463,2025-01-07,Electronics,161.58,0.0,0,161.58,116.34,7.42,37.82
9245,1463,2025-02-25,Electronics,375.04,0.05,0,356.29,270.03,10.34,75.92
9246,1463,2025-03-26,Apparel,70.7,0.05,0,67.16,24.74,6.01,36.41
9247,1463,2025-03-06,Apparel,63.48,0.1,0,57.13,22.22,5.86,29.05
9248,1463,2025-04-01,Home,95.95,0.2,0,76.76,46.06,6.15,24.55
9249,1463,2025-05-25,Home,75.05,0.1,0,67.54,36.02,6.01,25.51
9250,1464,2024-03-04,Home,83.05,0.05,0,78.9,39.87,6.18,32.85
9251,1464,2024-03-13,Electronics,281.41,0.05,0,267.34,202.61,9.01,55.72
9252,1464,2024-04-06,Home,74.24,0.05,0,70.53,35.63,6.06,28.84
9253,1464,2024-05-22,Accessories,37.55,0.0,0,37.55,11.27,5.56,20.72
9254,1464,2024-06-09,Apparel,56.21,0.0,1,0.0,0.0,12.84,-12.84
9255,1464,2024-10-27,Home,81.24,0.0,0,81.24,39.0,6.22,36.02
9256,1464,2024-10-25,Electronics,144.87,0.05,0,137.63,104.31,7.06,26.26
9257,1464,2024-11-21,Home,63.47,0.2,0,50.78,30.47,5.76,14.55
9258,1464,2025-01-27,Home,118.08,0.05,0,112.18,56.68,6.68,48.82
9259,1464,2025-04-16,Accessories,37.47,0.1,0,33.72,11.24,5.51,16.97
9260,1464,2025-04-15,Apparel,59.63,0.05,0,56.65,20.87,5.85,29.93
9261,1465,2024-06-14,Home,85.44,0.0,1,0.0,0.0,13.28,-13.28
9262,1465,2025-01-15,Accessories,73.66,0.05,0,69.98,22.1,6.05,41.83
9263,1465,2025-01-19,Accessories,28.9,0.1,0,26.01,8.67,5.39,11.95
9264,1466,2024-02-09,Apparel,26.27,0.0,0,26.27,9.19,5.39,11.69
9265,1466,2024-07-27,Home,99.95,0.0,0,99.95,47.98,6.5,45.47
9266,1466,2024-07-23,Accessories,35.92,0.0,0,35.92,10.77,5.54,19.61
9267,1466,2024-08-16,Home,127.68,0.0,0,127.68,61.29,6.92,59.47
9268,1467,2024-01-04,Electronics,373.82,0.1,0,336.43,269.15,10.05,57.23
9269,1467,2024-04-22,Home,140.62,0.2,0,112.49,67.5,6.69,38.3
9270,1467,2024-04-19,Apparel,119.79,0.1,0,107.81,41.93,6.62,59.26
9271,1467,2024-06-13,Home,197.97,0.0,0,197.97,95.03,7.97,94.97
9272,1467,2024-08-22,Apparel,98.52,0.05,0,93.6,34.48,6.4,52.72
9273,1467,2024-08-17,Apparel,52.41,0.05,0,49.79,18.34,5.75,25.7
9274,1467,2024-08-02,Apparel,52.85,0.0,0,52.85,18.5,5.79,28.56
9275,1467,2024-09-18,Accessories,29.63,0.0,0,29.63,8.89,5.44,15.3
9276,1467,2024-09-06,Electronics,225.37,0.2,0,180.29,162.26,7.7,10.33
9277,1467,2024-12-03,Apparel,94.59,0.0,0,94.59,33.11,6.42,55.06
9278,1468,2024-09-17,Apparel,56.76,0.05,0,53.93,19.87,5.81,28.25
9279,1468,2024-10-28,Apparel,76.6,0.0,0,76.6,26.81,6.15,43.64
9280,1468,2024-10-21,Home,44.37,0.0,0,44.37,21.3,5.67,17.4
9281,1468,2024-12-18,Home,62.98,0.05,0,59.83,30.23,5.9,23.7
9282,1468,2024-12-20,Accessories,70.61,0.0,0,70.61,21.18,6.06,43.37
9283,1468,2025-02-04,Electronics,163.6,0.05,0,155.42,117.79,7.33,30.3
9284,1468,2025-03-28,Home,84.66,0.1,0,76.2,40.64,6.14,29.42
9285,1468,2025-06-20,Accessories,20.83,0.1,0,18.75,6.25,5.28,7.22
9286,1469,2024-07-27,Accessories,56.73,0.05,0,53.89,17.02,5.81,31.06
9287,1469,2025-01-24,Apparel,73.19,0.05,0,69.53,25.62,6.04,37.87
9288,1469,2025-04-18,Accessories,24.69,0.05,0,23.46,7.41,5.35,10.7
9289,1470,2024-01-01,Electronics,213.79,0.05,0,203.1,153.93,8.05,41.12
9290,1470,2024-01-20,Apparel,122.02,0.2,0,97.62,42.71,6.46,48.45
9291,1470,2024-01-15,Accessories,29.24,0.0,0,29.24,8.77,5.44,15.03
9292,1470,2024-02-27,Home,55.73,0.0,0,55.73,26.75,5.84,23.14
9293,1470,2024-02-16,Apparel,41.22,0.1,0,37.1,14.43,5.56,17.11
9294,1470,2024-03-01,Electronics,345.02,0.1,0,310.52,248.41,9.66,52.45
9295,1470,2024-06-05,Home,115.8,0.0,0,115.8,55.58,6.74,53.48
9296,1470,2024-11-26,Home,73.77,0.05,1,0.0,0.0,13.05,-13.05
9297,1470,2025-01-27,Electronics,628.0,0.1,0,565.2,452.16,13.48,99.56
9298,1470,2025-02-22,Accessories,24.51,0.0,0,24.51,7.35,5.37,11.79
9299,1470,2025-04-28,Accessories,65.6,0.2,0,52.48,19.68,5.79,27.01
9300,1470,2025-05-13,Apparel,72.19,0.05,0,68.58,25.27,6.03,37.28
9301,1471,2024-09-01,Electronics,222.14,0.05,0,211.03,159.94,8.17,42.92
9302,1472,2024-06-23,Accessories,45.36,0.2,0,36.29,13.61,5.54,17.14
9303,1472,2024-06-04,Apparel,66.49,0.1,0,59.84,23.27,5.9,30.67
9304,1472,2025-05-17,Apparel,62.47,0.0,0,62.47,21.86,5.94,34.67
9305,1472,2025-06-27,Home,80.97,0.1,0,72.87,38.86,6.09,27.92
9306,1472,2025-06-10,Home,87.66,0.0,0,87.66,42.08,6.31,39.27
9307,1473,2024-09-17,Home,94.88,0.0,0,94.88,45.54,6.42,42.92
9308,1473,2025-01-27,Accessories,54.11,0.1,0,48.7,16.23,5.73,26.74
9309,1473,2025-02-23,Home,62.64,0.0,0,62.64,30.07,5.94,26.63
9310,1473,2025-06-11,Home,50.99,0.05,0,48.44,24.48,5.73,18.23
9311,1474,2024-05-04,Home,102.16,0.2,0,81.73,49.04,6.23,26.46
9312,1474,2024-06-04,Accessories,26.96,0.0,0,26.96,8.09,5.4,13.47
9313,1474,2024-08-19,Home,69.43,0.0,0,69.43,33.33,6.04,30.06
9314,1474,2024-10-18,Apparel,40.17,0.05,0,38.16,14.06,5.57,18.53
9315,1474,2024-10-01,Electronics,118.7,0.2,0,94.96,85.47,6.42,3.07
9316,1474,2025-04-01,Home,93.19,0.0,0,93.19,44.73,6.4,42.06
9317,1474,2025-05-02,Accessories,41.34,0.2,0,33.07,12.4,5.5,15.17
9318,1475,2024-04-23,Accessories,66.16,0.05,0,62.85,19.85,5.94,37.06
9319,1475,2024-05-02,Apparel,31.67,0.2,0,25.33,11.08,5.38,8.87
9320,1475,2024-05-23,Accessories,29.15,0.1,0,26.23,8.74,5.39,12.1
9321,1475,2024-08-12,Electronics,171.24,0.05,0,162.68,123.29,7.44,31.95
9322,1475,2024-09-22,Apparel,61.08,0.2,0,48.87,21.38,5.73,21.76
9323,1475,2024-09-07,Accessories,34.91,0.1,0,31.42,10.47,5.47,15.48
9324,1475,2025-02-01,Accessories,48.9,0.0,0,48.9,14.67,5.73,28.5
9325,1475,2025-02-02,Apparel,77.92,0.05,0,74.02,27.27,6.11,40.64
9326,1475,2025-06-01,Electronics,161.34,0.0,1,0.0,0.0,14.42,-14.42
9327,1476,2024-10-14,Apparel,37.35,0.05,0,35.48,13.07,5.53,16.88
9328,1476,2024-11-21,Home,61.31,0.0,0,61.31,29.43,5.92,25.96
9329,1476,2025-06-16,Accessories,51.84,0.2,0,41.47,15.55,5.62,20.3
9330,1477,2024-02-27,Apparel,44.37,0.05,0,42.15,15.53,5.63,20.99
9331,1477,2024-02-20,Apparel,138.05,0.1,1,0.0,0.0,13.86,-13.86
9332,1477,2024-03-24,Electronics,298.21,0.0,0,298.21,214.71,9.47,74.03
9333,1477,2024-04-10,Electronics,109.84,0.0,0,109.84,79.08,6.65,24.11
9334,1477,2024-04-02,Electronics,360.05,0.0,0,360.05,259.23,10.4,90.42
9335,1477,2024-05-24,Accessories,52.68,0.1,0,47.41,15.8,5.71,25.9
9336,1477,2024-08-02,Electronics,126.56,0.0,0,126.56,91.12,6.9,28.54
9337,1477,2024-08-15,Home,128.41,0.0,0,128.41,61.64,6.93,59.84
9338,1477,2024-09-02,Electronics,208.7,0.0,0,208.7,150.27,8.13,50.3
9339,1477,2024-09-27,Electronics,283.72,0.1,0,255.35,204.28,8.83,42.24
9340,1477,2025-02-09,Accessories,40.55,0.0,0,40.55,12.16,5.61,22.78
9341,1478,2024-07-09,Accessories,45.2,0.0,0,45.2,13.56,5.68,25.96
9342,1478,2024-08-07,Home,51.49,0.1,0,46.34,24.71,5.7,15.93
9343,1478,2024-08-16,Home,79.32,0.1,0,71.38,38.07,6.07,27.24
9344,1478,2024-09-18,Electronics,210.07,0.05,0,199.57,151.25,7.99,40.33
9345,1478,2025-02-17,Home,37.39,0.1,0,33.65,17.95,5.5,10.2
9346,1478,2025-04-27,Accessories,54.15,0.1,0,48.74,16.25,5.73,26.76
9347,1478,2025-04-10,Accessories,22.75,0.1,0,20.47,6.82,5.31,8.34
9348,1478,2025-04-13,Accessories,38.35,0.2,0,30.68,11.51,5.46,13.71
9349,1479,2024-07-09,Accessories,43.69,0.05,0,41.51,13.11,5.62,22.78
9350,1479,2024-07-09,Accessories,64.22,0.1,0,57.8,19.27,5.87,32.66
9351,1479,2024-08-05,Apparel,65.41,0.1,0,58.87,22.89,5.88,30.1
9352,1479,2024-08-19,Home,64.71,0.0,0,64.71,31.06,5.97,27.68
9353,1479,2024-09-26,Apparel,57.39,0.1,0,51.65,20.09,5.77,25.79
9354,1479,2024-10-05,Apparel,76.25,0.1,0,68.63,26.69,6.03,35.91
9355,1479,2024-12-28,Home,93.97,0.0,0,93.97,45.11,6.41,42.45
9356,1479,2025-01-20,Electronics,216.89,0.2,0,173.51,156.16,7.6,9.75
9357,1479,2025-04-26,Electronics,122.68,0.1,0,110.41,88.33,6.66,15.42
9358,1479,2025-04-21,Home,55.65,0.0,0,55.65,26.71,5.83,23.11
9359,1479,2025-05-26,Apparel,83.99,0.05,1,0.0,0.0,13.2,-13.2
9360,1480,2024-08-11,Apparel,42.14,0.05,0,40.03,14.75,5.6,19.68
9361,1480,2024-09-08,Accessories,32.02,0.0,0,32.02,9.61,5.48,16.93
9362,1480,2024-12-11,Home,48.88,0.1,0,43.99,23.46,5.66,14.87
9363,1480,2025-01-01,Accessories,36.92,0.0,1,0.0,0.0,12.55,-12.55
9364,1480,2025-03-26,Home,74.15,0.05,0,70.44,35.59,6.06,28.79
9365,1480,2025-04-03,Accessories,32.85,0.1,0,29.57,9.86,5.44,14.27
9366,1480,2025-04-16,Home,72.52,0.0,0,72.52,34.81,6.09,31.62
9367,1480,2025-06-10,Electronics,365.23,0.1,0,328.71,262.96,9.93,55.82
9368,1481,2024-05-21,Apparel,91.73,0.0,0,91.73,32.11,6.38,53.24
9369,1481,2024-06-10,Home,68.5,0.0,0,68.5,32.88,6.03,29.59
9370,1481,2024-08-26,Accessories,45.71,0.0,0,45.71,13.71,5.69,26.31
9371,1481,2024-09-11,Electronics,153.1,0.05,0,145.45,110.23,7.18,28.04
9372,1481,2024-09-12,Apparel,67.34,0.0,0,67.34,23.57,6.01,37.76
9373,1481,2025-02-26,Electronics,165.98,0.1,0,149.38,119.5,7.24,22.64
9374,1481,2025-02-22,Home,59.66,0.0,0,59.66,28.64,5.89,25.13
9375,1481,2025-02-21,Apparel,44.49,0.0,1,0.0,0.0,12.67,-12.67
9376,1481,2025-03-14,Apparel,34.43,0.1,0,30.99,12.05,5.46,13.48
9377,1481,2025-03-08,Accessories,33.62,0.0,0,33.62,10.09,5.5,18.03
9378,1482,2024-06-16,Electronics,146.65,0.05,0,139.31,105.58,7.09,26.64
9379,1483,2024-09-23,Accessories,61.46,0.0,1,0.0,0.0,12.92,-12.92
9380,1483,2024-09-04,Electronics,130.22,0.1,0,117.2,93.76,6.76,16.68
9381,1483,2024-12-27,Home,96.83,0.1,0,87.15,46.48,6.31,34.36
9382,1483,2025-01-06,Apparel,57.27,0.2,1,0.0,0.0,12.69,-12.69
9383,1483,2025-01-07,Accessories,37.12,0.0,0,37.12,11.14,5.56,20.42
9384,1483,2025-01-17,Electronics,268.59,0.05,0,255.16,193.39,8.83,52.94
9385,1484,2024-03-06,Electronics,340.68,0.0,0,340.68,245.29,10.11,85.28
9386,1484,2024-03-10,Electronics,316.39,0.05,0,300.57,227.8,9.51,63.26
9387,1484,2024-04-07,Electronics,302.2,0.0,0,302.2,217.58,9.53,75.09
9388,1484,2024-10-06,Accessories,64.05,0.2,0,51.24,19.21,5.77,26.26
9389,1484,2024-11-09,Accessories,62.95,0.0,0,62.95,18.89,5.94,38.12
9390,1484,2024-11-22,Accessories,64.85,0.0,0,64.85,19.45,5.97,39.43
9391,1484,2025-05-23,Apparel,56.12,0.2,1,0.0,0.0,12.67,-12.67
9392,1484,2025-05-24,Home,132.17,0.05,0,125.56,63.44,6.88,55.24
9393,1485,2024-08-01,Accessories,31.34,0.1,1,0.0,0.0,12.42,-12.42
9394,1485,2024-08-09,Apparel,106.82,0.1,0,96.14,37.39,6.44,52.31
9395,1485,2024-10-16,Home,96.28,0.0,0,96.28,46.22,6.44,43.62
9396,1485,2025-02-26,Home,85.12,0.1,0,76.61,40.86,6.15,29.6
9397,1486,2024-05-02,Home,123.86,0.0,0,123.86,59.45,6.86,57.55
9398,1486,2024-05-03,Apparel,79.81,0.0,0,79.81,27.93,6.2,45.68
9399,1486,2024-07-11,Accessories,36.78,0.0,0,36.78,11.03,5.55,20.2
9400,1486,2024-11-24,Apparel,87.32,0.0,0,87.32,30.56,6.31,50.45
9401,1486,2024-12-16,Electronics,154.63,0.05,0,146.9,111.33,7.2,28.37
9402,1486,2024-12-09,Electronics,117.53,0.05,1,0.0,0.0,13.67,-13.67
9403,1486,2024-12-04,Electronics,192.05,0.05,0,182.45,138.28,7.74,36.43
9404,1487,2024-06-21,Home,43.56,0.1,0,39.21,20.91,5.59,12.71
9405,1487,2024-07-12,Accessories,41.49,0.1,0,37.34,12.45,5.56,19.33
9406,1487,2024-07-22,Electronics,286.28,0.05,0,271.97,206.12,9.08,56.77
9407,1487,2024-08-28,Home,111.36,0.2,0,89.09,53.45,6.34,29.3
9408,1487,2024-09-17,Accessories,39.82,0.05,0,37.83,11.95,5.57,20.31
9409,1487,2024-10-12,Apparel,91.49,0.1,0,82.34,32.02,6.24,44.08
9410,1487,2024-10-16,Electronics,302.22,0.1,0,272.0,217.6,9.08,45.32
9411,1487,2024-10-25,Apparel,60.95,0.1,0,54.86,21.33,5.82,27.71
9412,1487,2024-11-13,Home,60.31,0.05,0,57.29,28.95,5.86,22.48
9413,1487,2024-12-10,Electronics,119.14,0.2,0,95.31,85.78,6.43,3.1
9414,1487,2025-03-20,Electronics,157.44,0.1,0,141.7,113.36,7.13,21.21
9415,1487,2025-03-04,Apparel,33.31,0.2,0,26.65,11.66,5.4,9.59
9416,1487,2025-04-01,Home,221.73,0.05,0,210.65,106.43,8.16,96.06
9417,1487,2025-04-07,Accessories,39.52,0.0,0,39.52,11.86,5.59,22.07
9418,1487,2025-04-14,Apparel,41.1,0.05,0,39.05,14.39,5.59,19.07
9419,1487,2025-06-08,Electronics,202.21,0.0,1,0.0,0.0,15.03,-15.03
9420,1488,2024-02-28,Electronics,146.22,0.1,0,131.59,105.28,6.97,19.34
9421,1488,2024-02-01,Electronics,202.59,0.1,0,182.33,145.86,7.73,28.74
9422,1488,2024-04-01,Electronics,287.15,0.05,0,272.8,206.75,9.09,56.96
9423,1488,2024-12-01,Home,112.78,0.0,0,112.78,54.14,6.69,51.95
9424,1488,2024-12-04,Home,122.59,0.1,0,110.33,58.84,6.65,44.84
9425,1488,2025-04-12,Home,159.96,0.0,0,159.96,76.78,7.4,75.78
9426,1488,2025-04-11,Home,56.14,0.0,0,56.14,26.95,5.84,23.35
9427,1489,2024-02-22,Apparel,50.8,0.05,1,0.0,0.0,12.72,-12.72
9428,1489,2024-02-14,Apparel,85.52,0.2,0,68.42,29.93,6.03,32.46
9429,1489,2024-05-20,Home,69.19,0.0,0,69.19,33.21,6.04,29.94
9430,1489,2024-05-14,Apparel,84.75,0.1,0,76.28,29.66,6.14,40.48
9431,1489,2024-10-20,Home,64.76,0.0,0,64.76,31.09,5.97,27.7
9432,1489,2024-10-16,Apparel,36.2,0.0,0,36.2,12.67,5.54,17.99
9433,1489,2024-12-07,Electronics,220.39,0.0,0,220.39,158.68,8.31,53.4
9434,1489,2025-04-08,Home,158.43,0.1,0,142.59,76.05,7.14,59.4
9435,1489,2025-06-14,Electronics,212.89,0.2,0,170.31,153.28,7.55,9.48
9436,1489,2025-06-24,Electronics,119.84,0.0,0,119.84,86.29,6.8,26.75
9437,1490,2025-01-28,Accessories,30.11,0.05,0,28.61,9.03,5.43,14.15
9438,1490,2025-02-09,Apparel,36.42,0.1,1,0.0,0.0,12.49,-12.49
9439,1491,2024-05-02,Accessories,66.87,0.2,0,53.5,20.06,5.8,27.64
9440,1491,2024-07-18,Accessories,60.64,0.2,0,48.51,18.19,5.73,24.59
9441,1491,2024-07-23,Electronics,156.41,0.2,0,125.13,112.61,6.88,5.64
9442,1491,2024-08-08,Accessories,18.93,0.1,0,17.04,5.68,5.26,6.1
9443,1491,2025-04-06,Home,101.21,0.05,0,96.15,48.58,6.44,41.13
9444,1492,2024-03-12,Home,160.19,0.0,0,160.19,76.89,7.4,75.9
9445,1492,2024-05-04,Apparel,64.93,0.2,0,51.94,22.73,5.78,23.43
9446,1492,2024-07-24,Electronics,164.58,0.05,0,156.35,118.5,7.35,30.5
9447,1492,2024-10-28,Accessories,41.3,0.05,0,39.23,12.39,5.59,21.25
9448,1492,2025-01-25,Home,67.2,0.0,0,67.2,32.26,6.01,28.93
9449,1493,2024-05-18,Accessories,37.41,0.2,0,29.93,11.22,5.45,13.26
9450,1493,2024-09-26,Electronics,123.85,0.05,0,117.66,89.17,6.76,21.73
9451,1493,2024-10-21,Electronics,233.05,0.2,0,186.44,167.8,7.8,10.84
9452,1493,2025-03-25,Electronics,252.39,0.0,0,252.39,181.72,8.79,61.88
9453,1493,2025-03-03,Home,69.82,0.0,0,69.82,33.51,6.05,30.26
9454,1494,2024-09-14,Electronics,188.29,0.2,0,150.63,135.57,7.26,7.8
9455,1494,2024-10-26,Electronics,332.77,0.0,0,332.77,239.59,9.99,83.19
9456,1494,2024-10-07,Electronics,171.84,0.05,0,163.25,123.73,7.45,32.07
9457,1495,2024-07-17,Home,176.68,0.05,0,167.85,84.81,7.52,75.52
9458,1495,2024-10-06,Accessories,43.7,0.0,0,43.7,13.11,5.66,24.93
9459,1495,2025-05-09,Accessories,48.55,0.05,0,46.13,14.57,5.69,25.87
9460,1495,2025-06-26,Electronics,250.26,0.05,1,0.0,0.0,15.57,-15.57
9461,1496,2024-05-17,Apparel,46.94,0.05,0,44.59,16.43,5.67,22.49
9462,1496,2024-05-08,Apparel,59.35,0.0,0,59.35,20.77,5.89,32.69
9463,1496,2025-04-14,Home,113.53,0.1,0,102.18,54.5,6.53,41.15
9464,1497,2025-01-06,Accessories,73.78,0.1,1,0.0,0.0,13.0,-13.0
9465,1497,2025-05-13,Home,87.78,0.2,0,70.23,42.14,6.05,22.04
9466,1497,2025-05-22,Home,41.63,0.0,0,41.63,19.98,5.62,16.03
9467,1498,2024-11-21,Electronics,200.83,0.05,0,190.79,144.6,7.86,38.33
9468,1498,2025-02-07,Home,45.86,0.1,0,41.27,22.01,5.62,13.64
9469,1498,2025-02-12,Accessories,54.53,0.0,0,54.53,16.36,5.82,32.35
9470,1499,2024-03-23,Electronics,253.33,0.0,0,253.33,182.4,8.8,62.13
9471,1499,2024-07-25,Accessories,36.54,0.1,0,32.89,10.96,5.49,16.44
9472,1499,2024-08-03,Home,100.24,0.0,0,100.24,48.11,6.5,45.63
9473,1499,2024-09-23,Apparel,42.96,0.1,0,38.67,15.04,5.58,18.05
9474,1499,2024-09-24,Electronics,161.2,0.1,0,145.08,116.06,7.18,21.84
9475,1499,2024-10-03,Home,60.12,0.2,0,48.09,28.86,5.72,13.51
9476,1499,2025-04-14,Apparel,34.22,0.1,0,30.8,11.98,5.46,13.36
9477,1500,2024-10-14,Accessories,32.87,0.0,1,0.0,0.0,12.49,-12.49
9478,1500,2024-11-01,Home,122.2,0.2,0,97.76,58.66,6.47,32.63
9479,1500,2025-02-25,Apparel,59.19,0.05,1,0.0,0.0,12.84,-12.84
9480,1500,2025-03-19,Accessories,49.91,0.2,0,39.93,14.97,5.6,19.36
9481,1501,2024-04-23,Accessories,42.02,0.1,0,37.82,12.61,5.57,19.64
9482,1501,2024-05-24,Electronics,179.52,0.05,0,170.54,129.26,7.56,33.72
9483,1501,2024-09-05,Accessories,55.39,0.0,0,55.39,16.62,5.83,32.94
9484,1502,2024-08-03,Home,88.64,0.2,0,70.92,42.55,6.06,22.31
9485,1502,2024-08-15,Home,38.78,0.0,0,38.78,18.62,5.58,14.58
9486,1502,2024-09-28,Electronics,170.34,0.05,0,161.82,122.65,7.43,31.74
9487,1502,2024-11-19,Accessories,49.71,0.0,0,49.71,14.91,5.75,29.05
9488,1502,2024-12-05,Home,63.22,0.2,0,50.57,30.34,5.76,14.47
9489,1502,2025-02-04,Home,142.03,0.1,0,127.82,68.17,6.92,52.73
9490,1502,2025-03-25,Electronics,215.49,0.0,0,215.49,155.15,8.23,52.11
9491,1503,2024-09-18,Home,132.87,0.0,0,132.87,63.78,6.99,62.1
9492,1503,2024-10-01,Electronics,327.26,0.2,0,261.81,235.63,8.93,17.25
9493,1503,2024-11-28,Electronics,257.67,0.1,0,231.9,185.52,8.48,37.9
9494,1504,2024-04-19,Accessories,36.29,0.05,0,34.48,10.89,5.52,18.07
9495,1504,2024-09-27,Electronics,250.55,0.0,0,250.55,180.4,8.76,61.39
9496,1504,2024-12-19,Apparel,32.72,0.1,0,29.45,11.45,5.44,12.56
9497,1505,2024-04-19,Home,51.96,0.1,0,46.76,24.94,5.7,16.12
9498,1505,2024-04-17,Home,137.6,0.0,0,137.6,66.05,7.06,64.49
9499,1505,2024-07-12,Home,86.91,0.05,0,82.56,41.72,6.24,34.6
9500,1505,2024-07-13,Home,122.35,0.0,0,122.35,58.73,6.84,56.78
9501,1505,2024-08-21,Home,135.51,0.2,0,108.41,65.05,6.63,36.73
9502,1505,2024-08-03,Electronics,315.76,0.0,0,315.76,227.35,9.74,78.67
9503,1505,2025-01-18,Apparel,78.44,0.2,0,62.75,27.45,5.94,29.36
9504,1505,2025-03-21,Apparel,39.98,0.2,0,31.99,13.99,5.48,12.52
9505,1505,2025-04-10,Apparel,55.63,0.05,0,52.85,19.47,5.79,27.59
9506,1505,2025-04-09,Home,139.33,0.0,0,139.33,66.88,7.09,65.36
9507,1505,2025-05-19,Accessories,63.54,0.0,0,63.54,19.06,5.95,38.53
9508,1505,2025-05-15,Electronics,265.67,0.1,0,239.1,191.28,8.59,39.23
9509,1506,2024-08-20,Electronics,193.6,0.1,0,174.24,139.39,7.61,27.24
9510,1506,2024-09-10,Electronics,207.69,0.0,1,0.0,0.0,15.12,-15.12
9511,1506,2024-10-23,Electronics,397.22,0.0,0,397.22,286.0,10.96,100.26
9512,1506,2024-12-11,Accessories,32.81,0.05,0,31.17,9.84,5.47,15.86
9513,1506,2024-12-04,Electronics,223.62,0.0,0,223.62,161.01,8.35,54.26
9514,1507,2024-06-28,Home,82.23,0.2,0,65.78,39.47,5.99,20.32
9515,1507,2024-06-03,Electronics,355.89,0.05,0,338.09,256.24,10.07,71.78
9516,1507,2024-06-06,Home,60.49,0.2,0,48.4,29.04,5.73,13.63
9517,1507,2024-07-09,Electronics,192.91,0.1,0,173.62,138.9,7.6,27.12
9518,1507,2024-08-26,Electronics,137.71,0.05,0,130.83,99.15,6.96,24.72
9519,1507,2024-08-22,Home,66.08,0.1,0,59.47,31.72,5.89,21.86
9520,1507,2024-11-28,Home,56.32,0.0,0,56.32,27.03,5.84,23.45
9521,1507,2024-12-13,Accessories,63.7,0.0,0,63.7,19.11,5.96,38.63
9522,1507,2025-01-18,Electronics,326.61,0.0,0,326.61,235.16,9.9,81.55
9523,1507,2025-01-22,Home,163.07,0.05,0,154.92,78.27,7.32,69.33
9524,1507,2025-03-05,Apparel,98.04,0.0,0,98.04,34.31,6.47,57.26
9525,1507,2025-05-22,Home,137.87,0.0,0,137.87,66.18,7.07,64.62
9526,1507,2025-06-05,Electronics,402.28,0.2,0,321.82,289.64,9.83,22.35
9527,1508,2024-05-12,Electronics,407.41,0.1,0,366.67,293.34,10.5,62.83
9528,1508,2024-10-24,Home,154.43,0.05,0,146.7,74.12,7.2,65.38
9529,1508,2024-12-12,Accessories,39.75,0.0,0,39.75,11.93,5.6,22.22
9530,1508,2025-01-09,Home,144.45,0.05,0,137.22,69.33,7.06,60.83
9531,1508,2025-03-22,Accessories,38.7,0.0,0,38.7,11.61,5.58,21.51
9532,1509,2024-05-28,Apparel,39.57,0.1,0,35.62,13.85,5.53,16.24
9533,1509,2025-02-28,Apparel,84.2,0.0,0,84.2,29.47,6.26,48.47
9534,1509,2025-06-12,Apparel,55.52,0.2,0,44.41,19.43,5.67,19.31
9535,1510,2024-08-27,Apparel,43.49,0.0,0,43.49,15.22,5.65,22.62
9536,1510,2024-12-01,Home,118.77,0.0,0,118.77,57.01,6.78,54.98
9537,1510,2025-02-19,Apparel,53.28,0.2,0,42.63,18.65,5.64,18.34
9538,1510,2025-06-19,Apparel,61.42,0.05,0,58.35,21.5,5.88,30.97
9539,1511,2024-09-09,Home,77.53,0.05,0,73.65,37.21,6.1,30.34
9540,1511,2024-10-18,Home,102.35,0.0,0,102.35,49.13,6.54,46.68
9541,1511,2024-11-28,Electronics,467.42,0.2,0,373.93,336.54,10.61,26.78
9542,1511,2025-02-25,Apparel,66.69,0.2,0,53.35,23.34,5.8,24.21
9543,1511,2025-02-26,Home,55.56,0.0,0,55.56,26.67,5.83,23.06
9544,1511,2025-03-21,Home,59.7,0.1,0,53.73,28.65,5.81,19.27
9545,1511,2025-04-19,Electronics,150.13,0.05,0,142.62,108.09,7.14,27.39
9546,1512,2024-12-19,Electronics,180.6,0.05,0,171.57,130.03,7.57,33.97
9547,1512,2024-12-12,Apparel,53.98,0.0,0,53.98,18.89,5.81,29.28
9548,1512,2025-01-27,Home,141.35,0.05,0,134.28,67.85,7.01,59.42
9549,1512,2025-03-25,Electronics,189.88,0.0,0,189.88,136.71,7.85,45.32
9550,1512,2025-06-01,Accessories,26.09,0.0,0,26.09,7.83,5.39,12.87
9551,1513,2024-02-09,Home,41.24,0.1,0,37.12,19.8,5.56,11.76
9552,1513,2024-02-05,Apparel,53.25,0.05,0,50.58,18.64,5.76,26.18
9553,1513,2024-03-01,Accessories,50.56,0.0,0,50.56,15.17,5.76,29.63
9554,1513,2024-04-24,Electronics,75.1,0.1,0,67.59,54.07,6.01,7.51
9555,1513,2024-04-13,Electronics,196.23,0.2,0,156.98,141.28,7.35,8.35
9556,1513,2024-05-27,Electronics,207.28,0.2,0,165.82,149.24,7.49,9.09
9557,1513,2024-08-28,Accessories,56.39,0.1,1,0.0,0.0,12.76,-12.76
9558,1513,2024-08-23,Electronics,189.21,0.05,0,179.75,136.23,7.7,35.82
9559,1513,2024-09-17,Electronics,388.73,0.1,0,349.86,279.89,10.25,59.72
9560,1513,2024-11-17,Accessories,41.47,0.0,0,41.47,12.44,5.62,23.41
9561,1513,2024-12-14,Accessories,28.6,0.1,0,25.74,8.58,5.39,11.77
9562,1513,2024-12-01,Accessories,66.29,0.0,1,0.0,0.0,12.99,-12.99
9563,1513,2025-01-04,Home,67.9,0.0,0,67.9,32.59,6.02,29.29
9564,1513,2025-01-28,Electronics,124.63,0.05,0,118.4,89.73,6.78,21.89
9565,1513,2025-01-14,Electronics,157.92,0.0,0,157.92,113.7,7.37,36.85
9566,1513,2025-03-21,Apparel,26.97,0.0,0,26.97,9.44,5.4,12.13
9567,1514,2024-02-19,Accessories,46.0,0.0,0,46.0,13.8,5.69,26.51
9568,1514,2024-02-14,Accessories,32.06,0.0,0,32.06,9.62,5.48,16.96
9569,1514,2024-03-19,Apparel,55.84,0.0,0,55.84,19.55,5.84,30.45
9570,1514,2024-08-16,Electronics,278.62,0.1,0,250.76,200.61,8.76,41.39
9571,1514,2024-11-02,Home,95.04,0.0,0,95.04,45.62,6.43,42.99
9572,1514,2024-12-22,Apparel,53.38,0.05,1,0.0,0.0,12.76,-12.76
9573,1514,2025-02-04,Home,84.36,0.1,0,75.93,40.49,6.14,29.3
9574,1514,2025-02-12,Home,132.78,0.0,0,132.78,63.73,6.99,62.06
9575,1515,2024-06-17,Apparel,128.57,0.1,1,0.0,0.0,13.74,-13.74
9576,1515,2024-08-26,Apparel,40.48,0.1,0,36.43,14.17,5.55,16.71
9577,1516,2025-04-12,Accessories,37.41,0.0,0,37.41,11.22,5.56,20.63
9578,1517,2024-09-25,Electronics,321.74,0.05,0,305.65,231.65,9.58,64.42
9579,1518,2024-03-25,Home,57.33,0.1,1,0.0,0.0,12.77,-12.77
9580,1518,2024-03-13,Accessories,33.3,0.1,0,29.97,9.99,5.45,14.53
9581,1518,2024-08-05,Apparel,83.51,0.0,1,0.0,0.0,13.25,-13.25
9582,1518,2024-09-24,Home,90.24,0.0,0,90.24,43.32,6.35,40.57
9583,1518,2024-10-01,Electronics,299.87,0.1,0,269.88,215.91,9.05,44.92
9584,1518,2024-10-12,Electronics,361.02,0.05,0,342.96,259.93,10.14,72.89
9585,1518,2024-11-19,Accessories,39.21,0.05,0,37.25,11.76,5.56,19.93
9586,1518,2025-01-03,Accessories,84.54,0.1,0,76.09,25.36,6.14,44.59
9587,1518,2025-01-22,Accessories,39.21,0.05,0,37.25,11.76,5.56,19.93
9588,1518,2025-01-13,Accessories,31.77,0.1,0,28.6,9.53,5.43,13.64
9589,1518,2025-03-01,Accessories,57.95,0.0,0,57.95,17.39,5.87,34.69
9590,1518,2025-05-23,Accessories,90.78,0.2,0,72.63,27.24,6.09,39.3
9591,1518,2025-06-22,Electronics,330.8,0.1,1,0.0,0.0,16.47,-16.47
9592,1519,2024-06-15,Electronics,240.64,0.2,0,192.51,173.26,7.89,11.36
9593,1519,2024-06-15,Accessories,53.67,0.0,0,53.67,16.1,5.81,31.76
9594,1519,2024-11-28,Accessories,63.4,0.0,0,63.4,19.02,5.95,38.43
9595,1519,2025-01-13,Electronics,150.4,0.0,0,150.4,108.29,7.26,34.85
9596,1520,2024-07-26,Accessories,23.15,0.0,0,23.15,6.95,5.35,10.85
9597,1520,2024-08-01,Electronics,247.04,0.0,0,247.04,177.87,8.71,60.46
9598,1520,2024-08-15,Accessories,78.17,0.0,0,78.17,23.45,6.17,48.55
9599,1520,2024-09-22,Accessories,23.36,0.1,0,21.02,7.01,5.32,8.69
9600,1520,2024-10-24,Apparel,139.87,0.0,0,139.87,48.95,7.1,83.82
9601,1520,2024-11-02,Home,113.7,0.2,0,90.96,54.58,6.36,30.02
9602,1520,2024-12-16,Accessories,59.12,0.1,0,53.21,17.74,5.8,29.67
9603,1520,2024-12-08,Electronics,141.42,0.1,0,127.28,101.82,6.91,18.55
9604,1520,2025-01-02,Home,115.03,0.0,1,0.0,0.0,13.73,-13.73
9605,1520,2025-02-20,Electronics,156.29,0.2,0,125.03,112.53,6.88,5.62
9606,1520,2025-03-07,Apparel,64.35,0.2,0,51.48,22.52,5.77,23.19
9607,1520,2025-05-01,Accessories,37.46,0.2,0,29.96,11.24,5.45,13.27
9608,1521,2024-02-26,Home,226.05,0.05,0,214.75,108.51,8.22,98.02
9609,1521,2024-04-09,Electronics,267.28,0.1,0,240.55,192.44,8.61,39.5
9610,1521,2024-06-26,Electronics,218.4,0.05,0,207.48,157.25,8.11,42.12
9611,1521,2024-08-07,Electronics,260.26,0.2,0,208.21,187.39,8.12,12.7
9612,1521,2024-09-25,Accessories,20.05,0.2,0,16.04,6.01,5.24,4.79
9613,1521,2025-03-18,Apparel,72.39,0.2,0,57.91,25.34,5.87,26.7
9614,1521,2025-05-02,Electronics,289.06,0.0,0,289.06,208.12,9.34,71.6
9615,1521,2025-06-20,Apparel,117.49,0.1,1,0.0,0.0,13.59,-13.59
9616,1521,2025-06-04,Apparel,79.6,0.2,1,0.0,0.0,12.96,-12.96
9617,1522,2024-07-28,Electronics,116.13,0.0,0,116.13,83.61,6.74,25.78
9618,1522,2024-11-14,Apparel,41.78,0.0,1,0.0,0.0,12.63,-12.63
9619,1522,2025-02-18,Accessories,53.5,0.1,0,48.15,16.05,5.72,26.38
9620,1522,2025-04-14,Apparel,42.09,0.0,0,42.09,14.73,5.63,21.73
9621,1523,2024-08-19,Accessories,18.2,0.0,0,18.2,5.46,5.27,7.47
9622,1523,2024-11-07,Accessories,46.94,0.2,0,37.56,14.08,5.56,17.92
9623,1523,2025-01-22,Electronics,324.38,0.1,0,291.94,233.55,9.38,49.01
9624,1523,2025-03-09,Home,64.28,0.0,0,64.28,30.86,5.96,27.46
9625,1524,2024-08-06,Accessories,25.83,0.05,0,24.54,7.75,5.37,11.42
9626,1525,2024-03-24,Home,66.08,0.0,0,66.08,31.72,5.99,28.37
9627,1525,2024-03-08,Accessories,56.69,0.05,0,53.85,17.01,5.81,31.03
9628,1525,2024-04-19,Apparel,52.21,0.0,0,52.21,18.27,5.78,28.16
9629,1525,2024-05-10,Electronics,95.08,0.1,0,85.58,68.46,6.28,10.84
9630,1525,2024-05-19,Home,55.81,0.0,0,55.81,26.79,5.84,23.18
9631,1525,2024-07-08,Apparel,45.35,0.2,0,36.28,15.87,5.54,14.87
9632,1525,2024-10-05,Electronics,321.67,0.05,0,305.59,231.6,9.58,64.41
9633,1525,2025-04-17,Home,94.22,0.1,0,84.8,45.23,6.27,33.3
9634,1526,2024-12-01,Electronics,182.09,0.1,0,163.88,131.1,7.46,25.32
9635,1526,2025-01-28,Electronics,402.18,0.0,0,402.18,289.57,11.03,101.58
9636,1527,2024-08-20,Accessories,46.13,0.05,0,43.82,13.84,5.66,24.32
9637,1527,2024-09-27,Electronics,301.77,0.1,0,271.59,217.27,9.07,45.25
9638,1527,2024-09-27,Electronics,215.61,0.05,0,204.83,155.24,8.07,41.52
9639,1527,2024-10-19,Home,90.67,0.0,0,90.67,43.52,6.36,40.79
9640,1527,2024-11-11,Apparel,69.11,0.1,0,62.2,24.19,5.93,32.08
9641,1527,2025-04-22,Electronics,122.6,0.0,0,122.6,88.27,6.84,27.49
9642,1527,2025-05-11,Home,44.33,0.0,0,44.33,21.28,5.66,17.39
9643,1527,2025-05-03,Accessories,65.8,0.2,1,0.0,0.0,12.79,-12.79
9644,1528,2024-08-20,Accessories,57.87,0.0,0,57.87,17.36,5.87,34.64
9645,1528,2024-09-17,Accessories,25.32,0.2,0,20.26,7.6,5.3,7.36
9646,1528,2024-09-22,Accessories,56.37,0.0,0,56.37,16.91,5.85,33.61
9647,1528,2024-11-21,Electronics,318.9,0.2,0,255.12,229.61,8.83,16.68
9648,1528,2025-02-21,Apparel,37.84,0.0,1,0.0,0.0,12.57,-12.57
9649,1528,2025-04-16,Apparel,67.53,0.2,0,54.03,23.64,5.81,24.58
9650,1528,2025-04-28,Home,139.53,0.0,0,139.53,66.97,7.09,65.47
9651,1529,2024-07-22,Electronics,253.43,0.2,0,202.74,182.47,8.04,12.23
9652,1529,2024-07-24,Accessories,25.88,0.05,0,24.59,7.76,5.37,11.46
9653,1529,2025-01-19,Apparel,87.39,0.1,0,78.66,30.59,6.18,41.89
9654,1529,2025-03-28,Electronics,269.54,0.2,0,215.63,194.07,8.23,13.33
9655,1530,2024-08-26,Apparel,77.91,0.1,1,0.0,0.0,13.05,-13.05
9656,1530,2024-10-19,Electronics,103.05,0.1,0,92.75,74.2,6.39,12.16
9657,1530,2024-10-08,Accessories,49.33,0.0,0,49.33,14.8,5.74,28.79
9658,1530,2024-12-19,Electronics,115.0,0.1,0,103.5,82.8,6.55,14.15
9659,1530,2024-12-08,Apparel,37.0,0.05,0,35.15,12.95,5.53,16.67
9660,1530,2025-01-11,Accessories,52.15,0.1,0,46.93,15.64,5.7,25.59
9661,1530,2025-02-05,Apparel,36.72,0.05,0,34.88,12.85,5.52,16.51
9662,1530,2025-04-01,Home,41.86,0.2,0,33.49,20.09,5.5,7.9
9663,1530,2025-05-19,Home,79.33,0.0,0,79.33,38.08,6.19,35.06
9664,1530,2025-06-20,Electronics,137.17,0.0,0,137.17,98.77,7.06,31.34
9665,1531,2024-08-14,Accessories,69.32,0.05,0,65.85,20.8,5.99,39.06
9666,1532,2024-06-10,Home,82.34,0.0,0,82.34,39.52,6.24,36.58
9667,1532,2024-06-07,Electronics,171.7,0.05,0,163.12,123.63,7.45,32.04
9668,1532,2024-09-26,Accessories,30.84,0.1,0,27.75,9.25,5.42,13.08
9669,1532,2024-09-19,Apparel,78.54,0.0,0,78.54,27.49,6.18,44.87
9670,1532,2024-10-15,Accessories,34.6,0.0,0,34.6,10.38,5.52,18.7
9671,1532,2024-10-17,Apparel,65.07,0.0,0,65.07,22.78,5.98,36.31
9672,1532,2024-11-10,Electronics,138.38,0.0,0,138.38,99.64,7.08,31.66
9673,1532,2024-11-06,Electronics,325.61,0.1,0,293.05,234.44,9.4,49.21
9674,1532,2025-02-02,Accessories,40.84,0.0,0,40.84,12.25,5.61,22.98
9675,1532,2025-03-24,Accessories,55.16,0.2,0,44.13,16.55,5.66,21.92
9676,1532,2025-04-26,Accessories,66.74,0.0,0,66.74,20.02,6.0,40.72
9677,1532,2025-06-18,Apparel,62.16,0.0,0,62.16,21.76,5.93,34.47
9678,1533,2024-08-06,Accessories,39.71,0.0,0,39.71,11.91,5.6,22.2
9679,1534,2024-04-28,Accessories,45.25,0.1,0,40.73,13.58,5.61,21.54
9680,1534,2024-04-25,Accessories,55.06,0.0,0,55.06,16.52,5.83,32.71
9681,1535,2024-07-04,Electronics,192.48,0.2,0,153.98,138.59,7.31,8.08
9682,1535,2024-08-05,Accessories,45.98,0.0,0,45.98,13.79,5.69,26.5
9683,1535,2024-09-27,Home,214.81,0.2,0,171.85,103.11,7.58,61.16
9684,1535,2024-10-02,Electronics,337.65,0.0,0,337.65,243.11,10.06,84.48
9685,1535,2024-11-27,Home,141.35,0.05,0,134.28,67.85,7.01,59.42
9686,1535,2024-12-19,Electronics,224.59,0.1,0,202.13,161.7,8.03,32.4
9687,1535,2025-01-13,Apparel,56.11,0.0,0,56.11,19.64,5.84,30.63
9688,1535,2025-04-15,Apparel,38.34,0.2,0,30.67,13.42,5.46,11.79
9689,1535,2025-04-16,Apparel,62.24,0.2,0,49.79,21.78,5.75,22.26
9690,1536,2024-10-08,Apparel,56.96,0.0,0,56.96,19.94,5.85,31.17
9691,1536,2025-01-09,Home,83.24,0.05,0,79.08,39.96,6.19,32.93
9692,1536,2025-02-24,Electronics,243.65,0.0,0,243.65,175.43,8.65,59.57
9693,1537,2024-04-06,Electronics,135.19,0.0,0,135.19,97.34,7.03,30.82
9694,1537,2024-05-11,Electronics,80.76,0.0,0,80.76,58.15,6.21,16.4
9695,1537,2024-06-07,Accessories,56.1,0.05,0,53.3,16.83,5.8,30.67
9696,1537,2024-09-14,Home,115.84,0.0,0,115.84,55.6,6.74,53.5
9697,1537,2025-05-15,Home,65.82,0.05,0,62.52,31.59,5.94,24.99
9698,1538,2024-06-19,Accessories,51.32,0.0,0,51.32,15.39,5.77,30.16
9699,1538,2024-07-21,Electronics,205.98,0.2,0,164.78,148.3,7.47,9.01
9700,1538,2024-09-01,Home,155.33,0.1,0,139.79,74.56,7.1,58.13
9701,1538,2024-09-28,Accessories,40.75,0.2,0,32.6,12.22,5.49,14.89
9702,1538,2024-10-09,Accessories,39.9,0.0,0,39.9,11.97,5.6,22.33
9703,1538,2024-10-28,Accessories,36.76,0.1,0,33.09,11.03,5.5,16.56
9704,1538,2025-03-23,Home,51.42,0.05,0,48.85,24.68,5.73,18.44
9705,1539,2024-09-03,Apparel,98.53,0.2,0,78.83,34.49,6.18,38.16
9706,1539,2024-11-02,Electronics,141.06,0.05,0,134.01,101.57,7.01,25.43
9707,1539,2025-05-22,Accessories,63.29,0.0,0,63.29,18.99,5.95,38.35
9708,1539,2025-05-26,Home,77.98,0.05,0,74.08,37.43,6.11,30.54
9709,1540,2024-08-27,Electronics,167.48,0.05,0,159.11,120.59,7.39,31.13
9710,1540,2024-08-15,Accessories,35.74,0.1,0,32.17,10.72,5.48,15.97
9711,1540,2024-10-22,Home,103.7,0.1,0,93.33,49.78,6.4,37.15
9712,1540,2025-01-09,Accessories,23.02,0.2,1,0.0,0.0,12.28,-12.28
9713,1540,2025-01-21,Home,117.08,0.05,0,111.23,56.2,6.67,48.36
9714,1540,2025-02-01,Electronics,471.24,0.2,0,376.99,339.29,10.65,27.05
9715,1540,2025-02-24,Apparel,104.29,0.0,0,104.29,36.5,6.56,61.23
9716,1540,2025-04-19,Apparel,92.15,0.1,0,82.94,32.25,6.24,44.45
9717,1540,2025-04-14,Home,162.8,0.05,0,154.66,78.15,7.32,69.19
9718,1541,2024-04-18,Electronics,236.04,0.05,1,0.0,0.0,15.36,-15.36
9719,1541,2024-05-22,Accessories,51.23,0.0,0,51.23,15.37,5.77,30.09
9720,1541,2024-06-25,Apparel,84.84,0.05,0,80.59,29.69,6.21,44.69
9721,1541,2024-08-15,Accessories,51.2,0.0,0,51.2,15.36,5.77,30.07
9722,1541,2024-08-03,Apparel,56.14,0.2,0,44.91,19.65,5.67,19.59
9723,1541,2024-11-15,Electronics,133.04,0.1,0,119.73,95.79,6.8,17.14
9724,1541,2024-11-22,Apparel,49.45,0.1,0,44.5,17.31,5.67,21.52
9725,1541,2024-12-03,Electronics,136.01,0.05,0,129.21,97.92,6.94,24.35
9726,1541,2025-01-09,Electronics,125.07,0.05,0,118.82,90.05,6.78,21.99
9727,1541,2025-04-05,Accessories,48.89,0.05,1,0.0,0.0,12.7,-12.7
9728,1541,2025-04-09,Electronics,127.62,0.1,0,114.86,91.89,6.72,16.25
9729,1541,2025-05-01,Accessories,44.88,0.1,0,40.39,13.46,5.61,21.32
9730,1542,2024-06-17,Electronics,138.69,0.0,0,138.69,99.85,7.08,31.76
9731,1542,2024-09-15,Accessories,31.43,0.1,0,28.29,9.43,5.42,13.44
9732,1542,2024-09-20,Electronics,239.99,0.05,0,227.99,172.79,8.42,46.78
9733,1542,2024-09-19,Electronics,167.3,0.1,0,150.57,120.46,7.26,22.85
9734,1542,2025-01-10,Accessories,59.08,0.2,0,47.26,17.72,5.71,23.83
9735,1542,2025-01-24,Apparel,24.71,0.0,0,24.71,8.65,5.37,10.69
9736,1542,2025-01-03,Apparel,108.01,0.05,0,102.61,37.8,6.54,58.27
9737,1542,2025-01-18,Accessories,82.0,0.05,1,0.0,0.0,13.17,-13.17
9738,1542,2025-02-06,Electronics,148.33,0.05,0,140.91,106.8,7.11,27.0
9739,1542,2025-02-04,Home,68.87,0.1,1,0.0,0.0,12.93,-12.93
9740,1542,2025-06-20,Electronics,281.4,0.2,0,225.12,202.61,8.38,14.13
9741,1543,2024-01-03,Electronics,167.3,0.05,0,158.93,120.45,7.38,31.1
9742,1543,2024-03-27,Home,72.16,0.05,0,68.55,34.64,6.03,27.88
9743,1543,2024-09-13,Home,114.11,0.05,0,108.4,54.77,6.63,47.0
9744,1543,2024-09-01,Home,90.46,0.0,0,90.46,43.42,6.36,40.68
9745,1544,2024-01-05,Electronics,216.75,0.05,0,205.91,156.06,8.09,41.76
9746,1544,2024-02-25,Home,49.76,0.1,0,44.78,23.88,5.67,15.23
9747,1544,2024-02-20,Apparel,174.06,0.05,0,165.35,60.92,7.48,96.95
9748,1544,2024-02-03,Electronics,350.23,0.0,1,0.0,0.0,17.25,-17.25
9749,1544,2024-03-23,Electronics,167.27,0.0,0,167.27,120.44,7.51,39.32
9750,1544,2024-05-06,Apparel,99.42,0.2,0,79.54,34.8,6.19,38.55
9751,1544,2024-08-13,Home,60.08,0.0,0,60.08,28.84,5.9,25.34
9752,1544,2024-08-12,Home,69.34,0.05,0,65.87,33.28,5.99,26.6
9753,1544,2024-09-10,Electronics,406.69,0.0,0,406.69,292.82,11.1,102.77
9754,1544,2024-09-09,Home,77.82,0.1,0,70.04,37.36,6.05,26.63
9755,1544,2025-02-17,Apparel,56.83,0.1,1,0.0,0.0,12.77,-12.77
9756,1544,2025-03-06,Accessories,27.8,0.1,0,25.02,8.34,5.38,11.3
9757,1544,2025-03-09,Apparel,89.71,0.1,0,80.74,31.4,6.21,43.13
9758,1544,2025-04-16,Home,137.4,0.0,0,137.4,65.95,7.06,64.39
9759,1544,2025-06-25,Accessories,55.36,0.05,0,52.6,16.61,5.79,30.2
9760,1545,2024-07-23,Apparel,84.48,0.1,0,76.03,29.57,6.14,40.32
9761,1545,2024-07-02,Accessories,33.75,0.0,0,33.75,10.12,5.51,18.12
9762,1545,2024-09-03,Accessories,53.19,0.05,0,50.53,15.96,5.76,28.81
9763,1545,2024-09-26,Electronics,175.47,0.0,0,175.47,126.34,7.63,41.5
9764,1545,2024-11-24,Apparel,93.16,0.05,0,88.5,32.6,6.33,49.57
9765,1545,2024-12-02,Home,96.59,0.05,0,91.76,46.36,6.38,39.02
9766,1545,2025-01-18,Apparel,65.52,0.05,0,62.24,22.93,5.93,33.38
9767,1545,2025-01-02,Accessories,48.4,0.0,0,48.4,14.52,5.73,28.15
9768,1545,2025-02-03,Electronics,151.42,0.05,0,143.85,109.02,7.16,27.67
9769,1545,2025-03-07,Apparel,92.24,0.0,0,92.24,32.28,6.38,53.58
9770,1545,2025-03-17,Accessories,48.36,0.0,0,48.36,14.51,5.73,28.12
9771,1546,2024-10-26,Apparel,45.75,0.05,0,43.46,16.01,5.65,21.8
9772,1546,2024-11-08,Accessories,36.83,0.0,0,36.83,11.05,5.55,20.23
9773,1546,2024-11-28,Apparel,60.24,0.05,0,57.23,21.08,5.86,30.29
9774,1546,2024-11-01,Apparel,91.03,0.1,0,81.93,31.86,6.23,43.84
9775,1546,2025-01-04,Accessories,30.17,0.2,0,24.14,9.05,5.36,9.73
9776,1546,2025-02-11,Electronics,207.25,0.05,0,196.88,149.22,7.95,39.71
9777,1546,2025-05-04,Accessories,79.32,0.2,0,63.45,23.8,5.95,33.7
9778,1546,2025-06-05,Apparel,46.86,0.0,1,0.0,0.0,12.7,-12.7
9779,1547,2024-06-17,Apparel,77.76,0.05,0,73.87,27.22,6.11,40.54
9780,1547,2024-06-07,Electronics,139.72,0.0,0,139.72,100.6,7.1,32.02
9781,1547,2024-06-04,Apparel,45.2,0.0,0,45.2,15.82,5.68,23.7
9782,1547,2024-08-16,Electronics,414.95,0.0,0,414.95,298.76,11.22,104.97
9783,1547,2024-09-27,Home,125.08,0.1,0,112.58,60.04,6.69,45.85
9784,1547,2024-09-20,Apparel,37.75,0.0,0,37.75,13.21,5.57,18.97
9785,1547,2025-03-12,Accessories,52.24,0.05,0,49.63,15.67,5.74,28.22
9786,1547,2025-05-15,Apparel,51.33,0.0,0,51.33,17.97,5.77,27.59
9787,1547,2025-06-09,Electronics,135.89,0.2,0,108.71,97.84,6.63,4.24
9788,1548,2024-12-21,Home,73.02,0.1,0,65.72,35.05,5.99,24.68
9789,1548,2025-01-24,Apparel,65.19,0.1,0,58.67,22.81,5.88,29.98
9790,1548,2025-02-16,Accessories,23.46,0.0,0,23.46,7.04,5.35,11.07
9791,1548,2025-02-16,Home,75.95,0.0,0,75.95,36.46,6.14,33.35
9792,1549,2024-08-19,Electronics,181.68,0.1,0,163.51,130.81,7.45,25.25
9793,1549,2024-09-18,Home,163.36,0.05,0,155.19,78.41,7.33,69.45
9794,1549,2024-10-01,Electronics,139.4,0.05,0,132.43,100.37,6.99,25.07
9795,1549,2024-10-21,Home,98.27,0.0,0,98.27,47.17,6.47,44.63
9796,1549,2024-11-17,Electronics,285.07,0.0,0,285.07,205.25,9.28,70.54
9797,1549,2024-11-13,Home,84.26,0.2,1,0.0,0.0,13.01,-13.01
9798,1549,2024-12-07,Apparel,42.95,0.05,0,40.81,15.03,5.61,20.17
9799,1549,2025-01-23,Electronics,403.8,0.1,0,363.42,290.73,10.45,62.24
9800,1549,2025-03-08,Accessories,74.01,0.2,0,59.2,22.2,5.89,31.11
9801,1549,2025-04-23,Home,124.25,0.2,0,99.4,59.64,6.49,33.27
9802,1550,2024-10-27,Accessories,28.0,0.0,0,28.0,8.4,5.42,14.18
9803,1550,2024-10-02,Apparel,40.85,0.0,0,40.85,14.3,5.61,20.94
9804,1550,2024-11-05,Electronics,227.33,0.2,0,181.86,163.68,7.73,10.45
9805,1550,2025-03-08,Apparel,30.27,0.1,1,0.0,0.0,12.41,-12.41
9806,1550,2025-05-06,Home,159.96,0.0,0,159.96,76.78,7.4,75.78
9807,1551,2024-01-28,Electronics,375.33,0.05,1,0.0,0.0,17.35,-17.35
9808,1551,2024-02-24,Apparel,62.98,0.05,0,59.83,22.04,5.9,31.89
9809,1551,2024-03-23,Electronics,138.63,0.2,0,110.9,99.81,6.66,4.43
9810,1551,2024-04-16,Electronics,212.32,0.05,1,0.0,0.0,15.03,-15.03
9811,1551,2024-06-26,Electronics,112.58,0.1,0,101.33,81.06,6.52,13.75
9812,1551,2024-07-18,Home,106.69,0.2,0,85.35,51.21,6.28,27.86
9813,1551,2024-07-18,Electronics,217.08,0.1,0,195.37,156.3,7.93,31.14
9814,1551,2024-08-10,Electronics,141.22,0.0,0,141.22,101.68,7.12,32.42
9815,1551,2024-08-22,Accessories,43.78,0.0,0,43.78,13.14,5.66,24.98
9816,1551,2024-09-12,Accessories,23.41,0.2,0,18.73,7.02,5.28,6.43
9817,1551,2024-10-11,Home,91.59,0.1,0,82.43,43.96,6.24,32.23
9818,1551,2024-12-21,Apparel,47.63,0.1,0,42.87,16.67,5.64,20.56
9819,1551,2024-12-15,Electronics,130.38,0.05,0,123.86,93.87,6.86,23.13
9820,1551,2025-01-19,Home,60.07,0.0,0,60.07,28.83,5.9,25.34
9821,1551,2025-02-28,Apparel,64.87,0.1,0,58.38,22.7,5.88,29.8
9822,1551,2025-03-07,Apparel,53.72,0.05,0,51.03,18.8,5.77,26.46
9823,1551,2025-06-07,Apparel,43.88,0.05,0,41.69,15.36,5.63,20.7
9824,1552,2024-03-03,Apparel,57.57,0.0,0,57.57,20.15,5.86,31.56
9825,1552,2024-04-18,Accessories,30.82,0.05,0,29.28,9.25,5.44,14.59
9826,1552,2024-04-25,Accessories,57.86,0.0,0,57.86,17.36,5.87,34.63
9827,1552,2024-04-15,Apparel,58.58,0.05,0,55.65,20.5,5.83,29.32
9828,1552,2024-06-02,Home,58.16,0.05,0,55.26,27.92,5.83,21.51
9829,1552,2024-06-11,Accessories,44.21,0.1,0,39.79,13.26,5.6,20.93
9830,1552,2024-07-24,Accessories,87.93,0.2,0,70.34,26.38,6.06,37.9
9831,1552,2024-08-01,Accessories,52.82,0.05,0,50.18,15.85,5.75,28.58
9832,1552,2024-11-14,Accessories,38.23,0.05,0,36.31,11.47,5.54,19.3
9833,1552,2025-02-20,Home,91.3,0.05,0,86.74,43.83,6.3,36.61
9834,1552,2025-02-10,Accessories,39.06,0.2,0,31.25,11.72,5.47,14.06
9835,1552,2025-06-02,Accessories,41.61,0.2,1,0.0,0.0,12.5,-12.5
9836,1553,2024-06-14,Apparel,38.61,0.0,0,38.61,13.51,5.58,19.52
9837,1553,2024-06-17,Electronics,116.2,0.2,0,92.96,83.66,6.39,2.91
9838,1553,2024-08-04,Apparel,141.91,0.0,0,141.91,49.67,7.13,85.11
9839,1553,2024-08-12,Apparel,72.59,0.1,0,65.33,25.41,5.98,33.94
9840,1553,2024-10-17,Electronics,306.31,0.0,0,306.31,220.54,9.59,76.18
9841,1553,2024-10-04,Electronics,246.27,0.05,0,233.95,177.31,8.51,48.13
9842,1553,2024-11-01,Accessories,57.75,0.0,0,57.75,17.32,5.87,34.56
9843,1553,2024-11-28,Accessories,33.24,0.1,0,29.91,9.97,5.45,14.49
9844,1553,2024-11-12,Apparel,51.69,0.1,0,46.52,18.09,5.7,22.73
9845,1553,2025-02-10,Home,83.8,0.0,0,83.8,40.22,6.26,37.32
9846,1553,2025-03-11,Apparel,31.29,0.05,0,29.73,10.95,5.45,13.33
9847,1553,2025-06-05,Electronics,151.78,0.1,0,136.6,109.28,7.05,20.27
9848,1554,2024-05-04,Apparel,50.11,0.1,0,45.1,17.54,5.68,21.88
9849,1554,2025-01-22,Home,83.8,0.2,0,67.04,40.22,6.01,20.81
9850,1554,2025-01-05,Electronics,199.12,0.1,0,179.2,143.36,7.69,28.15
9851,1554,2025-03-26,Home,56.46,0.05,0,53.64,27.1,5.8,20.74
9852,1554,2025-03-21,Electronics,100.07,0.1,0,90.07,72.05,6.35,11.67
9853,1555,2024-06-10,Home,126.74,0.05,0,120.4,60.83,6.81,52.76
9854,1555,2024-07-18,Home,95.9,0.05,0,91.1,46.03,6.37,38.7
9855,1555,2024-07-02,Accessories,37.58,0.1,0,33.82,11.27,5.51,17.04
9856,1555,2025-02-17,Accessories,29.77,0.2,1,0.0,0.0,12.36,-12.36
9857,1555,2025-05-27,Accessories,74.24,0.0,0,74.24,22.27,6.11,45.86
9858,1556,2024-04-14,Electronics,121.9,0.0,0,121.9,87.77,6.83,27.3
9859,1556,2024-04-25,Accessories,48.74,0.05,0,46.3,14.62,5.69,25.99
9860,1556,2024-05-20,Electronics,245.65,0.0,0,245.65,176.86,8.68,60.11
9861,1556,2024-05-03,Accessories,44.27,0.0,0,44.27,13.28,5.66,25.33
9862,1556,2024-06-24,Apparel,77.14,0.1,0,69.42,27.0,6.04,36.38
9863,1556,2024-06-27,Accessories,95.13,0.1,0,85.62,28.54,6.28,50.8
9864,1556,2024-10-26,Apparel,74.39,0.05,0,70.67,26.04,6.06,38.57
9865,1556,2024-12-13,Electronics,204.2,0.1,0,183.78,147.03,7.76,28.99
9866,1556,2025-01-21,Electronics,96.07,0.05,0,91.27,69.17,6.37,15.73
9867,1556,2025-05-10,Home,64.32,0.05,0,61.1,30.87,5.92,24.31
9868,1556,2025-06-06,Home,42.26,0.1,0,38.03,20.28,5.57,12.18
9869,1557,2024-09-17,Electronics,317.29,0.05,0,301.42,228.45,9.52,63.45
9870,1557,2024-09-04,Electronics,215.02,0.1,0,193.52,154.82,7.9,30.8
9871,1557,2024-11-03,Electronics,219.08,0.0,0,219.08,157.74,8.29,53.05
9872,1557,2024-12-03,Electronics,128.25,0.0,0,128.25,92.34,6.92,28.99
9873,1557,2025-02-15,Home,105.84,0.05,0,100.54,50.8,6.51,43.23
9874,1557,2025-03-04,Accessories,49.65,0.2,1,0.0,0.0,12.6,-12.6
9875,1557,2025-04-08,Apparel,55.49,0.1,1,0.0,0.0,12.75,-12.75
9876,1557,2025-06-27,Apparel,64.02,0.05,0,60.81,22.41,5.91,32.49
9877,1558,2024-02-19,Home,71.94,0.1,0,64.75,34.53,5.97,24.25
9878,1558,2024-03-13,Accessories,32.52,0.1,0,29.26,9.75,5.44,14.07
9879,1558,2024-04-03,Accessories,39.06,0.0,0,39.06,11.72,5.59,21.75
9880,1558,2024-04-08,Apparel,91.79,0.05,0,87.2,32.13,6.31,48.76
9881,1558,2024-07-18,Accessories,22.99,0.2,1,0.0,0.0,12.28,-12.28
9882,1558,2024-07-24,Apparel,108.85,0.1,0,97.97,38.1,6.47,53.4
9883,1558,2024-08-05,Home,96.55,0.2,0,77.24,46.34,6.16,24.74
9884,1558,2025-03-06,Electronics,374.76,0.1,0,337.28,269.83,10.06,57.39
9885,1558,2025-03-24,Accessories,48.38,0.05,0,45.96,14.51,5.69,25.76
9886,1559,2024-05-05,Apparel,56.44,0.0,0,56.44,19.75,5.85,30.84
9887,1559,2024-05-03,Home,109.17,0.0,0,109.17,52.4,6.64,50.13
9888,1559,2024-08-04,Electronics,279.75,0.05,0,265.76,201.42,8.99,55.35
9889,1559,2024-08-16,Apparel,60.34,0.0,1,0.0,0.0,12.91,-12.91
9890,1559,2024-09-03,Accessories,37.63,0.0,0,37.63,11.29,5.56,20.78
9891,1559,2024-12-28,Accessories,35.38,0.0,0,35.38,10.61,5.53,19.24
9892,1559,2025-04-15,Home,219.03,0.05,1,0.0,0.0,15.12,-15.12
9893,1559,2025-05-21,Apparel,62.12,0.0,0,62.12,21.74,5.93,34.45
9894,1560,2024-06-06,Apparel,57.81,0.05,0,54.92,20.23,5.82,28.87
9895,1560,2024-08-08,Electronics,412.59,0.2,0,330.08,297.07,9.95,23.06
9896,1560,2024-11-25,Apparel,67.12,0.0,0,67.12,23.49,6.01,37.62
9897,1560,2024-11-10,Electronics,485.33,0.1,0,436.79,349.43,11.55,75.81
9898,1561,2024-05-18,Apparel,65.8,0.1,0,59.22,23.03,5.89,30.3
9899,1561,2024-07-25,Home,47.39,0.05,0,45.02,22.75,5.68,16.59
9900,1561,2024-11-28,Apparel,84.87,0.0,0,84.87,29.71,6.27,48.89
9901,1561,2025-02-17,Home,94.99,0.05,0,90.24,45.6,6.35,38.29
9902,1562,2024-09-05,Accessories,49.07,0.0,0,49.07,14.72,5.74,28.61
9903,1562,2024-10-27,Apparel,65.77,0.0,0,65.77,23.02,5.99,36.76
9904,1562,2024-10-08,Accessories,32.96,0.2,0,26.37,9.89,5.4,11.08
9905,1562,2024-12-17,Apparel,30.62,0.1,0,27.56,10.72,5.41,11.43
9906,1562,2025-04-25,Apparel,58.88,0.2,0,47.1,20.61,5.71,20.78
9907,1562,2025-04-16,Electronics,130.93,0.0,0,130.93,94.27,6.96,29.7
9908,1562,2025-04-18,Apparel,45.86,0.0,1,0.0,0.0,12.69,-12.69
9909,1563,2024-01-03,Accessories,95.31,0.0,0,95.31,28.59,6.43,60.29
9910,1563,2024-06-28,Apparel,73.32,0.05,0,69.65,25.66,6.04,37.95
9911,1563,2024-09-17,Accessories,93.07,0.05,0,88.42,27.92,6.33,54.17
9912,1563,2024-12-22,Accessories,33.99,0.05,0,32.29,10.2,5.48,16.61
9913,1563,2025-02-04,Apparel,60.89,0.2,0,48.71,21.31,5.73,21.67
9914,1564,2024-06-16,Apparel,42.25,0.2,0,33.8,14.79,5.51,13.5
9915,1564,2024-06-26,Accessories,65.91,0.1,0,59.32,19.77,5.89,33.66
9916,1564,2024-07-21,Electronics,107.47,0.1,0,96.72,77.38,6.45,12.89
9917,1564,2024-08-28,Apparel,92.0,0.1,0,82.8,32.2,6.24,44.36
9918,1564,2024-11-17,Accessories,90.76,0.0,0,90.76,27.23,6.36,57.17
9919,1564,2024-12-17,Accessories,60.3,0.1,0,54.27,18.09,5.81,30.37
9920,1564,2024-12-05,Accessories,26.14,0.0,0,26.14,7.84,5.39,12.91
9921,1564,2024-12-04,Apparel,70.3,0.0,0,70.3,24.61,6.05,39.64
9922,1564,2025-01-01,Home,117.25,0.05,0,111.38,56.28,6.67,48.43
9923,1564,2025-01-19,Home,114.45,0.2,0,91.56,54.94,6.37,30.25
9924,1564,2025-01-09,Apparel,43.26,0.2,1,0.0,0.0,12.52,-12.52
9925,1564,2025-02-08,Electronics,252.14,0.05,0,239.54,181.54,8.59,49.41
9926,1564,2025-03-28,Apparel,88.43,0.05,0,84.0,30.95,6.26,46.79
9927,1564,2025-03-09,Accessories,46.87,0.2,0,37.5,14.06,5.56,17.88
9928,1564,2025-05-11,Apparel,47.92,0.0,0,47.92,16.77,5.72,25.43
9929,1564,2025-05-27,Home,84.95,0.1,0,76.46,40.78,6.15,29.53
9930,1564,2025-06-08,Home,189.87,0.1,0,170.88,91.14,7.56,72.18
9931,1565,2024-02-08,Electronics,221.7,0.05,0,210.61,159.62,8.16,42.83
9932,1565,2024-02-13,Apparel,92.43,0.05,0,87.81,32.35,6.32,49.14
9933,1565,2024-03-17,Home,42.6,0.0,0,42.6,20.45,5.64,16.51
9934,1565,2024-03-28,Accessories,39.64,0.05,0,37.66,11.89,5.56,20.21
9935,1565,2024-06-03,Accessories,42.1,0.0,0,42.1,12.63,5.63,23.84
9936,1565,2024-08-19,Apparel,43.58,0.1,0,39.23,15.25,5.59,18.39
9937,1565,2024-08-14,Apparel,137.9,0.1,0,124.11,48.26,6.86,68.99
9938,1565,2025-01-24,Home,144.38,0.05,0,137.16,69.3,7.06,60.8
9939,1565,2025-05-10,Apparel,50.02,0.0,0,50.02,17.51,5.75,26.76
9940,1566,2024-10-23,Accessories,39.41,0.0,0,39.41,11.82,5.59,22.0
9941,1566,2025-03-11,Electronics,180.85,0.0,0,180.85,130.21,7.71,42.93
9942,1566,2025-04-08,Electronics,247.3,0.2,0,197.84,178.05,7.97,11.82
9943,1566,2025-05-07,Home,109.13,0.05,0,103.67,52.38,6.56,44.73
9944,1567,2024-07-13,Apparel,69.05,0.05,0,65.6,24.17,5.98,35.45
9945,1567,2024-07-23,Accessories,72.75,0.1,0,65.48,21.83,5.98,37.67
9946,1567,2025-03-14,Accessories,85.11,0.0,0,85.11,25.53,6.28,53.3
9947,1567,2025-03-23,Accessories,53.2,0.1,0,47.88,15.96,5.72,26.2
9948,1568,2024-09-28,Apparel,47.79,0.05,1,0.0,0.0,12.68,-12.68
9949,1568,2024-09-13,Apparel,64.63,0.0,1,0.0,0.0,12.97,-12.97
9950,1568,2024-12-09,Accessories,64.64,0.0,1,0.0,0.0,12.97,-12.97
9951,1568,2025-02-02,Home,49.77,0.2,0,39.82,23.89,5.6,10.33
9952,1569,2024-07-16,Accessories,29.94,0.0,0,29.94,8.98,5.45,15.51
9953,1569,2024-10-25,Home,160.34,0.0,0,160.34,76.97,7.41,75.96
9954,1569,2024-12-26,Home,115.95,0.1,0,104.35,55.65,6.57,42.13
9955,1569,2025-01-18,Accessories,67.0,0.05,0,63.65,20.1,5.95,37.6
9956,1569,2025-02-03,Accessories,71.21,0.0,0,71.21,21.36,6.07,43.78
9957,1569,2025-02-23,Accessories,14.69,0.05,0,13.96,4.41,5.21,4.34
9958,1569,2025-03-25,Apparel,34.62,0.2,0,27.7,12.12,5.42,10.16
9959,1569,2025-04-01,Electronics,201.97,0.1,1,0.0,0.0,14.73,-14.73
9960,1569,2025-04-11,Apparel,26.17,0.0,0,26.17,9.16,5.39,11.62
9961,1569,2025-06-02,Accessories,39.44,0.05,0,37.47,11.83,5.56,20.08
9962,1570,2024-06-27,Home,62.66,0.2,1,0.0,0.0,12.75,-12.75
9963,1570,2024-06-28,Home,124.87,0.05,0,118.63,59.94,6.78,51.91
9964,1570,2024-06-06,Home,123.83,0.0,0,123.83,59.44,6.86,57.53
9965,1570,2024-08-04,Apparel,90.2,0.0,0,90.2,31.57,6.35,52.28
9966,1570,2024-08-24,Home,96.49,0.0,0,96.49,46.31,6.45,43.73
9967,1570,2025-05-12,Electronics,340.99,0.05,0,323.94,245.52,9.86,68.56
9968,1570,2025-05-13,Electronics,164.56,0.1,0,148.11,118.48,7.22,22.41
9969,1570,2025-06-14,Apparel,51.93,0.1,0,46.73,18.17,5.7,22.86
9970,1571,2024-05-28,Apparel,71.43,0.1,0,64.29,25.0,5.96,33.33
9971,1571,2024-06-08,Apparel,49.84,0.05,0,47.35,17.44,5.71,24.2
9972,1571,2024-06-22,Apparel,57.75,0.05,0,54.87,20.21,5.82,28.84
9973,1571,2024-07-04,Electronics,276.65,0.1,0,248.99,199.19,8.73,41.07
9974,1571,2024-08-01,Apparel,71.37,0.05,0,67.8,24.98,6.02,36.8
9975,1571,2024-08-26,Apparel,60.31,0.05,0,57.29,21.11,5.86,30.32
9976,1571,2024-08-28,Accessories,84.51,0.1,0,76.05,25.35,6.14,44.56
9977,1571,2024-08-27,Accessories,52.06,0.05,0,49.45,15.62,5.74,28.09
9978,1571,2024-09-15,Home,78.14,0.0,0,78.14,37.51,6.17,34.46
9979,1571,2024-11-05,Accessories,55.22,0.1,0,49.69,16.56,5.75,27.38
9980,1571,2025-01-22,Electronics,253.4,0.0,0,253.4,182.45,8.8,62.15
9981,1571,2025-04-13,Apparel,44.31,0.05,0,42.09,15.51,5.63,20.95
9982,1571,2025-06-07,Electronics,238.88,0.0,0,238.88,172.0,8.58,58.3
9983,1572,2024-04-01,Home,76.1,0.05,0,72.3,36.53,6.08,29.69
9984,1572,2024-12-23,Electronics,288.78,0.05,0,274.34,207.92,9.12,57.3
9985,1572,2024-12-09,Home,99.42,0.2,0,79.54,47.72,6.19,25.63
9986,1573,2024-01-21,Electronics,288.59,0.05,0,274.16,207.78,9.11,57.27
9987,1573,2024-04-14,Home,55.83,0.2,0,44.67,26.8,5.67,12.2
9988,1574,2024-05-25,Apparel,29.1,0.0,1,0.0,0.0,12.44,-12.44
9989,1574,2024-05-19,Home,90.94,0.05,0,86.4,43.65,6.3,36.45
9990,1574,2024-06-14,Accessories,33.38,0.0,0,33.38,10.02,5.5,17.86
9991,1574,2024-07-09,Apparel,68.15,0.0,0,68.15,23.85,6.02,38.28
9992,1574,2024-07-10,Electronics,204.43,0.0,0,204.43,147.19,8.07,49.17
9993,1574,2024-07-04,Home,145.87,0.0,0,145.87,70.02,7.19,68.66
9994,1575,2024-09-18,Apparel,72.63,0.0,0,72.63,25.42,6.09,41.12
9995,1575,2024-09-13,Electronics,220.42,0.0,0,220.42,158.71,8.31,53.4
9996,1575,2025-01-11,Electronics,153.15,0.2,0,122.52,110.27,6.84,5.41
9997,1576,2024-02-28,Apparel,26.95,0.2,1,0.0,0.0,12.32,-12.32
9998,1576,2024-03-01,Electronics,222.44,0.1,0,200.19,160.15,8.0,32.04
9999,1576,2024-03-06,Home,118.1,0.1,0,106.29,56.69,6.59,43.01
10000,1576,2025-03-19,Electronics,154.35,0.0,1,0.0,0.0,14.32,-14.32
10001,1577,2024-04-15,Home,126.06,0.1,0,113.45,60.51,6.7,46.24
10002,1577,2024-06-11,Home,193.67,0.0,0,193.67,92.96,7.9,92.81
10003,1577,2024-10-01,Apparel,74.96,0.0,0,74.96,26.24,6.12,42.6
10004,1577,2024-10-01,Home,54.98,0.05,0,52.23,26.39,5.78,20.06
10005,1578,2024-02-17,Accessories,81.6,0.1,0,73.44,24.48,6.1,42.86
10006,1578,2024-05-26,Accessories,53.48,0.2,0,42.78,16.04,5.64,21.1
10007,1578,2024-05-10,Accessories,19.37,0.0,0,19.37,5.81,5.29,8.27
10008,1578,2024-05-15,Apparel,108.96,0.0,0,108.96,38.14,6.63,64.19
10009,1578,2024-09-19,Accessories,48.54,0.05,0,46.12,14.56,5.69,25.87
10010,1578,2024-10-05,Apparel,49.31,0.1,0,44.38,17.26,5.67,21.45
10011,1578,2024-11-01,Accessories,24.38,0.0,0,24.38,7.31,5.37,11.7
10012,1578,2024-11-13,Home,70.81,0.1,0,63.73,33.99,5.96,23.78
10013,1578,2025-01-07,Home,97.82,0.05,0,92.93,46.95,6.39,39.59
10014,1578,2025-03-14,Electronics,464.41,0.0,0,464.41,334.38,11.97,118.06
10015,1578,2025-03-23,Apparel,58.42,0.1,1,0.0,0.0,12.79,-12.79
10016,1578,2025-05-03,Home,84.74,0.05,0,80.5,40.68,6.21,33.61
10017,1579,2024-09-28,Home,53.67,0.0,0,53.67,25.76,5.81,22.1
10018,1579,2024-10-10,Apparel,90.24,0.1,1,0.0,0.0,13.22,-13.22
10019,1579,2024-11-18,Electronics,196.65,0.2,0,157.32,141.59,7.36,8.37
10020,1579,2024-11-27,Home,117.44,0.0,0,117.44,56.37,6.76,54.31
10021,1579,2025-05-08,Accessories,75.2,0.0,0,75.2,22.56,6.13,46.51
10022,1580,2024-06-23,Home,68.29,0.1,0,61.46,32.78,5.92,22.76
10023,1580,2024-06-21,Electronics,218.22,0.1,1,0.0,0.0,14.95,-14.95
10024,1580,2024-06-06,Apparel,46.67,0.05,1,0.0,0.0,12.67,-12.67
10025,1580,2025-05-16,Apparel,27.19,0.0,0,27.19,9.52,5.41,12.26
10026,1581,2024-08-28,Accessories,72.88,0.05,0,69.24,21.87,6.04,41.33
10027,1581,2024-10-13,Apparel,62.47,0.1,0,56.22,21.86,5.84,28.52
10028,1581,2025-01-20,Electronics,165.08,0.1,0,148.57,118.86,7.23,22.48
10029,1581,2025-02-18,Apparel,104.69,0.05,1,0.0,0.0,13.49,-13.49
10030,1581,2025-03-07,Home,104.43,0.05,0,99.21,50.13,6.49,42.59
10031,1581,2025-03-11,Accessories,56.89,0.05,0,54.05,17.07,5.81,31.17
10032,1582,2024-01-27,Electronics,251.92,0.0,0,251.92,181.39,8.78,61.75
10033,1582,2024-02-27,Home,73.93,0.1,0,66.53,35.48,6.0,25.05
10034,1582,2024-03-18,Home,79.28,0.1,0,71.35,38.05,6.07,27.23
10035,1582,2024-03-22,Accessories,60.35,0.0,0,60.35,18.1,5.91,36.34
10036,1582,2024-04-28,Accessories,67.95,0.05,0,64.55,20.38,5.97,38.2
10037,1582,2024-12-23,Electronics,113.83,0.2,0,91.07,81.96,6.37,2.74
10038,1582,2025-02-05,Electronics,134.28,0.0,0,134.28,96.68,7.01,30.59
10039,1583,2024-08-13,Apparel,45.11,0.05,0,42.85,15.79,5.64,21.42
10040,1583,2024-08-17,Electronics,187.4,0.0,1,0.0,0.0,14.81,-14.81
10041,1583,2024-08-03,Apparel,47.84,0.05,0,45.45,16.75,5.68,23.02
10042,1583,2024-11-20,Apparel,54.52,0.05,0,51.79,19.08,5.78,26.93
10043,1583,2024-11-08,Apparel,52.51,0.0,1,0.0,0.0,12.79,-12.79
10044,1583,2025-05-25,Home,155.43,0.05,0,147.66,74.61,7.21,65.84
10045,1584,2024-07-01,Apparel,117.88,0.0,1,0.0,0.0,13.77,-13.77
10046,1584,2024-08-22,Accessories,56.41,0.0,0,56.41,16.92,5.85,33.64
10047,1585,2024-01-06,Home,113.09,0.1,0,101.78,54.28,6.53,40.97
10048,1585,2024-09-05,Electronics,127.08,0.05,0,120.72,91.5,6.81,22.41
10049,1585,2024-09-15,Home,152.03,0.0,0,152.03,72.97,7.28,71.78
10050,1585,2024-09-10,Accessories,46.41,0.2,0,37.13,13.92,5.56,17.65
10051,1585,2025-02-18,Home,104.74,0.2,0,83.79,50.27,6.26,27.26
10052,1585,2025-02-28,Home,127.56,0.0,0,127.56,61.23,6.91,59.42
10053,1585,2025-03-15,Apparel,26.23,0.0,0,26.23,9.18,5.39,11.66
10054,1585,2025-06-15,Electronics,111.91,0.0,0,111.91,80.57,6.68,24.66
10055,1585,2025-06-04,Home,63.43,0.0,0,63.43,30.45,5.95,27.03
10056,1586,2024-01-19,Apparel,52.11,0.1,1,0.0,0.0,12.7,-12.7
10057,1586,2024-03-03,Accessories,45.99,0.1,0,41.39,13.8,5.62,21.97
10058,1587,2024-09-26,Electronics,223.46,0.2,0,178.77,160.89,7.68,10.2
10059,1587,2024-12-09,Accessories,46.23,0.05,0,43.92,13.87,5.66,24.39
10060,1587,2025-05-10,Home,62.01,0.2,0,49.61,29.77,5.74,14.1
10061,1587,2025-05-28,Home,102.51,0.0,0,102.51,49.21,6.54,46.76
10062,1588,2024-06-04,Accessories,65.26,0.1,0,58.74,19.58,5.88,33.28
10063,1588,2024-07-23,Electronics,288.34,0.1,0,259.51,207.61,8.89,43.01
10064,1588,2024-08-07,Apparel,73.56,0.1,0,66.2,25.74,5.99,34.47
10065,1588,2024-08-19,Accessories,47.77,0.0,0,47.77,14.33,5.72,27.72
10066,1588,2024-09-15,Accessories,101.24,0.2,0,80.99,30.37,6.21,44.41
10067,1588,2024-10-08,Accessories,69.47,0.0,0,69.47,20.84,6.04,42.59
10068,1588,2024-11-24,Home,60.4,0.1,1,0.0,0.0,12.82,-12.82
10069,1588,2025-01-01,Accessories,109.74,0.05,0,104.25,32.92,6.56,64.77
10070,1588,2025-02-09,Apparel,108.82,0.05,0,103.38,38.09,6.55,58.74
10071,1588,2025-03-06,Home,75.18,0.0,0,75.18,36.08,6.13,32.97
10072,1588,2025-03-23,Accessories,54.63,0.1,0,49.16,16.39,5.74,27.03
10073,1588,2025-05-15,Electronics,118.52,0.05,0,112.59,85.33,6.69,20.57
10074,1589,2024-04-12,Electronics,582.47,0.2,0,465.98,419.38,11.99,34.61
10075,1589,2024-06-18,Home,76.38,0.0,0,76.38,36.66,6.15,33.57
10076,1589,2024-07-27,Home,279.72,0.2,0,223.77,134.26,8.36,81.15
10077,1589,2024-08-10,Apparel,83.3,0.0,0,83.3,29.15,6.25,47.9
10078,1589,2025-03-15,Apparel,194.0,0.2,1,0.0,0.0,14.33,-14.33
10079,1589,2025-03-04,Apparel,44.39,0.0,0,44.39,15.54,5.67,23.18
10080,1589,2025-05-09,Home,116.62,0.0,0,116.62,55.98,6.75,53.89
10081,1590,2024-02-21,Accessories,46.79,0.0,1,0.0,0.0,12.7,-12.7
10082,1590,2024-09-16,Electronics,298.07,0.0,0,298.07,214.61,9.47,73.99
10083,1590,2024-12-17,Electronics,178.09,0.2,0,142.47,128.22,7.14,7.11
10084,1590,2025-03-10,Electronics,119.45,0.1,0,107.5,86.0,6.61,14.89
10085,1590,2025-03-06,Apparel,79.76,0.1,1,0.0,0.0,13.08,-13.08
10086,1590,2025-06-05,Home,108.39,0.2,0,86.71,52.03,6.3,28.38
10087,1591,2024-06-10,Home,67.78,0.05,0,64.39,32.53,5.97,25.89
10088,1591,2024-06-28,Apparel,53.94,0.0,1,0.0,0.0,12.81,-12.81
10089,1591,2024-08-09,Accessories,42.64,0.0,0,42.64,12.79,5.64,24.21
10090,1591,2024-08-02,Accessories,68.97,0.0,0,68.97,20.69,6.03,42.25
10091,1592,2024-05-16,Home,176.96,0.0,0,176.96,84.94,7.65,84.37
10092,1592,2025-01-21,Accessories,19.57,0.05,0,18.59,5.87,5.28,7.44
10093,1593,2024-10-27,Accessories,44.64,0.2,0,35.71,13.39,5.54,16.78
10094,1593,2024-10-18,Home,111.26,0.0,0,111.26,53.41,6.67,51.18
10095,1593,2024-12-07,Home,69.25,0.1,0,62.32,33.24,5.93,23.15
10096,1593,2025-01-10,Home,74.11,0.05,0,70.41,35.57,6.06,28.78
10097,1594,2024-06-10,Accessories,52.02,0.0,0,52.02,15.61,5.78,30.63
10098,1594,2024-06-17,Electronics,232.54,0.05,0,220.92,167.43,8.31,45.18
10099,1594,2024-06-08,Accessories,26.44,0.05,0,25.12,7.93,5.38,11.81
10100,1594,2024-07-21,Apparel,91.81,0.1,0,82.63,32.14,6.24,44.25
10101,1594,2024-12-15,Home,113.59,0.1,1,0.0,0.0,13.53,-13.53
10102,1594,2025-05-24,Accessories,48.13,0.0,0,48.13,14.44,5.72,27.97
10103,1594,2025-05-08,Apparel,34.84,0.1,0,31.35,12.19,5.47,13.69
10104,1594,2025-06-05,Apparel,45.09,0.05,0,42.84,15.78,5.64,21.42
10105,1595,2024-02-17,Apparel,174.91,0.05,0,166.17,61.22,7.49,97.46
10106,1595,2024-03-19,Home,101.03,0.05,1,0.0,0.0,13.44,-13.44
10107,1595,2024-04-28,Home,127.01,0.2,0,101.61,60.97,6.52,34.12
10108,1595,2024-04-18,Apparel,137.3,0.0,1,0.0,0.0,14.06,-14.06
10109,1595,2024-05-03,Electronics,206.57,0.05,1,0.0,0.0,14.94,-14.94
10110,1595,2024-06-26,Electronics,204.75,0.05,1,0.0,0.0,14.92,-14.92
10111,1595,2024-07-26,Apparel,70.34,0.0,0,70.34,24.62,6.06,39.66
10112,1595,2024-07-26,Home,151.9,0.0,0,151.9,72.91,7.28,71.71
10113,1595,2024-09-14,Accessories,58.17,0.05,0,55.26,17.45,5.83,31.98
10114,1595,2025-03-11,Home,108.94,0.05,0,103.49,52.29,6.55,44.65
10115,1595,2025-03-07,Electronics,149.47,0.05,0,141.99,107.62,7.13,27.24
10116,1595,2025-05-03,Electronics,224.73,0.0,0,224.73,161.8,8.37,54.56
10117,1595,2025-06-21,Accessories,28.59,0.1,0,25.73,8.58,5.39,11.76
10118,1595,2025-06-23,Home,72.59,0.0,0,72.59,34.84,6.09,31.66
10119,1596,2024-04-26,Electronics,152.5,0.2,0,122.0,109.8,6.83,5.37
10120,1596,2024-05-06,Home,76.32,0.05,0,72.5,36.63,6.09,29.78
10121,1596,2024-06-14,Apparel,77.18,0.05,0,73.32,27.01,6.1,40.21
10122,1596,2024-07-12,Home,98.44,0.0,0,98.44,47.25,6.48,44.71
10123,1596,2025-05-26,Accessories,33.87,0.05,0,32.18,10.16,5.48,16.54
10124,1596,2025-06-05,Accessories,43.74,0.0,0,43.74,13.12,5.66,24.96
10125,1597,2024-03-27,Home,68.52,0.0,0,68.52,32.89,6.03,29.6
10126,1597,2024-03-22,Home,156.57,0.2,1,0.0,0.0,13.88,-13.88
10127,1597,2024-04-15,Electronics,140.8,0.1,0,126.72,101.37,6.9,18.45
10128,1597,2024-04-23,Apparel,92.93,0.0,0,92.93,32.53,6.39,54.01
10129,1597,2024-05-16,Home,331.21,0.1,0,298.08,158.98,9.47,129.63
10130,1597,2024-07-16,Home,26.91,0.05,0,25.56,12.92,5.38,7.26
10131,1597,2024-12-28,Accessories,53.59,0.0,0,53.59,16.08,5.8,31.71
10132,1597,2024-12-10,Electronics,253.71,0.0,0,253.71,182.67,8.81,62.23
10133,1597,2025-03-04,Home,122.75,0.2,1,0.0,0.0,13.47,-13.47
10134,1597,2025-04-09,Accessories,29.87,0.0,0,29.87,8.96,5.45,15.46
10135,1597,2025-04-13,Apparel,69.56,0.2,0,55.65,24.35,5.83,25.47
10136,1597,2025-06-25,Home,88.77,0.1,0,79.89,42.61,6.2,31.08
10137,1597,2025-06-02,Electronics,178.08,0.1,0,160.27,128.22,7.4,24.65
10138,1598,2024-08-15,Home,68.02,0.0,0,68.02,32.65,6.02,29.35
10139,1598,2024-09-11,Home,145.37,0.1,0,130.83,69.78,6.96,54.09
10140,1598,2024-10-27,Electronics,405.36,0.1,0,364.83,291.86,10.47,62.5
10141,1598,2025-02-23,Home,85.69,0.0,0,85.69,41.13,6.29,38.27
10142,1598,2025-02-07,Apparel,56.51,0.1,0,50.86,19.78,5.76,25.32
10143,1598,2025-04-05,Apparel,32.64,0.1,0,29.38,11.42,5.44,12.52
10144,1598,2025-04-27,Accessories,28.22,0.2,1,0.0,0.0,12.34,-12.34
10145,1599,2024-03-19,Apparel,70.95,0.0,0,70.95,24.83,6.06,40.06
10146,1599,2024-07-25,Home,72.17,0.1,0,64.96,34.64,5.97,24.35
10147,1599,2025-04-01,Accessories,30.01,0.05,0,28.51,9.0,5.43,14.08
10148,1600,2024-06-04,Electronics,134.01,0.1,0,120.61,96.49,6.81,17.31
10149,1600,2024-07-20,Accessories,32.98,0.0,0,32.98,9.89,5.49,17.6
10150,1600,2024-08-18,Electronics,196.34,0.1,0,176.71,141.37,7.65,27.69
10151,1600,2024-10-18,Apparel,49.01,0.0,0,49.01,17.15,5.74,26.12
10152,1600,2024-11-19,Home,56.45,0.0,0,56.45,27.1,5.85,23.5
10153,1600,2024-12-12,Electronics,211.45,0.2,0,169.16,152.24,7.54,9.38
10154,1600,2025-01-06,Accessories,138.18,0.0,0,138.18,41.46,7.07,89.65
10155,1600,2025-02-12,Home,105.34,0.05,0,100.07,50.56,6.5,43.01
10156,1600,2025-03-04,Accessories,63.78,0.0,0,63.78,19.13,5.96,38.69
10157,1600,2025-05-16,Electronics,206.73,0.2,0,165.39,148.85,7.48,9.06
10158,1601,2024-05-16,Home,60.7,0.2,0,48.56,29.14,5.73,13.69
10159,1601,2024-06-07,Electronics,461.38,0.1,0,415.24,332.19,11.23,71.82
10160,1601,2024-07-26,Home,62.35,0.2,0,49.88,29.93,5.75,14.2
10161,1601,2024-11-20,Home,86.43,0.0,0,86.43,41.49,6.3,38.64
10162,1601,2024-11-16,Electronics,363.61,0.2,0,290.89,261.8,9.36,19.73
10163,1601,2024-12-04,Accessories,55.25,0.1,0,49.72,16.57,5.75,27.4
10164,1601,2025-02-25,Accessories,46.44,0.1,0,41.8,13.93,5.63,22.24
10165,1602,2024-11-21,Apparel,81.14,0.1,0,73.03,28.4,6.1,38.53
10166,1602,2025-02-09,Accessories,50.62,0.05,0,48.08,15.18,5.72,27.18
10167,1603,2024-01-14,Electronics,204.46,0.05,0,194.24,147.21,7.91,39.12
10168,1603,2024-04-13,Accessories,28.01,0.0,0,28.01,8.4,5.42,14.19
10169,1603,2024-11-09,Apparel,65.02,0.05,0,61.77,22.76,5.93,33.08
10170,1603,2025-01-04,Apparel,91.08,0.05,0,86.53,31.88,6.3,48.35
10171,1604,2024-02-16,Home,82.72,0.1,0,74.45,39.71,6.12,28.62
10172,1604,2024-02-05,Apparel,58.59,0.0,0,58.59,20.51,5.88,32.2
10173,1604,2024-03-10,Electronics,121.33,0.1,0,109.2,87.36,6.64,15.2
10174,1604,2024-05-28,Apparel,37.27,0.0,0,37.27,13.04,5.56,18.67
10175,1604,2024-06-06,Electronics,237.01,0.05,0,225.16,170.65,8.38,46.13
10176,1604,2024-06-14,Apparel,74.45,0.1,1,0.0,0.0,13.01,-13.01
10177,1604,2024-07-08,Accessories,35.9,0.1,0,32.31,10.77,5.48,16.06
10178,1604,2024-08-12,Accessories,34.3,0.1,0,30.87,10.29,5.46,15.12
10179,1604,2024-12-09,Apparel,31.99,0.05,0,30.39,11.2,5.46,13.73
10180,1604,2024-12-04,Accessories,67.72,0.0,0,67.72,20.32,6.02,41.38
10181,1604,2024-12-10,Apparel,51.24,0.1,1,0.0,0.0,12.69,-12.69
10182,1604,2025-05-26,Home,78.52,0.0,0,78.52,37.69,6.18,34.65
10183,1604,2025-06-06,Apparel,75.75,0.1,0,68.18,26.51,6.02,35.65
10184,1604,2025-06-14,Accessories,30.85,0.05,0,29.31,9.25,5.44,14.62
10185,1605,2024-10-23,Home,102.78,0.1,0,92.5,49.33,6.39,36.78
10186,1605,2024-10-19,Electronics,200.65,0.1,0,180.58,144.47,7.71,28.4
10187,1605,2024-10-23,Electronics,113.11,0.2,1,0.0,0.0,13.36,-13.36
10188,1605,2025-04-25,Apparel,87.48,0.05,0,83.1,30.62,6.25,46.23
10189,1606,2024-03-04,Apparel,47.36,0.05,0,45.0,16.58,5.67,22.75
10190,1606,2024-03-12,Electronics,247.82,0.0,0,247.82,178.43,8.72,60.67
10191,1606,2024-07-05,Electronics,317.71,0.0,0,317.71,228.75,9.77,79.19
10192,1606,2024-09-26,Accessories,42.08,0.2,1,0.0,0.0,12.51,-12.51
10193,1606,2025-05-22,Home,74.58,0.1,0,67.12,35.8,6.01,25.31
10194,1606,2025-05-28,Electronics,168.9,0.1,0,152.01,121.61,7.28,23.12
10195,1607,2024-03-01,Home,194.82,0.2,0,155.85,93.51,7.34,55.0
10196,1607,2024-03-06,Home,45.15,0.2,0,36.12,21.67,5.54,8.91
10197,1607,2024-04-04,Home,105.62,0.0,0,105.62,50.7,6.58,48.34
10198,1607,2024-05-17,Accessories,58.31,0.2,0,46.65,17.49,5.7,23.46
10199,1607,2024-05-06,Electronics,127.94,0.1,0,115.14,92.12,6.73,16.29
10200,1607,2024-05-14,Electronics,243.01,0.0,0,243.01,174.97,8.65,59.39
10201,1607,2024-06-02,Home,132.63,0.05,0,125.99,63.66,6.89,55.44
10202,1607,2024-07-15,Accessories,47.06,0.0,0,47.06,14.12,5.71,27.23
10203,1607,2024-07-02,Home,106.66,0.0,1,0.0,0.0,13.6,-13.6
10204,1607,2025-03-22,Accessories,57.52,0.1,0,51.77,17.26,5.78,28.73
10205,1607,2025-03-13,Home,117.68,0.05,0,111.8,56.49,6.68,48.63
10206,1607,2025-05-02,Apparel,42.14,0.0,0,42.14,14.75,5.63,21.76
10207,1607,2025-05-15,Home,93.22,0.1,0,83.9,44.75,6.26,32.89
10208,1608,2024-03-22,Home,50.8,0.05,0,48.26,24.38,5.72,18.16
10209,1608,2024-04-11,Home,99.7,0.1,0,89.73,47.86,6.35,35.52
10210,1608,2024-04-23,Accessories,27.22,0.0,0,27.22,8.17,5.41,13.64
10211,1608,2024-05-10,Accessories,24.22,0.0,0,24.22,7.27,5.36,11.59
10212,1608,2024-05-10,Electronics,143.25,0.0,0,143.25,103.14,7.15,32.96
10213,1608,2024-06-18,Home,88.82,0.2,0,71.06,42.63,6.07,22.36
10214,1608,2024-07-25,Accessories,75.26,0.2,0,60.21,22.58,5.9,31.73
10215,1608,2024-10-22,Apparel,66.62,0.05,0,63.29,23.32,5.95,34.02
10216,1608,2024-11-16,Accessories,120.84,0.1,0,108.76,36.25,6.63,65.88
10217,1608,2025-04-06,Apparel,105.33,0.1,0,94.8,36.87,6.42,51.51
10218,1609,2024-06-10,Accessories,43.32,0.0,0,43.32,13.0,5.65,24.67
10219,1609,2024-09-03,Apparel,93.32,0.05,0,88.65,32.66,6.33,49.66
10220,1609,2024-11-11,Accessories,44.64,0.1,1,0.0,0.0,12.6,-12.6
10221,1609,2024-11-19,Accessories,39.37,0.1,0,35.43,11.81,5.53,18.09
10222,1609,2025-02-18,Accessories,18.6,0.1,0,16.74,5.58,5.25,5.91
10223,1610,2024-06-11,Electronics,184.53,0.0,0,184.53,132.86,7.77,43.9
10224,1610,2024-08-01,Electronics,166.55,0.0,0,166.55,119.92,7.5,39.13
10225,1610,2024-09-27,Electronics,177.32,0.05,0,168.46,127.67,7.53,33.26
10226,1610,2024-10-14,Apparel,49.13,0.05,1,0.0,0.0,12.7,-12.7
10227,1610,2024-10-03,Electronics,200.31,0.2,0,160.25,144.23,7.4,8.62
10228,1610,2025-02-13,Apparel,149.78,0.0,0,149.78,52.42,7.25,90.11
10229,1610,2025-02-13,Electronics,182.11,0.2,0,145.69,131.12,7.19,7.38
10230,1610,2025-03-17,Home,62.0,0.1,0,55.8,29.76,5.84,20.2
10231,1610,2025-03-19,Home,151.4,0.2,1,0.0,0.0,13.82,-13.82
10232,1610,2025-06-11,Apparel,75.46,0.0,0,75.46,26.41,6.13,42.92
10233,1611,2025-01-25,Accessories,89.71,0.1,1,0.0,0.0,13.21,-13.21
10234,1611,2025-05-28,Electronics,135.59,0.05,0,128.81,97.62,6.93,24.26
10235,1612,2024-02-10,Accessories,94.57,0.05,0,89.85,28.37,6.35,55.13
10236,1612,2024-03-26,Electronics,146.25,0.0,0,146.25,105.3,7.19,33.76
10237,1612,2024-05-06,Accessories,22.4,0.2,0,17.92,6.72,5.27,5.93
10238,1612,2024-06-15,Apparel,84.91,0.05,0,80.66,29.72,6.21,44.73
10239,1612,2024-07-14,Electronics,161.83,0.0,0,161.83,116.52,7.43,37.88
10240,1612,2024-08-06,Accessories,23.2,0.05,0,22.04,6.96,5.33,9.75
10241,1612,2024-10-03,Electronics,168.4,0.2,0,134.72,121.25,7.02,6.45
10242,1612,2024-11-19,Apparel,32.09,0.0,0,32.09,11.23,5.48,15.38
10243,1612,2024-11-23,Apparel,28.46,0.1,0,25.61,9.96,5.38,10.27
10244,1612,2024-11-27,Accessories,35.15,0.0,0,35.15,10.54,5.53,19.08
10245,1612,2024-12-07,Apparel,69.8,0.05,0,66.31,24.43,5.99,35.89
10246,1612,2025-04-22,Accessories,51.96,0.2,0,41.57,15.59,5.62,20.36
10247,1612,2025-04-17,Electronics,190.26,0.1,0,171.23,136.98,7.57,26.68
10248,1612,2025-04-28,Electronics,233.93,0.05,0,222.24,168.43,8.33,45.48
10249,1612,2025-06-23,Home,83.89,0.0,0,83.89,40.27,6.26,37.36
10250,1612,2025-06-11,Home,105.83,0.0,0,105.83,50.8,6.59,48.44
10251,1612,2025-06-16,Electronics,231.39,0.05,0,219.82,166.6,8.3,44.92
10252,1613,2024-05-28,Apparel,76.16,0.1,0,68.55,26.66,6.03,35.86
10253,1613,2024-05-12,Electronics,315.86,0.05,0,300.07,227.42,9.5,63.15
10254,1613,2024-07-14,Apparel,77.93,0.1,1,0.0,0.0,13.05,-13.05
10255,1614,2024-06-07,Accessories,34.49,0.2,0,27.59,10.35,5.41,11.83
10256,1614,2024-11-28,Accessories,44.46,0.1,0,40.01,13.34,5.6,21.07
10257,1614,2024-11-02,Apparel,49.51,0.05,0,47.03,17.33,5.71,23.99
10258,1614,2025-04-07,Accessories,28.96,0.1,0,26.07,8.69,5.39,11.99
10259,1614,2025-04-28,Home,127.78,0.1,0,115.0,61.33,6.73,46.94
10260,1615,2024-03-16,Electronics,242.94,0.1,0,218.64,174.91,8.28,35.45
10261,1615,2024-03-27,Accessories,26.35,0.1,0,23.71,7.9,5.36,10.45
10262,1615,2025-01-14,Home,64.78,0.05,0,61.54,31.1,5.92,24.52
10263,1616,2024-05-11,Apparel,138.59,0.0,1,0.0,0.0,14.08,-14.08
10264,1616,2024-05-03,Accessories,64.02,0.0,0,64.02,19.21,5.96,38.85
10265,1616,2024-10-13,Accessories,34.07,0.1,0,30.66,10.22,5.46,14.98
10266,1616,2024-11-18,Apparel,65.35,0.1,1,0.0,0.0,12.88,-12.88
10267,1616,2024-11-25,Electronics,176.49,0.0,0,176.49,127.07,7.65,41.77
10268,1616,2025-01-26,Apparel,30.93,0.0,0,30.93,10.82,5.46,14.65
10269,1616,2025-01-15,Electronics,299.5,0.1,0,269.55,215.64,9.04,44.87
10270,1617,2024-04-16,Accessories,65.52,0.05,1,0.0,0.0,12.93,-12.93
10271,1617,2024-04-14,Accessories,84.83,0.0,0,84.83,25.45,6.27,53.11
10272,1617,2024-06-26,Home,69.36,0.0,0,69.36,33.29,6.04,30.03
10273,1617,2025-02-16,Accessories,37.64,0.2,0,30.12,11.29,5.45,13.38
10274,1617,2025-03-23,Apparel,86.39,0.1,0,77.75,30.24,6.17,41.34
10275,1618,2024-04-12,Home,121.51,0.2,0,97.21,58.33,6.46,32.42
10276,1618,2024-07-08,Apparel,91.76,0.0,0,91.76,32.12,6.38,53.26
10277,1618,2024-07-19,Apparel,65.87,0.05,1,0.0,0.0,12.94,-12.94
10278,1618,2024-08-14,Home,99.96,0.1,0,89.96,47.98,6.35,35.63
10279,1618,2024-08-07,Electronics,269.42,0.0,0,269.42,193.98,9.04,66.4
10280,1618,2024-08-21,Accessories,56.75,0.05,0,53.91,17.02,5.81,31.08
10281,1618,2024-10-19,Home,104.22,0.0,0,104.22,50.03,6.56,47.63
10282,1618,2024-11-04,Accessories,55.57,0.1,1,0.0,0.0,12.75,-12.75
10283,1618,2024-11-05,Apparel,50.46,0.0,0,50.46,17.66,5.76,27.04
10284,1618,2024-11-15,Home,150.85,0.0,0,150.85,72.41,7.26,71.18
10285,1618,2024-11-21,Accessories,33.41,0.1,0,30.07,10.02,5.45,14.6
10286,1618,2025-01-19,Home,52.18,0.0,0,52.18,25.04,5.78,21.36
10287,1618,2025-01-25,Apparel,101.65,0.05,0,96.57,35.58,6.45,54.54
10288,1618,2025-03-10,Electronics,166.07,0.0,0,166.07,119.57,7.49,39.01
10289,1618,2025-05-18,Accessories,85.15,0.0,0,85.15,25.54,6.28,53.33
10290,1618,2025-05-15,Electronics,162.05,0.2,0,129.64,116.68,6.94,6.02
10291,1619,2024-05-10,Electronics,303.52,0.0,0,303.52,218.53,9.55,75.44
10292,1619,2024-06-12,Home,64.07,0.05,0,60.87,30.75,5.91,24.21
10293,1619,2025-01-03,Apparel,46.01,0.1,0,41.41,16.1,5.62,19.69
10294,1619,2025-03-02,Home,85.03,0.0,0,85.03,40.82,6.28,37.93
10295,1619,2025-04-20,Apparel,66.73,0.0,1,0.0,0.0,13.0,-13.0
10296,1620,2024-09-02,Accessories,30.42,0.0,0,30.42,9.13,5.46,15.83
10297,1620,2024-10-07,Electronics,122.5,0.0,1,0.0,0.0,13.84,-13.84
10298,1620,2024-11-17,Home,75.1,0.1,0,67.59,36.05,6.01,25.53
10299,1620,2024-11-28,Electronics,413.72,0.2,0,330.97,297.88,9.96,23.13
10300,1620,2025-01-01,Accessories,46.46,0.05,0,44.13,13.94,5.66,24.53
10301,1621,2024-01-04,Apparel,86.37,0.0,0,86.37,30.23,6.3,49.84
10302,1621,2024-01-28,Accessories,30.12,0.05,0,28.61,9.03,5.43,14.15
10303,1621,2024-02-10,Electronics,297.48,0.05,0,282.61,214.19,9.24,59.18
10304,1621,2024-03-04,Home,75.95,0.0,0,75.95,36.46,6.14,33.35
10305,1621,2024-09-16,Electronics,93.2,0.05,1,0.0,0.0,13.33,-13.33
10306,1621,2025-04-13,Home,72.3,0.05,0,68.69,34.7,6.03,27.96
10307,1621,2025-04-10,Electronics,161.51,0.2,0,129.21,116.29,6.94,5.98
10308,1621,2025-05-08,Home,176.08,0.05,0,167.28,84.52,7.51,75.25
10309,1621,2025-05-12,Apparel,75.21,0.2,0,60.17,26.32,5.9,27.95
10310,1622,2024-03-23,Accessories,44.72,0.1,0,40.25,13.42,5.6,21.23
10311,1622,2024-05-01,Apparel,100.9,0.2,0,80.72,35.32,6.21,39.19
10312,1622,2024-05-01,Home,76.61,0.1,0,68.95,36.77,6.03,26.15
10313,1622,2024-11-16,Apparel,22.92,0.1,0,20.63,8.02,5.31,7.3
10314,1622,2025-03-21,Home,66.08,0.1,0,59.47,31.72,5.89,21.86
10315,1623,2024-03-10,Home,126.29,0.0,0,126.29,60.62,6.89,58.78
10316,1623,2024-06-16,Home,87.44,0.1,0,78.69,41.97,6.18,30.54
10317,1623,2024-07-04,Home,82.7,0.0,0,82.7,39.7,6.24,36.76
10318,1623,2024-08-08,Home,71.98,0.0,0,71.98,34.55,6.08,31.35
10319,1623,2024-09-03,Accessories,80.39,0.05,0,76.37,24.12,6.15,46.1
10320,1623,2024-11-06,Accessories,36.06,0.1,0,32.45,10.82,5.49,16.14
10321,1623,2024-11-09,Apparel,62.96,0.0,0,62.96,22.04,5.94,34.98
10322,1623,2025-04-13,Accessories,50.61,0.2,0,40.48,15.18,5.61,19.69
10323,1624,2025-02-09,Apparel,236.63,0.0,0,236.63,82.82,8.55,145.26
10324,1624,2025-03-07,Home,60.75,0.1,0,54.68,29.16,5.82,19.7
10325,1624,2025-03-15,Accessories,93.41,0.1,0,84.07,28.02,6.26,49.79
10326,1624,2025-04-26,Accessories,41.57,0.1,0,37.41,12.47,5.56,19.38
10327,1624,2025-06-15,Apparel,40.79,0.0,0,40.79,14.28,5.61,20.9
10328,1624,2025-06-09,Electronics,135.79,0.0,0,135.79,97.77,7.04,30.98
10329,1625,2024-07-04,Home,114.21,0.1,0,102.79,54.82,6.54,41.43
10330,1625,2024-08-01,Home,138.96,0.2,0,111.17,66.7,6.67,37.8
10331,1625,2024-09-21,Accessories,31.27,0.2,0,25.02,9.38,5.38,10.26
10332,1625,2024-12-24,Home,105.4,0.2,0,84.32,50.59,6.26,27.47
10333,1625,2025-02-15,Apparel,98.99,0.1,1,0.0,0.0,13.34,-13.34
10334,1625,2025-03-26,Electronics,128.46,0.0,0,128.46,92.49,6.93,29.04
10335,1625,2025-03-28,Electronics,246.78,0.0,0,246.78,177.68,8.7,60.4
10336,1625,2025-03-08,Apparel,88.56,0.1,0,79.7,30.99,6.2,42.51
10337,1625,2025-05-15,Apparel,98.57,0.05,0,93.64,34.5,6.4,52.74
10338,1625,2025-05-20,Home,110.2,0.05,0,104.69,52.9,6.57,45.22
10339,1625,2025-06-06,Electronics,160.42,0.0,0,160.42,115.5,7.41,37.51
10340,1626,2024-06-14,Electronics,164.82,0.1,0,148.34,118.67,7.23,22.44
10341,1627,2024-02-13,Home,94.64,0.05,0,89.91,45.43,6.35,38.13
10342,1627,2024-04-16,Accessories,36.77,0.05,0,34.93,11.03,5.52,18.38
10343,1627,2024-05-04,Home,38.77,0.1,0,34.9,18.61,5.52,10.77
10344,1627,2024-08-05,Apparel,24.57,0.0,0,24.57,8.6,5.37,10.6
10345,1627,2024-09-04,Accessories,31.31,0.0,0,31.31,9.39,5.47,16.45
10346,1627,2024-09-26,Accessories,37.75,0.0,0,37.75,11.32,5.57,20.86
10347,1627,2024-09-16,Electronics,329.86,0.0,0,329.86,237.5,9.95,82.41
10348,1627,2024-10-23,Accessories,36.4,0.1,1,0.0,0.0,12.49,-12.49
10349,1627,2024-11-01,Electronics,115.71,0.0,0,115.71,83.31,6.74,25.66
10350,1627,2024-12-12,Accessories,54.38,0.05,0,51.66,16.31,5.77,29.58
10351,1627,2025-02-17,Electronics,99.64,0.0,0,99.64,71.74,6.49,21.41
10352,1628,2024-02-13,Electronics,163.62,0.1,0,147.26,117.81,7.21,22.24
10353,1628,2024-04-22,Electronics,164.51,0.05,0,156.29,118.45,7.34,30.5
10354,1628,2024-06-24,Apparel,40.01,0.2,0,32.01,14.0,5.48,12.53
10355,1628,2024-06-05,Electronics,185.54,0.2,0,148.43,133.59,7.23,7.61
10356,1628,2024-09-10,Home,121.49,0.0,0,121.49,58.31,6.82,56.36
10357,1628,2024-12-15,Electronics,136.16,0.05,0,129.35,98.03,6.94,24.38
10358,1629,2024-04-27,Apparel,109.56,0.1,1,0.0,0.0,13.48,-13.48
10359,1629,2024-06-08,Apparel,117.65,0.0,0,117.65,41.18,6.76,69.71
10360,1629,2024-06-15,Apparel,40.35,0.05,1,0.0,0.0,12.58,-12.58
10361,1629,2024-09-15,Accessories,31.65,0.1,0,28.49,9.5,5.43,13.56
10362,1629,2024-09-12,Accessories,39.31,0.2,0,31.45,11.79,5.47,14.19
10363,1629,2024-11-25,Electronics,199.68,0.05,0,189.7,143.77,7.85,38.08
10364,1629,2025-02-09,Electronics,178.06,0.05,0,169.16,128.21,7.54,33.41
10365,1629,2025-04-16,Electronics,344.53,0.05,0,327.3,248.06,9.91,69.33
10366,1629,2025-04-08,Apparel,47.2,0.1,0,42.48,16.52,5.64,20.32
10367,1630,2024-09-10,Apparel,41.38,0.0,0,41.38,14.48,5.62,21.28
10368,1630,2024-10-01,Accessories,22.65,0.2,0,18.12,6.8,5.27,6.05
10369,1630,2025-01-11,Accessories,45.04,0.2,0,36.03,13.51,5.54,16.98
10370,1630,2025-02-05,Home,103.6,0.0,0,103.6,49.73,6.55,47.32
10371,1630,2025-05-18,Accessories,71.36,0.0,0,71.36,21.41,6.07,43.88
10372,1631,2024-04-26,Electronics,126.69,0.05,0,120.35,91.22,6.81,22.32
10373,1631,2024-04-20,Electronics,169.97,0.1,0,152.97,122.38,7.29,23.3
10374,1631,2024-05-15,Electronics,134.84,0.0,0,134.84,97.09,7.02,30.73
10375,1631,2024-06-13,Home,72.53,0.1,0,65.28,34.82,5.98,24.48
10376,1631,2024-08-17,Apparel,51.42,0.05,0,48.85,18.0,5.73,25.12
10377,1631,2024-08-27,Electronics,370.06,0.0,0,370.06,266.44,10.55,93.07
10378,1631,2024-08-01,Electronics,224.71,0.2,0,179.77,161.79,7.7,10.28
10379,1631,2024-09-27,Accessories,58.29,0.05,0,55.38,17.49,5.83,32.06
10380,1631,2024-09-28,Home,139.54,0.1,0,125.58,66.98,6.88,51.72
10381,1631,2024-10-12,Home,121.72,0.1,0,109.55,58.43,6.64,44.48
10382,1631,2024-11-13,Accessories,67.54,0.05,0,64.16,20.26,5.96,37.94
10383,1631,2024-12-09,Electronics,124.68,0.0,0,124.68,89.77,6.87,28.04
10384,1631,2025-02-02,Accessories,51.43,0.1,0,46.28,15.43,5.69,25.16
10385,1631,2025-06-12,Accessories,40.35,0.05,0,38.34,12.11,5.58,20.65
10386,1631,2025-06-28,Accessories,33.11,0.0,0,33.11,9.93,5.5,17.68
10387,1631,2025-06-27,Apparel,46.08,0.05,1,0.0,0.0,12.66,-12.66
10388,1632,2024-04-17,Accessories,60.72,0.1,0,54.64,18.21,5.82,30.61
10389,1632,2024-04-03,Electronics,274.02,0.0,0,274.02,197.3,9.11,67.61
10390,1632,2025-01-04,Apparel,43.73,0.2,0,34.99,15.31,5.52,14.16
10391,1633,2024-01-26,Apparel,93.75,0.1,0,84.38,32.81,6.27,45.3
10392,1633,2024-01-26,Electronics,217.03,0.1,0,195.32,156.26,7.93,31.13
10393,1634,2024-01-05,Home,286.18,0.05,1,0.0,0.0,16.08,-16.08
10394,1634,2024-02-12,Home,72.23,0.1,0,65.01,34.67,5.98,24.36
10395,1634,2024-04-11,Electronics,136.49,0.1,0,122.84,98.27,6.84,17.73
10396,1634,2024-06-16,Home,67.54,0.05,0,64.16,32.42,5.96,25.78
10397,1634,2024-10-14,Electronics,125.84,0.05,0,119.55,90.61,6.79,22.15
10398,1634,2024-12-03,Electronics,240.67,0.05,0,228.64,173.28,8.43,46.93
10399,1634,2025-02-08,Home,101.46,0.1,0,91.31,48.7,6.37,36.24
10400,1634,2025-02-16,Home,85.13,0.0,0,85.13,40.86,6.28,37.99
10401,1634,2025-04-03,Home,80.23,0.1,0,72.21,38.51,6.08,27.62
10402,1634,2025-06-01,Electronics,126.89,0.05,0,120.55,91.36,6.81,22.38
10403,1635,2024-08-10,Home,79.36,0.0,0,79.36,38.09,6.19,35.08
10404,1635,2024-10-16,Home,60.89,0.05,0,57.85,29.23,5.87,22.75
10405,1635,2024-12-11,Accessories,61.12,0.1,0,55.01,18.34,5.83,30.84
10406,1635,2025-06-06,Accessories,39.31,0.0,0,39.31,11.79,5.59,21.93
10407,1636,2024-07-09,Home,106.37,0.2,0,85.09,51.06,6.28,27.75
10408,1636,2024-07-22,Electronics,264.6,0.0,0,264.6,190.51,8.97,65.12
10409,1636,2024-08-03,Home,182.74,0.0,0,182.74,87.72,7.74,87.28
10410,1636,2024-09-15,Electronics,104.84,0.0,0,104.84,75.48,6.57,22.79
10411,1636,2024-10-07,Apparel,75.66,0.1,0,68.1,26.48,6.02,35.6
10412,1636,2024-11-21,Accessories,69.41,0.0,0,69.41,20.82,6.04,42.55
10413,1636,2024-12-23,Electronics,248.59,0.2,0,198.87,178.98,7.98,11.91
10414,1636,2025-01-23,Apparel,47.49,0.0,0,47.49,16.62,5.71,25.16
10415,1636,2025-05-14,Apparel,34.7,0.05,0,32.97,12.15,5.49,15.33
10416,1636,2025-06-01,Home,45.21,0.0,0,45.21,21.7,5.68,17.83
10417,1637,2024-08-27,Home,51.68,0.05,0,49.09,24.8,5.74,18.55
10418,1637,2024-09-07,Accessories,56.65,0.05,0,53.81,16.99,5.81,31.01
10419,1637,2024-10-11,Home,61.11,0.05,0,58.06,29.33,5.87,22.86
10420,1637,2024-11-25,Accessories,32.07,0.2,0,25.65,9.62,5.38,10.65
10421,1637,2024-12-28,Accessories,103.51,0.0,0,103.51,31.05,6.55,65.91
10422,1637,2025-03-04,Accessories,74.71,0.1,0,67.24,22.41,6.01,38.82
10423,1637,2025-06-13,Accessories,51.42,0.0,0,51.42,15.43,5.77,30.22
10424,1637,2025-06-08,Accessories,53.16,0.0,0,53.16,15.95,5.8,31.41
10425,1638,2024-10-18,Electronics,215.19,0.0,0,215.19,154.94,8.23,52.02
10426,1638,2024-11-11,Home,178.6,0.0,0,178.6,85.73,7.68,85.19
10427,1638,2025-02-18,Home,90.51,0.1,0,81.46,43.44,6.22,31.8
10428,1638,2025-02-06,Accessories,54.25,0.05,0,51.54,16.28,5.77,29.49
10429,1638,2025-05-26,Home,50.35,0.05,0,47.83,24.17,5.72,17.94
10430,1638,2025-06-02,Electronics,244.61,0.0,1,0.0,0.0,15.67,-15.67
10431,1638,2025-06-08,Apparel,61.45,0.1,0,55.3,21.51,5.83,27.96
10432,1639,2024-01-12,Electronics,338.27,0.05,0,321.36,243.56,9.82,67.98
10433,1640,2024-05-17,Home,98.41,0.0,0,98.41,47.24,6.48,44.69
10434,1640,2024-06-13,Apparel,30.67,0.0,0,30.67,10.73,5.46,14.48
10435,1640,2024-07-22,Home,132.5,0.1,1,0.0,0.0,13.79,-13.79
10436,1640,2024-10-03,Electronics,137.09,0.1,0,123.38,98.7,6.85,17.83
10437,1640,2024-10-20,Home,182.68,0.05,0,173.55,87.69,7.6,78.26
10438,1640,2025-02-15,Accessories,28.8,0.0,0,28.8,8.64,5.43,14.73
10439,1640,2025-03-21,Electronics,189.02,0.05,0,179.56,136.09,7.69,35.78
10440,1640,2025-05-19,Apparel,65.06,0.1,0,58.55,22.77,5.88,29.9
10441,1640,2025-05-16,Electronics,116.43,0.0,0,116.43,83.83,6.75,25.85
10442,1640,2025-06-13,Home,36.35,0.0,0,36.35,17.45,5.55,13.35
10443,1641,2024-03-02,Accessories,30.15,0.1,0,27.14,9.05,5.41,12.68
10444,1641,2024-05-13,Home,83.85,0.0,0,83.85,40.25,6.26,37.34
10445,1641,2024-06-01,Apparel,77.37,0.0,0,77.37,27.08,6.16,44.13
10446,1641,2024-07-07,Home,37.74,0.2,0,30.19,18.12,5.45,6.62
10447,1641,2024-10-18,Apparel,63.13,0.2,0,50.51,22.1,5.76,22.65
10448,1641,2024-12-24,Electronics,219.97,0.1,0,197.97,158.38,7.97,31.62
10449,1641,2025-01-10,Accessories,41.42,0.0,0,41.42,12.43,5.62,23.37
10450,1641,2025-04-28,Apparel,49.0,0.0,0,49.0,17.15,5.73,26.12
10451,1641,2025-05-16,Apparel,43.89,0.0,0,43.89,15.36,5.66,22.87
10452,1641,2025-06-21,Electronics,194.13,0.1,0,174.72,139.78,7.62,27.32
10453,1642,2024-06-13,Apparel,71.17,0.05,1,0.0,0.0,13.01,-13.01
10454,1642,2024-07-05,Apparel,27.22,0.2,0,21.78,9.53,5.33,6.92
10455,1642,2025-02-05,Apparel,95.1,0.05,0,90.34,33.28,6.36,50.7
10456,1642,2025-06-26,Electronics,362.38,0.0,0,362.38,260.92,10.44,91.02
10457,1643,2024-10-07,Accessories,62.93,0.0,0,62.93,18.88,5.94,38.11
10458,1643,2024-11-21,Apparel,31.06,0.2,0,24.85,10.87,5.37,8.61
10459,1643,2024-11-06,Apparel,42.45,0.0,0,42.45,14.86,5.64,21.95
10460,1643,2025-03-28,Accessories,46.58,0.1,0,41.92,13.97,5.63,22.32
10461,1643,2025-03-19,Electronics,180.98,0.0,0,180.98,130.31,7.71,42.96
10462,1644,2024-09-16,Home,99.58,0.0,0,99.58,47.8,6.49,45.29
10463,1644,2024-09-22,Electronics,108.39,0.1,0,97.55,78.04,6.46,13.05
10464,1644,2024-10-23,Accessories,51.45,0.1,1,0.0,0.0,12.69,-12.69
10465,1644,2025-02-09,Home,61.07,0.1,0,54.96,29.31,5.82,19.83
10466,1644,2025-02-06,Accessories,61.99,0.2,0,49.59,18.6,5.74,25.25
10467,1644,2025-04-11,Home,64.15,0.05,0,60.94,30.79,5.91,24.24
10468,1644,2025-05-17,Apparel,40.14,0.05,1,0.0,0.0,12.57,-12.57
10469,1644,2025-05-02,Apparel,76.7,0.0,0,76.7,26.85,6.15,43.7
10470,1644,2025-06-10,Home,117.99,0.1,0,106.19,56.63,6.59,42.97
10471,1644,2025-06-21,Home,161.74,0.05,0,153.66,77.64,7.3,68.72
10472,1644,2025-06-20,Home,140.72,0.1,0,126.65,67.55,6.9,52.2
10473,1645,2025-03-11,Home,126.84,0.1,0,114.15,60.88,6.71,46.56
10474,1645,2025-03-07,Home,70.8,0.0,0,70.8,33.99,6.06,30.75
10475,1646,2024-06-10,Electronics,115.0,0.0,0,115.0,82.8,6.73,25.47
10476,1646,2024-06-20,Accessories,77.17,0.0,0,77.17,23.15,6.16,47.86
10477,1646,2024-07-11,Electronics,555.25,0.1,0,499.73,399.78,12.5,87.45
10478,1646,2024-11-06,Accessories,36.82,0.2,0,29.46,11.05,5.44,12.97
10479,1646,2025-01-22,Electronics,211.59,0.2,0,169.27,152.34,7.54,9.39
10480,1647,2024-09-08,Accessories,62.0,0.0,0,62.0,18.6,5.93,37.47
10481,1647,2024-10-07,Home,105.42,0.05,0,100.15,50.6,6.5,43.05
10482,1647,2024-12-16,Accessories,42.37,0.1,0,38.14,12.71,5.57,19.86
10483,1647,2025-02-04,Electronics,370.19,0.1,0,333.17,266.53,10.0,56.64
10484,1648,2024-03-24,Apparel,97.67,0.1,1,0.0,0.0,13.32,-13.32
10485,1648,2024-03-15,Home,81.51,0.05,0,77.43,39.12,6.16,32.15
10486,1648,2024-05-26,Home,148.77,0.1,0,133.9,71.41,7.01,55.48
10487,1648,2024-12-08,Apparel,68.56,0.05,0,65.13,24.0,5.98,35.15
10488,1648,2025-01-26,Accessories,37.41,0.0,0,37.41,11.22,5.56,20.63
10489,1648,2025-05-23,Electronics,234.86,0.1,0,211.37,169.1,8.17,34.1
10490,1648,2025-05-05,Electronics,93.07,0.05,0,88.42,67.01,6.33,15.08
10491,1649,2024-10-10,Electronics,162.07,0.05,0,153.97,116.69,7.31,29.97
10492,1649,2024-12-14,Electronics,335.66,0.1,0,302.1,241.68,9.53,50.89
10493,1649,2025-03-11,Home,92.91,0.2,0,74.33,44.6,6.11,23.62
10494,1649,2025-06-09,Home,92.05,0.2,0,73.64,44.18,6.1,23.36
10495,1649,2025-06-23,Apparel,60.39,0.05,0,57.37,21.14,5.86,30.37
10496,1650,2024-03-21,Home,173.0,0.2,0,138.4,83.04,7.08,48.28
10497,1650,2025-01-05,Accessories,31.57,0.0,0,31.57,9.47,5.47,16.63
10498,1650,2025-02-06,Electronics,180.31,0.05,0,171.3,129.83,7.57,33.9
10499,1650,2025-03-23,Electronics,288.8,0.2,0,231.04,207.93,8.47,14.64
10500,1650,2025-04-06,Accessories,124.87,0.0,0,124.87,37.46,6.87,80.54
10501,1650,2025-04-10,Accessories,63.89,0.2,0,51.11,19.17,5.77,26.17
10502,1651,2024-04-01,Accessories,54.84,0.05,0,52.09,16.45,5.78,29.86
10503,1651,2024-04-07,Home,77.08,0.0,0,77.08,37.0,6.16,33.92
10504,1651,2024-09-08,Electronics,156.56,0.05,0,148.73,112.72,7.23,28.78
10505,1651,2024-12-17,Accessories,44.6,0.0,0,44.6,13.38,5.67,25.55
10506,1651,2025-04-22,Apparel,45.87,0.0,0,45.87,16.06,5.69,24.12
10507,1651,2025-05-16,Electronics,306.54,0.1,1,0.0,0.0,16.14,-16.14
10508,1652,2024-01-11,Home,30.75,0.0,0,30.75,14.76,5.46,10.53
10509,1652,2024-03-13,Home,119.27,0.1,0,107.34,57.25,6.61,43.48
10510,1652,2024-03-22,Electronics,592.53,0.0,0,592.53,426.62,13.89,152.02
10511,1652,2024-03-13,Accessories,71.88,0.0,0,71.88,21.56,6.08,44.24
10512,1652,2024-06-13,Electronics,368.7,0.2,0,294.96,265.46,9.42,20.08
10513,1652,2024-12-06,Apparel,38.5,0.1,0,34.65,13.48,5.52,15.65
10514,1653,2024-10-16,Electronics,346.84,0.05,0,329.5,249.73,9.94,69.83
10515,1653,2025-01-26,Accessories,58.35,0.1,0,52.52,17.51,5.79,29.22
10516,1653,2025-01-07,Apparel,38.56,0.05,1,0.0,0.0,12.55,-12.55
10517,1653,2025-02-18,Electronics,350.81,0.2,0,280.64,252.58,9.21,18.85
10518,1653,2025-04-11,Apparel,82.33,0.2,0,65.86,28.81,5.99,31.06
10519,1653,2025-04-05,Electronics,188.9,0.1,1,0.0,0.0,14.55,-14.55
10520,1653,2025-06-06,Apparel,47.86,0.05,1,0.0,0.0,12.68,-12.68
10521,1654,2024-09-11,Home,58.78,0.05,0,55.84,28.22,5.84,21.78
10522,1654,2024-09-12,Home,56.85,0.0,0,56.85,27.29,5.85,23.71
10523,1654,2024-10-26,Home,59.87,0.05,0,56.88,28.74,5.85,22.29
10524,1654,2025-01-01,Apparel,54.9,0.0,0,54.9,19.22,5.82,29.86
10525,1655,2024-08-19,Electronics,107.42,0.05,1,0.0,0.0,13.53,-13.53
10526,1655,2024-10-14,Accessories,39.94,0.1,0,35.95,11.98,5.54,18.43
10527,1655,2024-11-17,Accessories,36.3,0.0,0,36.3,10.89,5.54,19.87
10528,1655,2024-12-08,Electronics,178.47,0.0,0,178.47,128.5,7.68,42.29
10529,1655,2025-03-25,Apparel,47.19,0.0,0,47.19,16.52,5.71,24.96
10530,1655,2025-04-24,Apparel,44.19,0.0,0,44.19,15.47,5.66,23.06
10531,1655,2025-05-07,Electronics,218.87,0.2,0,175.09,157.58,7.63,9.88
10532,1655,2025-05-03,Accessories,54.12,0.05,1,0.0,0.0,12.77,-12.77
10533,1656,2024-09-20,Electronics,174.47,0.0,0,174.47,125.62,7.62,41.23
10534,1656,2024-09-18,Home,198.0,0.05,0,188.1,95.04,7.82,85.24
10535,1656,2024-11-17,Apparel,86.6,0.2,0,69.28,30.31,6.04,32.93
10536,1656,2024-12-10,Electronics,106.96,0.1,1,0.0,0.0,13.44,-13.44
10537,1656,2025-05-07,Electronics,347.67,0.05,0,330.28,250.32,9.95,70.01
10538,1657,2024-01-18,Electronics,93.11,0.0,0,93.11,67.04,6.4,19.67
10539,1657,2024-02-10,Electronics,315.1,0.0,0,315.1,226.87,9.73,78.5
10540,1657,2024-03-07,Home,50.25,0.05,0,47.74,24.12,5.72,17.9
10541,1657,2024-04-25,Apparel,32.44,0.1,0,29.19,11.35,5.44,12.4
10542,1657,2024-05-23,Electronics,202.02,0.0,0,202.02,145.45,8.03,48.54
10543,1657,2024-09-03,Home,39.34,0.1,0,35.41,18.88,5.53,11.0
10544,1657,2024-10-28,Home,75.2,0.1,0,67.68,36.09,6.02,25.57
10545,1657,2024-12-21,Home,49.22,0.05,0,46.76,23.63,5.7,17.43
10546,1657,2025-01-18,Accessories,55.06,0.0,0,55.06,16.52,5.83,32.71
10547,1658,2025-04-11,Apparel,85.54,0.0,0,85.54,29.94,6.28,49.32
10548,1658,2025-04-22,Home,94.2,0.0,0,94.2,45.22,6.41,42.57
10549,1658,2025-05-10,Electronics,274.32,0.0,0,274.32,197.51,9.11,67.7
10550,1659,2024-04-08,Home,127.47,0.1,0,114.72,61.18,6.72,46.82
10551,1659,2024-05-06,Accessories,51.8,0.0,0,51.8,15.54,5.78,30.48
10552,1659,2024-07-16,Accessories,80.09,0.2,0,64.07,24.03,5.96,34.08
10553,1659,2024-08-02,Home,115.28,0.0,0,115.28,55.33,6.73,53.22
10554,1659,2024-09-20,Apparel,49.77,0.2,1,0.0,0.0,12.6,-12.6
10555,1659,2024-09-02,Apparel,72.29,0.05,0,68.68,25.3,6.03,37.35
10556,1659,2024-09-15,Electronics,249.72,0.1,0,224.75,179.8,8.37,36.58
10557,1659,2024-11-26,Electronics,216.71,0.0,0,216.71,156.03,8.25,52.43
10558,1659,2024-12-09,Apparel,69.45,0.0,1,0.0,0.0,13.04,-13.04
10559,1659,2025-02-27,Home,71.13,0.05,0,67.57,34.14,6.01,27.42
10560,1660,2024-07-06,Home,104.76,0.0,0,104.76,50.29,6.57,47.9
10561,1660,2024-07-02,Accessories,37.87,0.2,1,0.0,0.0,12.45,-12.45
10562,1660,2024-07-06,Home,72.25,0.0,0,72.25,34.68,6.08,31.49
10563,1660,2024-10-10,Accessories,36.44,0.2,0,29.16,10.93,5.44,12.79
10564,1660,2024-10-27,Apparel,37.71,0.1,0,33.94,13.2,5.51,15.23
10565,1661,2024-06-09,Electronics,208.88,0.05,0,198.43,150.39,7.98,40.06
10566,1661,2024-09-16,Home,169.0,0.1,0,152.1,81.12,7.28,63.7
10567,1661,2025-04-24,Accessories,76.76,0.05,0,72.93,23.03,6.09,43.81
10568,1661,2025-04-01,Home,62.21,0.05,0,59.1,29.86,5.89,23.35
10569,1662,2024-10-22,Apparel,53.42,0.0,0,53.42,18.7,5.8,28.92
10570,1662,2024-12-03,Home,75.17,0.2,0,60.14,36.08,5.9,18.16
10571,1662,2025-01-21,Apparel,160.74,0.1,0,144.66,56.26,7.17,81.23
10572,1662,2025-02-02,Home,141.8,0.05,0,134.71,68.06,7.02,59.63
10573,1663,2024-01-27,Apparel,44.28,0.0,0,44.28,15.5,5.66,23.12
10574,1663,2024-01-14,Home,101.44,0.1,0,91.29,48.69,6.37,36.23
10575,1663,2024-06-10,Accessories,32.19,0.0,0,32.19,9.66,5.48,17.05
10576,1663,2024-07-26,Apparel,143.37,0.0,0,143.37,50.18,7.15,86.04
10577,1663,2024-11-01,Apparel,123.94,0.0,0,123.94,43.38,6.86,73.7
10578,1663,2024-12-10,Electronics,288.94,0.0,1,0.0,0.0,16.33,-16.33
10579,1664,2024-07-20,Electronics,298.21,0.05,0,283.3,214.71,9.25,59.34
10580,1664,2024-08-19,Accessories,44.29,0.05,0,42.08,13.29,5.63,23.16
10581,1664,2024-09-13,Home,134.12,0.2,0,107.3,64.38,6.61,36.31
10582,1664,2024-11-20,Electronics,358.95,0.0,0,358.95,258.44,10.38,90.13
10583,1664,2024-12-23,Accessories,24.19,0.2,0,19.35,7.26,5.29,6.8
10584,1664,2024-12-14,Home,105.97,0.0,0,105.97,50.86,6.59,48.52
10585,1664,2025-04-13,Apparel,75.94,0.2,0,60.76,26.58,5.91,28.27
10586,1664,2025-05-02,Home,112.57,0.05,0,106.94,54.03,6.6,46.31
10587,1665,2024-09-05,Home,166.69,0.0,0,166.69,80.01,7.5,79.18
10588,1665,2024-10-03,Accessories,54.67,0.1,0,49.2,16.4,5.74,27.06
10589,1665,2024-11-26,Home,38.23,0.0,0,38.23,18.35,5.57,14.31
10590,1665,2024-12-13,Home,41.26,0.05,0,39.2,19.8,5.59,13.81
10591,1665,2025-01-19,Apparel,46.48,0.2,0,37.19,16.27,5.56,15.36
10592,1665,2025-01-16,Home,98.98,0.05,0,94.03,47.51,6.41,40.11
10593,1665,2025-02-04,Electronics,193.34,0.1,0,174.01,139.21,7.61,27.19
10594,1665,2025-04-16,Home,134.78,0.05,1,0.0,0.0,13.92,-13.92
10595,1665,2025-05-10,Accessories,41.02,0.0,1,0.0,0.0,12.62,-12.62
10596,1665,2025-05-01,Electronics,163.06,0.1,0,146.75,117.4,7.2,22.15
10597,1665,2025-06-28,Apparel,70.21,0.1,0,63.19,24.57,5.95,32.67
10598,1666,2024-06-27,Accessories,25.27,0.1,0,22.74,7.58,5.34,9.82
10599,1666,2024-08-11,Electronics,230.95,0.0,0,230.95,166.28,8.46,56.21
10600,1666,2024-09-04,Home,135.02,0.1,0,121.52,64.81,6.82,49.89
10601,1666,2025-01-26,Apparel,96.21,0.0,0,96.21,33.67,6.44,56.1
10602,1667,2024-09-06,Accessories,41.69,0.0,0,41.69,12.51,5.63,23.55
10603,1667,2024-10-27,Accessories,82.55,0.05,0,78.42,24.77,6.18,47.47
10604,1667,2024-11-01,Electronics,120.18,0.1,0,108.16,86.53,6.62,15.01
10605,1667,2024-11-02,Apparel,82.05,0.2,0,65.64,28.72,5.98,30.94
10606,1667,2025-01-12,Accessories,19.24,0.1,0,17.32,5.77,5.26,6.29
10607,1667,2025-01-26,Electronics,502.91,0.05,0,477.76,362.1,12.17,103.49
10608,1667,2025-01-12,Home,151.79,0.2,0,121.43,72.86,6.82,41.75
10609,1667,2025-02-27,Home,71.42,0.2,0,57.14,34.28,5.86,17.0
10610,1667,2025-03-19,Electronics,177.35,0.0,0,177.35,127.69,7.66,42.0
10611,1667,2025-06-06,Accessories,61.35,0.1,0,55.22,18.41,5.83,30.98
10612,1668,2024-03-16,Electronics,203.87,0.1,0,183.48,146.79,7.75,28.94
10613,1668,2024-11-24,Accessories,46.0,0.05,0,43.7,13.8,5.66,24.24
10614,1668,2024-12-08,Accessories,31.93,0.05,0,30.34,9.58,5.46,15.3
10615,1668,2024-12-03,Accessories,88.06,0.1,0,79.26,26.42,6.19,46.65
10616,1668,2025-01-27,Electronics,77.84,0.0,0,77.84,56.04,6.17,15.63
10617,1668,2025-02-17,Apparel,53.08,0.1,0,47.77,18.58,5.72,23.47
10618,1668,2025-05-06,Apparel,101.38,0.0,0,101.38,35.48,6.52,59.38
10619,1668,2025-05-16,Electronics,160.27,0.0,0,160.27,115.39,7.4,37.48
10620,1669,2024-04-02,Home,52.67,0.05,0,50.04,25.28,5.75,19.01
10621,1669,2024-05-20,Apparel,70.59,0.2,1,0.0,0.0,12.85,-12.85
10622,1669,2024-06-15,Electronics,208.42,0.0,0,208.42,150.06,8.13,50.23
10623,1669,2024-07-18,Electronics,278.13,0.05,0,264.23,200.26,8.96,55.01
10624,1669,2024-12-20,Home,126.28,0.05,0,119.97,60.61,6.8,52.56
10625,1669,2025-01-28,Home,105.41,0.05,0,100.14,50.6,6.5,43.04
10626,1669,2025-01-18,Apparel,54.74,0.2,0,43.79,19.16,5.66,18.97
10627,1670,2024-02-01,Apparel,53.07,0.1,0,47.76,18.57,5.72,23.47
10628,1670,2024-04-11,Home,84.69,0.0,0,84.69,40.65,6.27,37.77
10629,1670,2024-06-12,Apparel,74.0,0.0,0,74.0,25.9,6.11,41.99
10630,1670,2024-07-16,Apparel,43.83,0.2,0,35.07,15.34,5.53,14.2
10631,1670,2024-08-20,Home,118.26,0.1,0,106.44,56.77,6.6,43.07
10632,1670,2024-11-18,Home,84.26,0.1,0,75.83,40.44,6.14,29.25
10633,1670,2025-02-13,Home,148.3,0.0,0,148.3,71.18,7.22,69.9
10634,1670,2025-03-21,Apparel,91.65,0.1,0,82.48,32.08,6.24,44.16
10635,1670,2025-03-11,Apparel,139.41,0.0,0,139.41,48.79,7.09,83.53
10636,1670,2025-04-18,Electronics,200.54,0.1,0,180.49,144.39,7.71,28.39
10637,1671,2024-01-05,Electronics,253.05,0.2,1,0.0,0.0,15.04,-15.04
10638,1671,2024-01-17,Apparel,110.7,0.0,0,110.7,38.74,6.66,65.3
10639,1671,2024-03-14,Accessories,60.37,0.05,0,57.35,18.11,5.86,33.38
10640,1671,2024-03-14,Home,45.63,0.0,0,45.63,21.9,5.68,18.05
10641,1672,2024-01-18,Accessories,51.06,0.05,0,48.51,15.32,5.73,27.46
10642,1672,2024-02-01,Home,107.41,0.1,0,96.67,51.56,6.45,38.66
10643,1672,2024-05-04,Apparel,51.59,0.05,0,49.01,18.06,5.74,25.21
10644,1672,2024-05-15,Accessories,59.12,0.0,0,59.12,17.74,5.89,35.49
10645,1672,2024-05-10,Electronics,217.27,0.05,0,206.41,156.43,8.1,41.88
10646,1672,2024-08-27,Accessories,23.08,0.0,0,23.08,6.92,5.35,10.81
10647,1672,2024-08-13,Accessories,32.58,0.0,0,32.58,9.77,5.49,17.32
10648,1672,2024-08-06,Home,117.29,0.0,0,117.29,56.3,6.76,54.23
10649,1672,2024-11-14,Accessories,47.84,0.0,0,47.84,14.35,5.72,27.77
10650,1672,2024-11-17,Home,127.75,0.05,0,121.37,61.32,6.82,53.23
10651,1672,2025-06-02,Apparel,118.38,0.05,0,112.46,41.43,6.69,64.34
10652,1672,2025-06-05,Accessories,22.42,0.1,0,20.18,6.73,5.3,8.15
10653,1673,2024-10-14,Electronics,250.32,0.1,0,225.29,180.23,8.38,36.68
10654,1673,2024-11-16,Electronics,220.31,0.1,0,198.28,158.63,7.97,31.68
10655,1673,2025-02-22,Electronics,97.7,0.1,0,87.93,70.34,6.32,11.27
10656,1673,2025-02-13,Electronics,133.9,0.1,0,120.51,96.41,6.81,17.29
10657,1673,2025-02-23,Accessories,19.85,0.0,0,19.85,5.96,5.3,8.59
10658,1673,2025-04-06,Electronics,150.66,0.05,0,143.13,108.48,7.15,27.5
10659,1674,2024-07-22,Accessories,45.68,0.05,0,43.4,13.71,5.65,24.04
10660,1674,2024-09-13,Home,57.43,0.1,0,51.69,27.57,5.78,18.34
10661,1674,2024-09-20,Accessories,63.11,0.0,0,63.11,18.93,5.95,38.23
10662,1674,2025-03-06,Home,92.29,0.05,0,87.67,44.3,6.32,37.05
10663,1674,2025-06-21,Accessories,32.26,0.0,0,32.26,9.68,5.48,17.1
10664,1675,2024-06-10,Electronics,170.83,0.1,0,153.74,122.99,7.31,23.44
10665,1675,2024-08-07,Apparel,77.51,0.05,0,73.63,27.13,6.1,40.4
10666,1675,2024-09-08,Home,98.14,0.05,0,93.23,47.11,6.4,39.72
10667,1675,2024-12-02,Accessories,37.92,0.05,0,36.03,11.38,5.54,19.11
10668,1675,2025-01-21,Apparel,56.48,0.05,1,0.0,0.0,12.8,-12.8
10669,1675,2025-01-23,Electronics,308.86,0.05,0,293.42,222.38,9.4,61.64
10670,1675,2025-02-23,Accessories,31.48,0.2,0,25.18,9.44,5.38,10.36
10671,1675,2025-05-14,Electronics,167.19,0.1,0,150.47,120.38,7.26,22.83
10672,1675,2025-06-01,Home,38.2,0.0,0,38.2,18.34,5.57,14.29
10673,1676,2024-08-27,Home,121.05,0.2,0,96.84,58.11,6.45,32.28
10674,1676,2024-09-19,Home,30.09,0.05,0,28.59,14.44,5.43,8.72
10675,1676,2024-10-21,Accessories,41.62,0.0,0,41.62,12.49,5.62,23.51
10676,1676,2024-11-12,Accessories,63.43,0.05,0,60.26,19.03,5.9,35.33
10677,1676,2024-12-08,Accessories,33.19,0.0,0,33.19,9.96,5.5,17.73
10678,1676,2025-01-18,Apparel,83.88,0.1,0,75.49,29.36,6.13,40.0
10679,1676,2025-02-28,Home,47.31,0.1,0,42.58,22.71,5.64,14.23
10680,1676,2025-02-11,Accessories,40.12,0.1,1,0.0,0.0,12.54,-12.54
10681,1676,2025-03-03,Apparel,24.02,0.0,0,24.02,8.41,5.36,10.25
10682,1676,2025-05-08,Home,51.59,0.1,0,46.43,24.76,5.7,15.97
10683,1676,2025-06-06,Electronics,157.53,0.0,0,157.53,113.42,7.36,36.75
10684,1676,2025-06-18,Home,136.21,0.0,0,136.21,65.38,7.04,63.79
10685,1676,2025-06-02,Electronics,281.78,0.0,0,281.78,202.88,9.23,69.67
10686,1677,2024-07-21,Electronics,332.9,0.0,0,332.9,239.69,9.99,83.22
10687,1677,2024-09-20,Accessories,30.61,0.1,0,27.55,9.18,5.41,12.96
10688,1677,2024-12-14,Home,77.41,0.1,0,69.67,37.16,6.04,26.47
10689,1677,2024-12-28,Home,72.72,0.05,0,69.08,34.91,6.04,28.13
10690,1677,2025-02-25,Apparel,79.86,0.2,0,63.89,27.95,5.96,29.98
10691,1677,2025-03-12,Home,45.72,0.05,0,43.43,21.95,5.65,15.83
10692,1678,2024-02-25,Accessories,71.9,0.0,0,71.9,21.57,6.08,44.25
10693,1678,2024-05-24,Home,43.79,0.05,0,41.6,21.02,5.62,14.96
10694,1678,2024-10-09,Home,102.52,0.2,0,82.01,49.21,6.23,26.57
10695,1678,2024-10-03,Home,72.91,0.2,0,58.33,35.0,5.87,17.46
10696,1678,2024-10-27,Apparel,54.51,0.0,0,54.51,19.08,5.82,29.61
10697,1678,2024-11-07,Accessories,48.51,0.1,0,43.66,14.55,5.65,23.46
10698,1678,2024-11-23,Accessories,61.19,0.0,0,61.19,18.36,5.92,36.91
10699,1678,2025-03-28,Apparel,125.78,0.0,0,125.78,44.02,6.89,74.87
10700,1679,2024-01-23,Apparel,33.75,0.05,0,32.06,11.81,5.48,14.77
10701,1679,2024-04-10,Apparel,107.16,0.1,0,96.45,37.51,6.45,52.49
10702,1680,2024-05-09,Apparel,107.24,0.1,0,96.52,37.53,6.45,52.54
10703,1681,2024-09-10,Home,111.01,0.2,0,88.81,53.28,6.33,29.2
10704,1681,2024-10-15,Apparel,64.19,0.1,0,57.77,22.47,5.87,29.43
10705,1681,2024-11-22,Apparel,34.9,0.1,0,31.41,12.21,5.47,13.73
10706,1681,2024-12-09,Home,147.14,0.0,0,147.14,70.63,7.21,69.3
10707,1681,2025-05-09,Home,83.4,0.2,0,66.72,40.03,6.0,20.69
10708,1681,2025-06-27,Home,48.01,0.0,0,48.01,23.04,5.72,19.25
10709,1682,2024-10-23,Electronics,136.42,0.0,0,136.42,98.22,7.05,31.15
10710,1682,2025-04-09,Apparel,40.02,0.05,0,38.02,14.01,5.57,18.44
10711,1683,2024-09-22,Home,107.01,0.0,0,107.01,51.37,6.61,49.03
10712,1683,2024-10-15,Apparel,48.05,0.05,1,0.0,0.0,12.68,-12.68
10713,1683,2024-11-15,Accessories,45.66,0.2,0,36.53,13.7,5.55,17.28
10714,1683,2024-12-23,Apparel,52.16,0.0,0,52.16,18.26,5.78,28.12
10715,1683,2024-12-07,Home,68.05,0.1,0,61.25,32.67,5.92,22.66
10716,1683,2025-02-14,Apparel,84.13,0.0,0,84.13,29.45,6.26,48.42
10717,1683,2025-03-23,Home,120.75,0.1,0,108.67,57.96,6.63,44.08
10718,1683,2025-04-12,Electronics,250.31,0.1,0,225.28,180.22,8.38,36.68
10719,1683,2025-04-26,Electronics,308.93,0.05,0,293.49,222.43,9.4,61.66
10720,1683,2025-05-01,Home,100.12,0.2,0,80.1,48.06,6.2,25.84
10721,1683,2025-05-05,Electronics,278.4,0.05,0,264.48,200.45,8.97,55.06
10722,1683,2025-06-14,Home,112.71,0.0,0,112.71,54.1,6.69,51.92
10723,1684,2024-05-22,Electronics,202.51,0.0,0,202.51,145.81,8.04,48.66
10724,1685,2024-02-20,Electronics,106.18,0.05,0,100.88,76.45,6.51,17.92
10725,1685,2024-02-13,Apparel,49.54,0.05,1,0.0,0.0,12.71,-12.71
10726,1685,2024-04-21,Electronics,364.58,0.1,0,328.12,262.5,9.92,55.7
10727,1685,2024-04-14,Electronics,212.08,0.2,0,169.66,152.7,7.54,9.42
10728,1685,2024-07-12,Electronics,198.42,0.1,0,178.58,142.87,7.68,28.03
10729,1685,2024-09-05,Apparel,44.23,0.0,0,44.23,15.48,5.66,23.09
10730,1685,2024-10-05,Apparel,33.86,0.05,0,32.17,11.85,5.48,14.84
10731,1685,2025-01-12,Accessories,67.77,0.1,1,0.0,0.0,12.91,-12.91
10732,1685,2025-03-21,Electronics,375.74,0.0,0,375.74,270.53,10.64,94.57
10733,1686,2024-04-18,Apparel,95.2,0.1,1,0.0,0.0,13.29,-13.29
10734,1686,2024-06-02,Apparel,30.86,0.0,0,30.86,10.8,5.46,14.6
10735,1686,2024-07-18,Electronics,151.08,0.1,0,135.98,108.78,7.04,20.16
10736,1686,2024-07-12,Electronics,157.99,0.0,0,157.99,113.75,7.37,36.87
10737,1686,2025-01-02,Accessories,36.44,0.05,0,34.62,10.93,5.52,18.17
10738,1686,2025-01-01,Accessories,104.79,0.1,0,94.31,31.44,6.41,56.46
10739,1686,2025-06-14,Accessories,58.49,0.1,0,52.64,17.55,5.79,29.3
10740,1686,2025-06-07,Apparel,48.23,0.2,0,38.59,16.88,5.58,16.13
10741,1687,2024-04-23,Electronics,204.67,0.05,0,194.44,147.36,7.92,39.16
10742,1687,2024-06-24,Electronics,253.34,0.1,0,228.0,182.4,8.42,37.18
10743,1687,2024-06-28,Electronics,354.19,0.05,0,336.48,255.02,10.05,71.41
10744,1687,2024-07-18,Accessories,39.81,0.2,0,31.85,11.94,5.48,14.43
10745,1687,2024-08-05,Home,107.93,0.05,0,102.53,51.81,6.54,44.18
10746,1687,2024-08-24,Accessories,80.07,0.0,0,80.07,24.02,6.2,49.85
10747,1687,2024-11-22,Home,87.6,0.1,0,78.84,42.05,6.18,30.61
10748,1687,2024-12-25,Home,40.77,0.0,0,40.77,19.57,5.61,15.59
10749,1688,2024-09-15,Home,47.13,0.1,0,42.41,22.62,5.64,14.15
10750,1689,2024-05-11,Electronics,156.09,0.05,0,148.28,112.38,7.22,28.68
10751,1689,2024-05-01,Electronics,298.45,0.0,0,298.45,214.88,9.48,74.09
10752,1689,2024-05-14,Accessories,48.17,0.0,0,48.17,14.45,5.72,28.0
10753,1689,2024-11-09,Apparel,42.76,0.05,0,40.62,14.97,5.61,20.04
10754,1690,2024-01-16,Apparel,54.75,0.05,1,0.0,0.0,12.78,-12.78
10755,1690,2024-02-26,Apparel,49.22,0.1,0,44.3,17.23,5.66,21.41
10756,1691,2024-06-25,Home,109.62,0.1,0,98.66,52.62,6.48,39.56
10757,1691,2024-06-08,Home,50.43,0.0,0,50.43,24.2,5.76,20.47
10758,1691,2025-03-07,Apparel,44.43,0.2,0,35.55,15.55,5.53,14.47
10759,1692,2024-09-12,Accessories,58.15,0.05,0,55.24,17.44,5.83,31.97
10760,1692,2024-09-21,Apparel,32.9,0.0,0,32.9,11.52,5.49,15.89
10761,1692,2025-05-07,Apparel,62.54,0.1,0,56.29,21.89,5.84,28.56
10762,1693,2024-09-19,Electronics,59.44,0.0,0,59.44,42.8,5.89,10.75
10763,1693,2025-01-13,Accessories,52.54,0.05,0,49.91,15.76,5.75,28.4
10764,1693,2025-02-27,Apparel,53.99,0.2,0,43.19,18.9,5.65,18.64
10765,1693,2025-02-13,Home,109.86,0.2,0,87.89,52.73,6.32,28.84
10766,1693,2025-03-09,Home,47.15,0.0,0,47.15,22.63,5.71,18.81
10767,1693,2025-04-26,Electronics,177.76,0.1,0,159.98,127.99,7.4,24.59
10768,1693,2025-05-19,Accessories,60.07,0.2,0,48.06,18.02,5.72,24.32
10769,1693,2025-05-20,Electronics,324.3,0.1,0,291.87,233.5,9.38,48.99
10770,1693,2025-05-13,Accessories,43.95,0.1,0,39.55,13.18,5.59,20.78
10771,1693,2025-06-02,Home,131.53,0.05,1,0.0,0.0,13.87,-13.87
10772,1694,2024-10-16,Accessories,21.23,0.2,0,16.99,6.37,5.25,5.37
10773,1694,2024-10-12,Home,84.53,0.2,0,67.62,40.57,6.01,21.04
10774,1694,2024-11-10,Accessories,38.79,0.05,0,36.85,11.64,5.55,19.66
10775,1694,2024-12-20,Electronics,145.67,0.2,0,116.53,104.88,6.75,4.9
10776,1694,2025-01-02,Accessories,39.83,0.2,0,31.86,11.95,5.48,14.43
10777,1694,2025-03-25,Electronics,207.52,0.1,0,186.77,149.41,7.8,29.56
10778,1694,2025-03-21,Accessories,45.31,0.05,0,43.04,13.59,5.65,23.8
10779,1694,2025-04-19,Accessories,21.17,0.1,0,19.06,6.35,5.29,7.42
10780,1695,2024-09-07,Home,77.81,0.1,0,70.03,37.35,6.05,26.63
10781,1695,2025-01-01,Apparel,40.2,0.05,0,38.19,14.07,5.57,18.55
10782,1696,2024-03-13,Home,194.41,0.1,0,174.97,93.32,7.62,74.03
10783,1696,2024-04-06,Apparel,108.44,0.1,0,97.59,37.95,6.46,53.18
10784,1696,2024-04-22,Home,89.64,0.05,0,85.15,43.02,6.28,35.85
10785,1696,2024-05-10,Apparel,66.68,0.0,0,66.68,23.34,6.0,37.34
10786,1696,2024-09-17,Apparel,44.22,0.0,0,44.22,15.48,5.66,23.08
10787,1696,2024-10-24,Apparel,68.17,0.05,0,64.77,23.86,5.97,34.94
10788,1696,2024-11-21,Accessories,47.9,0.0,0,47.9,14.37,5.72,27.81
10789,1696,2025-03-18,Apparel,59.37,0.0,0,59.37,20.78,5.89,32.7
10790,1696,2025-05-13,Home,82.58,0.2,0,66.06,39.64,5.99,20.43
10791,1696,2025-06-14,Home,63.39,0.0,0,63.39,30.43,5.95,27.01
10792,1697,2024-08-07,Apparel,99.94,0.05,0,94.94,34.98,6.42,53.54
10793,1697,2024-09-18,Home,25.49,0.1,0,22.94,12.23,5.34,5.37
10794,1697,2024-09-01,Home,96.67,0.05,0,91.83,46.4,6.38,39.05
10795,1697,2024-09-17,Apparel,48.68,0.1,0,43.81,17.04,5.66,21.11
10796,1697,2024-10-03,Home,96.34,0.0,0,96.34,46.24,6.45,43.65
10797,1697,2024-11-03,Home,94.89,0.05,1,0.0,0.0,13.35,-13.35
10798,1697,2024-12-11,Apparel,291.14,0.1,1,0.0,0.0,15.93,-15.93
10799,1697,2025-01-03,Home,59.76,0.2,0,47.81,28.68,5.72,13.41
10800,1697,2025-02-10,Electronics,201.33,0.05,0,191.26,144.96,7.87,38.43
10801,1697,2025-03-17,Apparel,86.42,0.0,0,86.42,30.25,6.3,49.87
10802,1697,2025-04-06,Accessories,25.86,0.1,0,23.27,7.76,5.35,10.16
10803,1697,2025-05-26,Home,53.31,0.1,0,47.97,25.59,5.72,16.66
10804,1697,2025-06-01,Accessories,37.47,0.1,0,33.72,11.24,5.51,16.97
10805,1698,2024-09-20,Apparel,79.28,0.2,1,0.0,0.0,12.95,-12.95
10806,1698,2024-10-24,Accessories,41.9,0.0,0,41.9,12.57,5.63,23.7
10807,1698,2025-02-23,Accessories,34.29,0.05,0,32.57,10.29,5.49,16.79
10808,1698,2025-03-09,Electronics,186.37,0.2,1,0.0,0.0,14.24,-14.24
10809,1699,2024-08-27,Home,67.29,0.05,1,0.0,0.0,12.96,-12.96
10810,1699,2024-08-11,Home,72.87,0.0,0,72.87,34.98,6.09,31.8
10811,1699,2024-10-14,Accessories,85.06,0.1,0,76.55,25.52,6.15,44.88
10812,1699,2025-06-14,Accessories,55.49,0.1,0,49.94,16.65,5.75,27.54
10813,1700,2024-06-24,Apparel,31.8,0.05,1,0.0,0.0,12.45,-12.45
10814,1700,2024-10-25,Apparel,88.1,0.05,0,83.69,30.83,6.26,46.6
10815,1700,2024-11-05,Home,90.97,0.05,0,86.42,43.67,6.3,36.45
10816,1700,2025-02-01,Accessories,25.66,0.1,0,23.09,7.7,5.35,10.04
10817,1701,2024-02-01,Apparel,63.34,0.05,1,0.0,0.0,12.9,-12.9
10818,1702,2024-04-02,Accessories,47.21,0.2,0,37.77,14.16,5.57,18.04
10819,1702,2024-05-12,Home,92.13,0.0,0,92.13,44.22,6.38,41.53
10820,1702,2024-07-21,Apparel,113.55,0.1,0,102.19,39.74,6.53,55.92
10821,1702,2025-01-26,Accessories,43.27,0.0,0,43.27,12.98,5.65,24.64
10822,1703,2024-09-06,Apparel,69.19,0.05,1,0.0,0.0,12.99,-12.99
10823,1703,2025-01-09,Accessories,53.72,0.05,0,51.04,16.12,5.77,29.15
10824,1703,2025-06-23,Apparel,41.1,0.2,0,32.88,14.39,5.49,13.0
10825,1704,2024-09-15,Home,87.1,0.05,0,82.75,41.81,6.24,34.7
10826,1704,2024-09-12,Home,155.06,0.0,0,155.06,74.43,7.33,73.3
10827,1705,2024-02-20,Apparel,105.07,0.0,0,105.07,36.78,6.58,61.71
10828,1706,2024-10-12,Accessories,24.82,0.05,0,23.58,7.45,5.35,10.78
10829,1706,2024-10-02,Electronics,301.98,0.0,0,301.98,217.42,9.53,75.03
10830,1706,2024-12-02,Home,42.97,0.0,0,42.97,20.63,5.64,16.7
10831,1706,2024-12-05,Electronics,187.12,0.05,0,177.76,134.73,7.67,35.36
10832,1706,2024-12-13,Apparel,54.08,0.1,0,48.67,18.93,5.73,24.01
10833,1706,2025-02-14,Electronics,186.44,0.1,0,167.79,134.24,7.52,26.03
10834,1706,2025-03-23,Home,152.33,0.0,0,152.33,73.12,7.28,71.93
10835,1706,2025-05-03,Electronics,62.81,0.0,0,62.81,45.22,5.94,11.65
10836,1706,2025-05-18,Apparel,104.74,0.1,0,94.26,36.66,6.41,51.19
10837,1707,2024-08-19,Apparel,77.2,0.05,0,73.34,27.02,6.1,40.22
10838,1707,2024-08-04,Accessories,39.74,0.1,0,35.77,11.92,5.54,18.31
10839,1707,2025-01-23,Electronics,186.48,0.0,0,186.48,134.26,7.8,44.42
10840,1708,2024-03-10,Apparel,61.47,0.0,0,61.47,21.52,5.92,34.03
10841,1708,2024-05-16,Electronics,348.99,0.05,0,331.54,251.28,9.97,70.29
10842,1708,2024-11-04,Electronics,154.32,0.05,0,146.6,111.11,7.2,28.29
10843,1708,2025-04-20,Home,58.42,0.1,0,52.58,28.04,5.79,18.75
10844,1709,2024-03-19,Home,61.37,0.05,0,58.3,29.46,5.87,22.97
10845,1709,2024-03-22,Apparel,109.89,0.05,0,104.4,38.46,6.57,59.37
10846,1709,2024-03-07,Apparel,83.63,0.1,0,75.27,29.27,6.13,39.87
10847,1709,2024-04-12,Electronics,271.87,0.1,0,244.68,195.74,8.67,40.27
10848,1709,2024-05-16,Apparel,75.32,0.0,0,75.32,26.36,6.13,42.83
10849,1709,2024-06-05,Home,222.32,0.05,0,211.21,106.72,8.17,96.32
10850,1709,2024-12-17,Apparel,19.68,0.0,0,19.68,6.89,5.3,7.49
10851,1709,2025-05-23,Apparel,36.83,0.05,0,34.99,12.89,5.52,16.58
10852,1709,2025-05-23,Apparel,62.51,0.1,0,56.26,21.88,5.84,28.54
10853,1709,2025-06-03,Home,47.41,0.0,0,47.41,22.76,5.71,18.94
10854,1710,2024-08-27,Electronics,213.39,0.0,0,213.39,153.64,8.2,51.55
10855,1710,2024-08-10,Accessories,39.35,0.1,0,35.42,11.81,5.53,18.08
10856,1710,2024-10-22,Home,148.77,0.05,0,141.33,71.41,7.12,62.8
10857,1710,2024-11-28,Apparel,67.8,0.05,0,64.41,23.73,5.97,34.71
10858,1710,2024-12-11,Home,122.59,0.1,0,110.33,58.84,6.65,44.84
10859,1710,2025-01-26,Electronics,244.41,0.0,0,244.41,175.97,8.67,59.77
10860,1710,2025-03-15,Electronics,140.1,0.05,0,133.09,100.87,7.0,25.22
10861,1710,2025-05-05,Electronics,232.09,0.0,0,232.09,167.1,8.48,56.51
10862,1710,2025-06-22,Apparel,48.29,0.05,0,45.88,16.9,5.69,23.29
10863,1711,2024-06-23,Electronics,125.2,0.05,0,118.94,90.14,6.78,22.02
10864,1711,2025-03-12,Apparel,66.67,0.05,0,63.34,23.33,5.95,34.06
10865,1712,2024-06-27,Electronics,253.51,0.0,0,253.51,182.53,8.8,62.18
10866,1712,2024-11-11,Apparel,69.85,0.0,1,0.0,0.0,13.05,-13.05
10867,1712,2025-02-03,Apparel,69.02,0.0,1,0.0,0.0,13.04,-13.04
10868,1712,2025-04-02,Home,64.54,0.0,0,64.54,30.98,5.97,27.59
10869,1713,2024-05-07,Home,112.02,0.1,0,100.82,53.77,6.51,40.54
10870,1713,2024-07-21,Home,192.64,0.05,0,183.01,92.47,7.75,82.79
10871,1713,2024-12-09,Apparel,74.89,0.2,0,59.91,26.21,5.9,27.8
10872,1713,2025-01-05,Home,138.7,0.1,0,124.83,66.58,6.87,51.38
10873,1713,2025-01-04,Home,62.27,0.0,0,62.27,29.89,5.93,26.45
10874,1713,2025-02-07,Apparel,55.3,0.05,0,52.53,19.35,5.79,27.39
10875,1713,2025-02-09,Apparel,81.14,0.05,1,0.0,0.0,13.16,-13.16
10876,1713,2025-03-16,Electronics,346.18,0.2,0,276.94,249.25,9.15,18.54
10877,1713,2025-04-10,Electronics,145.76,0.0,0,145.76,104.95,7.19,33.62
10878,1714,2024-06-20,Electronics,346.75,0.1,0,312.08,249.66,9.68,52.74
10879,1714,2024-07-28,Apparel,40.12,0.0,0,40.12,14.04,5.6,20.48
10880,1714,2024-09-14,Home,128.27,0.0,0,128.27,61.57,6.92,59.78
10881,1715,2024-01-22,Home,93.74,0.2,0,74.99,45.0,6.12,23.87
10882,1715,2024-01-08,Apparel,67.66,0.05,0,64.27,23.68,5.96,34.63
10883,1715,2024-02-19,Accessories,60.79,0.1,0,54.71,18.24,5.82,30.65
10884,1715,2024-03-03,Home,74.71,0.1,0,67.24,35.86,6.01,25.37
10885,1715,2024-06-04,Electronics,98.94,0.0,0,98.94,71.24,6.48,21.22
10886,1715,2024-07-22,Accessories,69.74,0.05,0,66.26,20.92,5.99,39.35
10887,1715,2024-07-16,Home,114.23,0.0,0,114.23,54.83,6.71,52.69
10888,1715,2024-07-13,Home,101.99,0.05,0,96.89,48.96,6.45,41.48
10889,1715,2024-08-24,Apparel,44.26,0.1,0,39.83,15.49,5.6,18.74
10890,1715,2024-12-04,Accessories,72.19,0.2,0,57.76,21.66,5.87,30.23
10891,1715,2024-12-01,Electronics,163.48,0.0,0,163.48,117.7,7.45,38.33
10892,1715,2025-03-02,Apparel,62.31,0.0,0,62.31,21.81,5.93,34.57
10893,1716,2024-10-26,Apparel,80.87,0.05,0,76.82,28.3,6.15,42.37
10894,1716,2024-12-18,Apparel,57.06,0.05,0,54.21,19.97,5.81,28.43
10895,1716,2025-03-19,Accessories,67.68,0.1,0,60.91,20.3,5.91,34.7
10896,1716,2025-04-15,Accessories,30.38,0.0,0,30.38,9.11,5.46,15.81
10897,1716,2025-04-22,Apparel,84.13,0.2,0,67.3,29.45,6.01,31.84
10898,1717,2024-05-24,Accessories,50.65,0.2,0,40.52,15.19,5.61,19.72
10899,1718,2024-09-27,Electronics,95.8,0.1,0,86.22,68.97,6.29,10.96
10900,1718,2025-05-26,Apparel,100.89,0.0,0,100.89,35.31,6.51,59.07
10901,1718,2025-06-01,Accessories,57.18,0.05,0,54.32,17.15,5.81,31.36
10902,1719,2024-07-13,Apparel,59.83,0.05,0,56.84,20.94,5.85,30.05
10903,1719,2024-07-05,Accessories,37.42,0.1,0,33.68,11.23,5.51,16.94
10904,1719,2024-10-17,Home,168.85,0.05,0,160.4,81.05,7.41,71.94
10905,1719,2024-10-24,Electronics,398.17,0.1,0,358.35,286.68,10.38,61.29
10906,1719,2024-11-19,Accessories,34.12,0.05,0,32.42,10.24,5.49,16.69
10907,1719,2024-12-22,Accessories,46.75,0.1,0,42.08,14.03,5.63,22.42
10908,1719,2024-12-12,Home,91.24,0.1,0,82.11,43.79,6.23,32.09
10909,1719,2025-02-02,Accessories,62.07,0.0,0,62.07,18.62,5.93,37.52
10910,1719,2025-05-17,Electronics,166.68,0.0,0,166.68,120.01,7.5,39.17
10911,1720,2024-06-24,Electronics,186.47,0.0,0,186.47,134.26,7.8,44.41
10912,1720,2024-09-23,Home,80.99,0.2,0,64.79,38.87,5.97,19.95
10913,1720,2024-09-04,Apparel,49.68,0.05,0,47.2,17.39,5.71,24.1
10914,1720,2024-09-06,Accessories,61.67,0.0,0,61.67,18.5,5.93,37.24
10915,1720,2025-01-09,Electronics,74.97,0.1,0,67.48,53.98,6.01,7.49
10916,1720,2025-01-06,Apparel,78.7,0.05,0,74.77,27.55,6.12,41.1
10917,1720,2025-02-27,Electronics,198.8,0.0,0,198.8,143.13,7.98,47.69
10918,1720,2025-03-12,Home,141.85,0.05,0,134.76,68.09,7.02,59.65
10919,1720,2025-04-07,Apparel,72.64,0.0,0,72.64,25.42,6.09,41.13
10920,1721,2024-01-10,Accessories,33.67,0.0,0,33.67,10.1,5.51,18.06
10921,1721,2024-06-15,Electronics,381.07,0.0,0,381.07,274.37,10.72,95.98
10922,1721,2024-09-10,Apparel,84.54,0.2,0,67.63,29.59,6.01,32.03
10923,1722,2024-05-17,Electronics,115.2,0.1,0,103.68,82.94,6.56,14.18
10924,1722,2024-07-17,Accessories,55.0,0.1,0,49.5,16.5,5.74,27.26
10925,1722,2024-08-16,Apparel,80.83,0.2,0,64.66,28.29,5.97,30.4
10926,1722,2024-12-11,Accessories,28.77,0.1,0,25.9,8.63,5.39,11.88
10927,1722,2025-01-04,Accessories,18.47,0.1,0,16.63,5.54,5.25,5.84
10928,1722,2025-03-17,Apparel,62.14,0.1,0,55.93,21.75,5.84,28.34
10929,1723,2024-05-14,Accessories,37.56,0.2,0,30.05,11.27,5.45,13.33
10930,1723,2024-05-07,Home,71.38,0.1,0,64.24,34.26,5.96,24.02
10931,1723,2024-10-03,Home,125.46,0.2,0,100.37,60.22,6.51,33.64
10932,1723,2024-10-02,Electronics,142.14,0.0,0,142.14,102.34,7.13,32.67
10933,1723,2024-11-06,Electronics,116.28,0.1,0,104.65,83.72,6.57,14.36
10934,1724,2024-02-14,Accessories,34.5,0.05,0,32.77,10.35,5.49,16.93
10935,1724,2024-02-07,Apparel,55.48,0.05,0,52.7,19.42,5.79,27.49
10936,1724,2024-04-06,Electronics,153.59,0.1,0,138.23,110.58,7.07,20.58
10937,1724,2024-04-16,Electronics,288.51,0.0,0,288.51,207.73,9.33,71.45
10938,1724,2024-05-10,Accessories,71.76,0.05,1,0.0,0.0,13.02,-13.02
10939,1724,2024-05-28,Accessories,40.1,0.05,0,38.1,12.03,5.57,20.5
10940,1724,2024-06-04,Apparel,64.78,0.0,0,64.78,22.67,5.97,36.14
10941,1724,2024-09-10,Accessories,54.36,0.05,0,51.64,16.31,5.77,29.56
10942,1724,2024-09-19,Electronics,213.51,0.0,0,213.51,153.72,8.2,51.59
10943,1724,2024-09-13,Electronics,174.62,0.1,0,157.16,125.73,7.36,24.07
10944,1724,2024-11-09,Accessories,44.79,0.0,0,44.79,13.44,5.67,25.68
10945,1724,2024-12-22,Accessories,90.33,0.0,0,90.33,27.1,6.35,56.88
10946,1724,2024-12-24,Accessories,48.02,0.2,0,38.42,14.41,5.58,18.43
10947,1724,2025-03-05,Apparel,129.67,0.1,0,116.7,45.38,6.75,64.57
10948,1724,2025-06-01,Accessories,54.63,0.2,1,0.0,0.0,12.66,-12.66
10949,1725,2024-03-10,Accessories,58.65,0.0,0,58.65,17.59,5.88,35.18
10950,1726,2024-09-20,Home,75.17,0.2,0,60.13,36.08,5.9,18.15
10951,1726,2024-10-24,Apparel,50.07,0.05,1,0.0,0.0,12.71,-12.71
10952,1726,2024-10-26,Accessories,64.78,0.05,0,61.54,19.43,5.92,36.19
10953,1726,2024-11-20,Home,105.71,0.0,0,105.71,50.74,6.59,48.38
10954,1726,2024-11-03,Apparel,70.6,0.0,0,70.6,24.71,6.06,39.83
10955,1726,2024-12-19,Apparel,47.07,0.0,0,47.07,16.48,5.71,24.88
10956,1727,2024-08-12,Apparel,32.77,0.05,1,0.0,0.0,12.47,-12.47
10957,1727,2024-11-18,Electronics,139.06,0.0,0,139.06,100.12,7.09,31.85
10958,1727,2024-12-20,Accessories,42.06,0.1,0,37.86,12.62,5.57,19.67
10959,1728,2024-03-27,Electronics,110.23,0.1,0,99.21,79.37,6.49,13.35
10960,1728,2024-05-03,Accessories,29.57,0.05,0,28.09,8.87,5.42,13.8
10961,1728,2024-08-14,Electronics,301.28,0.05,0,286.22,216.92,9.29,60.01
10962,1728,2024-09-20,Accessories,26.18,0.0,0,26.18,7.85,5.39,12.94
10963,1728,2024-12-27,Accessories,45.09,0.0,0,45.09,13.53,5.68,25.88
10964,1728,2024-12-19,Electronics,125.5,0.0,0,125.5,90.36,6.88,28.26
10965,1728,2025-03-19,Electronics,132.94,0.05,0,126.3,95.72,6.89,23.69
10966,1728,2025-05-03,Accessories,30.25,0.0,0,30.25,9.07,5.45,15.73
10967,1728,2025-05-20,Apparel,26.77,0.0,0,26.77,9.37,5.4,12.0
10968,1729,2024-07-16,Accessories,85.26,0.0,0,85.26,25.58,6.28,53.4
10969,1729,2024-07-01,Accessories,45.23,0.2,0,36.18,13.57,5.54,17.07
10970,1729,2024-08-15,Electronics,405.73,0.0,0,405.73,292.13,11.09,102.51
10971,1729,2024-10-27,Apparel,65.23,0.0,1,0.0,0.0,12.98,-12.98
10972,1729,2024-10-04,Accessories,50.64,0.05,0,48.11,15.19,5.72,27.2
10973,1729,2025-01-26,Apparel,56.2,0.2,0,44.96,19.67,5.67,19.62
10974,1729,2025-03-02,Electronics,131.93,0.1,0,118.74,94.99,6.78,16.97
10975,1729,2025-05-28,Accessories,58.38,0.0,0,58.38,17.51,5.88,34.99
10976,1730,2024-10-15,Accessories,86.03,0.0,0,86.03,25.81,6.29,53.93
10977,1730,2024-11-17,Electronics,284.61,0.0,0,284.61,204.92,9.27,70.42
10978,1730,2025-01-22,Accessories,25.87,0.2,0,20.7,7.76,5.31,7.63
10979,1730,2025-06-15,Home,104.38,0.0,0,104.38,50.1,6.57,47.71
10980,1731,2024-05-15,Home,213.2,0.0,0,213.2,102.34,8.2,102.66
10981,1731,2024-06-10,Electronics,141.07,0.1,0,126.96,101.57,6.9,18.49
10982,1731,2024-06-13,Home,102.94,0.0,0,102.94,49.41,6.54,46.99
10983,1731,2024-06-12,Electronics,173.88,0.0,0,173.88,125.2,7.61,41.07
10984,1731,2024-07-18,Home,120.73,0.0,0,120.73,57.95,6.81,55.97
10985,1731,2024-08-19,Accessories,30.78,0.1,0,27.71,9.24,5.42,13.05
10986,1731,2024-09-07,Accessories,41.92,0.1,0,37.73,12.58,5.57,19.58
10987,1731,2024-12-08,Home,228.49,0.0,0,228.49,109.68,8.43,110.38
10988,1731,2025-01-26,Accessories,63.63,0.2,0,50.9,19.09,5.76,26.05
10989,1731,2025-06-07,Accessories,58.89,0.2,0,47.12,17.67,5.71,23.74
10990,1731,2025-06-24,Apparel,39.55,0.0,0,39.55,13.84,5.59,20.12
10991,1732,2024-03-12,Apparel,111.33,0.1,1,0.0,0.0,13.5,-13.5
10992,1732,2024-05-25,Electronics,182.5,0.05,0,173.37,131.4,7.6,34.37
10993,1732,2024-07-05,Accessories,43.61,0.1,0,39.25,13.08,5.59,20.58
10994,1732,2024-10-11,Apparel,46.05,0.05,1,0.0,0.0,12.66,-12.66
10995,1732,2024-12-01,Home,85.05,0.2,0,68.04,40.82,6.02,21.2
10996,1732,2024-12-19,Apparel,89.75,0.05,0,85.27,31.41,6.28,47.58
10997,1732,2025-06-19,Accessories,20.5,0.2,0,16.4,6.15,5.25,5.0
10998,1733,2024-10-18,Home,37.19,0.2,0,29.75,17.85,5.45,6.45
10999,1733,2025-05-16,Home,62.2,0.05,0,59.09,29.85,5.89,23.35
11000,1733,2025-05-27,Electronics,222.76,0.1,0,200.48,160.38,8.01,32.09
11001,1734,2024-07-06,Electronics,243.72,0.1,0,219.35,175.48,8.29,35.58
11002,1734,2024-08-16,Electronics,172.71,0.05,0,164.08,124.35,7.46,32.27
11003,1734,2024-10-03,Apparel,28.73,0.2,0,22.98,10.05,5.34,7.59
11004,1734,2024-12-13,Home,151.1,0.1,0,135.99,72.53,7.04,56.42
11005,1734,2025-01-01,Apparel,137.17,0.1,0,123.45,48.01,6.85,68.59
11006,1734,2025-04-09,Home,101.61,0.2,0,81.28,48.77,6.22,26.29
11007,1734,2025-04-24,Electronics,268.48,0.1,0,241.63,193.31,8.62,39.7
11008,1734,2025-05-11,Home,74.62,0.05,0,70.89,35.82,6.06,29.01
11009,1735,2024-04-26,Electronics,213.43,0.05,0,202.76,153.67,8.04,41.05
11010,1735,2024-05-04,Apparel,124.58,0.05,1,0.0,0.0,13.78,-13.78
11011,1735,2024-06-13,Electronics,127.27,0.1,0,114.55,91.64,6.72,16.19
11012,1735,2024-07-25,Electronics,256.47,0.1,0,230.83,184.66,8.46,37.71
11013,1735,2024-09-16,Home,77.06,0.05,0,73.21,36.99,6.1,30.12
11014,1735,2024-12-25,Electronics,350.18,0.0,1,0.0,0.0,17.25,-17.25
11015,1735,2025-01-07,Home,63.9,0.0,0,63.9,30.67,5.96,27.27
11016,1735,2025-01-12,Electronics,515.06,0.0,0,515.06,370.84,12.73,131.49
11017,1735,2025-04-21,Accessories,67.36,0.0,0,67.36,20.21,6.01,41.14
11018,1735,2025-04-25,Accessories,43.09,0.2,0,34.47,12.93,5.52,16.02
11019,1736,2024-02-11,Home,92.8,0.05,0,88.16,44.54,6.32,37.3
11020,1736,2024-02-20,Apparel,47.63,0.0,0,47.63,16.67,5.71,25.25
11021,1736,2024-06-28,Accessories,45.92,0.0,0,45.92,13.78,5.69,26.45
11022,1736,2024-06-04,Apparel,86.41,0.1,0,77.77,30.24,6.17,41.36
11023,1736,2024-09-08,Accessories,30.24,0.05,0,28.73,9.07,5.43,14.23
11024,1736,2024-12-05,Accessories,101.21,0.1,0,91.09,30.36,6.37,54.36
11025,1736,2025-03-16,Electronics,224.21,0.0,0,224.21,161.43,8.36,54.42
11026,1737,2024-05-17,Home,96.75,0.0,0,96.75,46.44,6.45,43.86
11027,1737,2024-06-06,Home,96.81,0.05,0,91.97,46.47,6.38,39.12
11028,1737,2024-07-21,Home,41.38,0.0,0,41.38,19.86,5.62,15.9
11029,1737,2024-07-22,Accessories,60.88,0.0,0,60.88,18.27,5.91,36.7
11030,1737,2024-10-12,Home,117.4,0.1,0,105.66,56.35,6.58,42.73
11031,1737,2024-11-04,Accessories,111.6,0.2,0,89.28,33.48,6.34,49.46
11032,1737,2024-12-23,Electronics,189.08,0.1,0,170.18,136.14,7.55,26.49
11033,1737,2025-02-22,Home,101.46,0.1,0,91.32,48.7,6.37,36.25
11034,1737,2025-02-17,Apparel,43.33,0.2,0,34.67,15.17,5.52,13.98
11035,1737,2025-04-10,Apparel,44.05,0.1,0,39.64,15.42,5.59,18.63
11036,1737,2025-06-13,Electronics,201.8,0.05,0,191.71,145.3,7.88,38.53
11037,1737,2025-06-22,Home,92.11,0.0,0,92.11,44.22,6.38,41.51
11038,1738,2024-02-12,Apparel,37.5,0.05,0,35.62,13.12,5.53,16.97
11039,1738,2024-02-19,Home,51.9,0.05,0,49.3,24.91,5.74,18.65
11040,1738,2024-06-24,Home,142.46,0.05,0,135.34,68.38,7.03,59.93
11041,1738,2024-08-07,Apparel,29.84,0.2,0,23.88,10.45,5.36,8.07
11042,1738,2024-10-23,Accessories,41.81,0.1,0,37.63,12.54,5.56,19.53
11043,1739,2024-07-10,Accessories,30.98,0.0,0,30.98,9.29,5.46,16.23
11044,1739,2025-01-15,Apparel,71.91,0.2,0,57.53,25.17,5.86,26.5
11045,1740,2024-06-03,Home,45.42,0.0,0,45.42,21.8,5.68,17.94
11046,1740,2024-10-05,Apparel,50.03,0.1,0,45.03,17.51,5.68,21.84
11047,1740,2024-11-17,Home,83.95,0.0,0,83.95,40.29,6.26,37.4
11048,1740,2025-05-24,Home,50.36,0.2,0,40.29,24.17,5.6,10.52
11049,1741,2024-04-01,Accessories,35.37,0.0,0,35.37,10.61,5.53,19.23
11050,1741,2024-08-25,Apparel,82.13,0.1,0,73.91,28.74,6.11,39.06
11051,1742,2024-02-11,Accessories,73.25,0.0,0,73.25,21.98,6.1,45.17
11052,1742,2024-02-11,Home,123.56,0.1,0,111.21,59.31,6.67,45.23
11053,1742,2024-02-05,Apparel,54.91,0.2,1,0.0,0.0,12.66,-12.66
11054,1743,2024-01-22,Apparel,135.06,0.0,0,135.06,47.27,7.03,80.76
11055,1743,2024-04-17,Home,115.32,0.1,1,0.0,0.0,13.56,-13.56
11056,1743,2024-05-20,Home,89.31,0.0,0,89.31,42.87,6.34,40.1
11057,1743,2024-07-17,Apparel,72.84,0.05,0,69.19,25.49,6.04,37.66
11058,1743,2024-07-22,Apparel,58.59,0.1,0,52.73,20.51,5.79,26.43
11059,1743,2024-09-02,Electronics,253.58,0.0,0,253.58,182.58,8.8,62.2
11060,1743,2024-10-23,Electronics,452.25,0.0,0,452.25,325.62,11.78,114.85
11061,1743,2025-04-15,Apparel,70.97,0.0,0,70.97,24.84,6.06,40.07
11062,1744,2024-08-06,Apparel,59.07,0.1,0,53.16,20.67,5.8,26.69
11063,1744,2024-08-25,Electronics,276.31,0.0,0,276.31,198.95,9.14,68.22
11064,1744,2024-10-13,Accessories,18.41,0.0,0,18.41,5.52,5.28,7.61
11065,1744,2024-12-25,Home,85.84,0.05,0,81.55,41.2,6.22,34.13
11066,1744,2025-02-14,Home,77.56,0.1,0,69.8,37.23,6.05,26.52
11067,1745,2024-03-15,Accessories,36.9,0.0,0,36.9,11.07,5.55,20.28
11068,1745,2024-07-11,Accessories,26.62,0.0,1,0.0,0.0,12.4,-12.4
11069,1746,2024-07-23,Home,132.16,0.05,0,125.55,63.43,6.88,55.24
11070,1746,2024-09-17,Accessories,123.55,0.05,0,117.37,37.06,6.76,73.55
11071,1746,2024-09-25,Accessories,31.07,0.05,0,29.51,9.32,5.44,14.75
11072,1746,2025-01-18,Accessories,36.65,0.2,0,29.32,10.99,5.44,12.89
11073,1746,2025-01-12,Electronics,285.05,0.05,0,270.8,205.24,9.06,56.5
11074,1747,2024-10-07,Accessories,18.94,0.0,0,18.94,5.68,5.28,7.98
11075,1747,2024-10-19,Apparel,106.65,0.1,0,95.99,37.33,6.44,52.22
11076,1747,2025-02-21,Apparel,62.57,0.1,1,0.0,0.0,12.84,-12.84
11077,1747,2025-06-20,Apparel,52.54,0.1,0,47.28,18.39,5.71,23.18
11078,1748,2024-10-12,Home,117.38,0.05,0,111.51,56.34,6.67,48.5
11079,1748,2025-01-05,Accessories,50.77,0.1,0,45.69,15.23,5.69,24.77
11080,1748,2025-01-16,Apparel,162.06,0.0,0,162.06,56.72,7.43,97.91
11081,1748,2025-05-19,Apparel,82.42,0.1,0,74.18,28.85,6.11,39.22
11082,1749,2024-10-02,Accessories,52.03,0.2,0,41.62,15.61,5.62,20.39
11083,1749,2024-10-07,Electronics,225.44,0.2,0,180.35,162.31,7.71,10.33
11084,1749,2024-11-10,Accessories,73.22,0.2,0,58.57,21.96,5.88,30.73
11085,1749,2025-03-22,Apparel,42.72,0.2,1,0.0,0.0,12.51,-12.51
11086,1749,2025-03-11,Accessories,26.24,0.05,0,24.93,7.87,5.37,11.69
11087,1749,2025-04-17,Apparel,53.23,0.05,0,50.57,18.63,5.76,26.18
11088,1749,2025-05-08,Accessories,19.09,0.2,0,15.27,5.73,5.23,4.31
11089,1750,2024-04-15,Home,127.73,0.2,0,102.18,61.31,6.53,34.34
11090,1750,2024-05-21,Home,53.8,0.1,0,48.42,25.82,5.73,16.87
11091,1750,2024-05-25,Home,126.99,0.2,0,101.59,60.96,6.52,34.11
11092,1750,2024-07-16,Apparel,56.85,0.05,0,54.01,19.9,5.81,28.3
11093,1750,2024-08-12,Electronics,247.03,0.0,0,247.03,177.86,8.71,60.46
11094,1750,2024-09-28,Electronics,190.45,0.2,0,152.36,137.12,7.29,7.95
11095,1750,2024-09-19,Home,101.29,0.2,0,81.03,48.62,6.22,26.19
11096,1750,2024-12-07,Home,64.1,0.1,0,57.69,30.77,5.87,21.05
11097,1750,2025-02-11,Home,29.29,0.2,0,23.43,14.06,5.35,4.02
11098,1750,2025-02-04,Electronics,208.03,0.05,0,197.63,149.78,7.96,39.89
11099,1750,2025-04-04,Home,82.07,0.0,0,82.07,39.4,6.23,36.44
11100,1750,2025-04-20,Apparel,98.69,0.0,0,98.69,34.54,6.48,57.67
11101,1751,2024-01-24,Home,91.77,0.0,0,91.77,44.05,6.38,41.34
11102,1751,2024-01-13,Apparel,41.74,0.1,0,37.57,14.61,5.56,17.4
11103,1751,2024-02-02,Electronics,311.33,0.0,1,0.0,0.0,16.67,-16.67
11104,1751,2024-05-24,Home,76.97,0.0,0,76.97,36.94,6.15,33.88
11105,1751,2024-06-23,Electronics,208.64,0.0,0,208.64,150.22,8.13,50.29
11106,1751,2024-09-03,Home,107.28,0.05,0,101.92,51.5,6.53,43.89
11107,1751,2024-12-28,Apparel,88.94,0.05,0,84.49,31.13,6.27,47.09
11108,1751,2025-01-17,Apparel,83.82,0.05,0,79.63,29.34,6.19,44.1
11109,1751,2025-01-06,Apparel,120.28,0.1,1,0.0,0.0,13.62,-13.62
11110,1751,2025-04-21,Apparel,50.84,0.1,0,45.76,17.79,5.69,22.28
11111,1752,2024-02-06,Home,98.02,0.1,1,0.0,0.0,13.32,-13.32
11112,1752,2024-09-21,Apparel,50.85,0.0,0,50.85,17.8,5.76,27.29
11113,1752,2024-11-17,Home,119.55,0.1,0,107.59,57.38,6.61,43.6
11114,1752,2025-02-21,Electronics,418.82,0.05,0,397.88,301.55,10.97,85.36
11115,1752,2025-02-14,Electronics,359.66,0.0,0,359.66,258.96,10.39,90.31
11116,1753,2024-02-11,Home,148.87,0.05,0,141.43,71.46,7.12,62.85
11117,1753,2024-02-06,Home,113.59,0.2,0,90.87,54.52,6.36,29.99
11118,1753,2024-03-24,Apparel,55.38,0.0,1,0.0,0.0,12.83,-12.83
11119,1753,2024-03-09,Electronics,139.11,0.0,0,139.11,100.16,7.09,31.86
11120,1753,2024-04-01,Accessories,35.6,0.1,0,32.04,10.68,5.48,15.88
11121,1753,2024-05-23,Home,70.32,0.05,0,66.81,33.76,6.0,27.05
11122,1753,2024-05-09,Electronics,185.21,0.05,0,175.95,133.35,7.64,34.96
11123,1753,2024-05-04,Home,86.45,0.05,0,82.13,41.5,6.23,34.4
11124,1753,2024-05-24,Accessories,44.61,0.1,0,40.15,13.38,5.6,21.17
11125,1753,2024-06-04,Accessories,54.32,0.0,0,54.32,16.3,5.81,32.21
11126,1753,2024-06-02,Accessories,26.57,0.1,0,23.91,7.97,5.36,10.58
11127,1753,2024-07-02,Apparel,71.06,0.05,0,67.5,24.87,6.01,36.62
11128,1753,2024-07-13,Electronics,254.88,0.05,0,242.14,183.51,8.63,50.0
11129,1753,2024-09-11,Apparel,72.96,0.0,0,72.96,25.54,6.09,41.33
11130,1753,2024-10-14,Home,180.84,0.2,0,144.67,86.8,7.17,50.7
11131,1753,2024-12-19,Home,60.87,0.0,0,60.87,29.22,5.91,25.74
11132,1753,2024-12-26,Accessories,34.3,0.05,0,32.59,10.29,5.49,16.81
11133,1753,2025-02-23,Electronics,227.12,0.0,0,227.12,163.53,8.41,55.18
11134,1753,2025-05-20,Accessories,80.23,0.05,1,0.0,0.0,13.14,-13.14
11135,1753,2025-06-04,Home,66.22,0.2,0,52.98,31.79,5.79,15.4
11136,1754,2024-01-27,Electronics,119.92,0.1,0,107.93,86.34,6.62,14.97
11137,1754,2024-02-19,Apparel,85.66,0.0,0,85.66,29.98,6.28,49.4
11138,1754,2024-03-20,Electronics,245.45,0.0,0,245.45,176.72,8.68,60.05
11139,1754,2024-04-15,Accessories,77.49,0.1,0,69.74,23.25,6.05,40.44
11140,1754,2024-07-28,Accessories,47.57,0.0,0,47.57,14.27,5.71,27.59
11141,1754,2024-07-12,Electronics,144.72,0.2,0,115.78,104.2,6.74,4.84
11142,1754,2024-07-25,Apparel,53.55,0.05,0,50.88,18.74,5.76,26.38
11143,1754,2024-07-22,Apparel,59.65,0.0,0,59.65,20.88,5.89,32.88
11144,1754,2025-02-15,Accessories,32.13,0.0,0,32.13,9.64,5.48,17.01
11145,1754,2025-06-23,Apparel,67.62,0.1,0,60.86,23.67,5.91,31.28
11146,1754,2025-06-08,Electronics,226.58,0.05,0,215.25,163.14,8.23,43.88
11147,1755,2024-06-24,Electronics,256.83,0.0,0,256.83,184.92,8.85,63.06
11148,1755,2024-07-15,Electronics,128.03,0.05,0,121.63,92.18,6.82,22.63
11149,1755,2024-07-16,Accessories,23.92,0.0,0,23.92,7.18,5.36,11.38
11150,1755,2024-09-25,Home,116.66,0.0,0,116.66,56.0,6.75,53.91
11151,1755,2024-09-02,Home,56.14,0.0,0,56.14,26.95,5.84,23.35
11152,1755,2024-12-27,Accessories,63.36,0.1,0,57.02,19.01,5.86,32.15
11153,1756,2024-02-09,Apparel,40.98,0.1,1,0.0,0.0,12.55,-12.55
11154,1756,2024-03-08,Electronics,306.93,0.2,0,245.54,220.99,8.68,15.87
11155,1756,2024-04-20,Apparel,52.89,0.05,1,0.0,0.0,12.75,-12.75
11156,1756,2024-04-02,Apparel,103.07,0.2,0,82.46,36.08,6.24,40.14
11157,1756,2025-04-26,Apparel,51.49,0.0,0,51.49,18.02,5.77,27.7
11158,1756,2025-06-04,Home,70.25,0.05,0,66.74,33.72,6.0,27.02
11159,1756,2025-06-07,Home,79.37,0.0,0,79.37,38.1,6.19,35.08
11160,1757,2024-09-10,Apparel,43.84,0.0,1,0.0,0.0,12.66,-12.66
11161,1757,2024-10-16,Apparel,32.4,0.0,0,32.4,11.34,5.49,15.57
11162,1757,2024-11-28,Accessories,36.4,0.1,0,32.76,10.92,5.49,16.35
11163,1757,2025-01-01,Home,75.19,0.0,0,75.19,36.09,6.13,32.97
11164,1758,2024-01-12,Apparel,110.28,0.2,0,88.23,38.6,6.32,43.31
11165,1758,2024-01-14,Home,240.4,0.05,0,228.38,115.39,8.43,104.56
11166,1758,2024-02-10,Apparel,35.25,0.0,0,35.25,12.34,5.53,17.38
11167,1758,2024-03-03,Accessories,136.6,0.0,0,136.6,40.98,7.05,88.57
11168,1758,2024-04-05,Home,70.64,0.0,0,70.64,33.91,6.06,30.67
11169,1758,2024-04-10,Electronics,95.62,0.0,0,95.62,68.84,6.43,20.35
11170,1758,2024-06-22,Electronics,267.77,0.0,0,267.77,192.8,9.02,65.95
11171,1758,2024-07-24,Electronics,227.12,0.2,0,181.7,163.53,7.73,10.44
11172,1758,2024-07-22,Accessories,34.2,0.0,0,34.2,10.26,5.51,18.43
11173,1758,2024-08-02,Home,28.48,0.0,0,28.48,13.67,5.43,9.38
11174,1758,2024-09-15,Apparel,44.12,0.05,0,41.91,15.44,5.63,20.84
11175,1758,2024-09-28,Home,133.93,0.0,0,133.93,64.29,7.01,62.63
11176,1758,2024-09-15,Electronics,187.8,0.05,0,178.41,135.22,7.68,35.51
11177,1758,2024-10-23,Electronics,375.37,0.05,0,356.6,270.26,10.35,75.99
11178,1758,2024-11-08,Home,187.86,0.1,0,169.07,90.17,7.54,71.36
11179,1758,2025-06-01,Electronics,137.23,0.2,0,109.78,98.81,6.65,4.32
11180,1759,2024-08-08,Home,43.92,0.0,0,43.92,21.08,5.66,17.18
11181,1759,2024-09-17,Apparel,65.58,0.2,1,0.0,0.0,12.79,-12.79
11182,1759,2024-09-15,Apparel,55.52,0.2,0,44.42,19.43,5.67,19.32
11183,1759,2025-03-09,Accessories,38.09,0.0,0,38.09,11.43,5.57,21.09
11184,1759,2025-06-07,Accessories,59.59,0.05,0,56.61,17.88,5.85,32.88
11185,1760,2024-10-10,Electronics,105.32,0.0,0,105.32,75.83,6.58,22.91
11186,1760,2025-05-21,Electronics,272.73,0.0,0,272.73,196.36,9.09,67.28
11187,1760,2025-06-07,Apparel,53.83,0.0,0,53.83,18.84,5.81,29.18
11188,1761,2024-06-10,Electronics,279.32,0.1,0,251.38,201.11,8.77,41.5
11189,1761,2024-08-28,Home,81.47,0.2,0,65.18,39.11,5.98,20.09
11190,1761,2024-09-07,Accessories,44.48,0.1,0,40.03,13.34,5.6,21.09
11191,1761,2024-10-23,Electronics,298.7,0.05,0,283.76,215.06,9.26,59.44
11192,1761,2024-11-06,Accessories,26.83,0.1,0,24.15,8.05,5.36,10.74
11193,1761,2024-11-03,Electronics,94.94,0.2,0,75.95,68.35,6.14,1.46
11194,1761,2025-01-07,Apparel,55.43,0.1,0,49.89,19.4,5.75,24.74
11195,1761,2025-06-13,Accessories,45.36,0.1,0,40.82,13.61,5.61,21.6
11196,1762,2024-10-11,Home,67.49,0.1,0,60.74,32.39,5.91,22.44
11197,1762,2024-10-15,Accessories,76.77,0.05,1,0.0,0.0,13.09,-13.09
11198,1762,2024-11-10,Electronics,131.64,0.1,0,118.47,94.78,6.78,16.91
11199,1762,2024-12-19,Accessories,51.37,0.05,0,48.81,15.41,5.73,27.67
11200,1762,2025-01-28,Home,53.24,0.05,0,50.57,25.55,5.76,19.26
11201,1762,2025-04-08,Accessories,51.18,0.05,0,48.62,15.36,5.73,27.53
11202,1763,2024-07-11,Home,84.27,0.0,0,84.27,40.45,6.26,37.56
11203,1763,2024-08-12,Accessories,24.78,0.05,0,23.54,7.43,5.35,10.76
11204,1763,2024-10-18,Accessories,35.51,0.0,0,35.51,10.65,5.53,19.33
11205,1763,2024-12-08,Apparel,48.7,0.1,1,0.0,0.0,12.66,-12.66
11206,1763,2024-12-09,Home,81.8,0.2,0,65.44,39.26,5.98,20.2
11207,1763,2025-03-26,Accessories,39.92,0.2,0,31.93,11.98,5.48,14.47
11208,1763,2025-04-20,Home,179.05,0.0,0,179.05,85.94,7.69,85.42
11209,1763,2025-04-28,Electronics,138.56,0.0,0,138.56,99.76,7.08,31.72
11210,1763,2025-04-07,Accessories,52.02,0.05,0,49.42,15.61,5.74,28.07
11211,1764,2024-06-25,Apparel,88.89,0.0,0,88.89,31.11,6.33,51.45
11212,1764,2024-07-11,Accessories,62.64,0.1,1,0.0,0.0,12.85,-12.85
11213,1764,2024-08-14,Home,82.03,0.1,1,0.0,0.0,13.11,-13.11
11214,1764,2024-08-17,Home,64.75,0.0,1,0.0,0.0,12.97,-12.97
11215,1764,2024-09-23,Accessories,84.01,0.0,0,84.01,25.2,6.26,52.55
11216,1764,2024-09-20,Accessories,43.45,0.0,0,43.45,13.04,5.65,24.76
11217,1764,2024-10-24,Apparel,32.05,0.0,1,0.0,0.0,12.48,-12.48
11218,1764,2025-01-28,Accessories,41.78,0.0,0,41.78,12.53,5.63,23.62
11219,1764,2025-03-03,Accessories,56.79,0.05,0,53.95,17.04,5.81,31.1
11220,1764,2025-06-06,Accessories,63.91,0.05,0,60.71,19.17,5.91,35.63
11221,1765,2024-07-17,Accessories,35.62,0.05,0,33.84,10.69,5.51,17.64
11222,1765,2024-12-25,Electronics,158.92,0.2,0,127.13,114.42,6.91,5.8
11223,1766,2024-10-06,Apparel,44.87,0.05,0,42.62,15.7,5.64,21.28
11224,1766,2025-03-25,Electronics,320.93,0.2,0,256.75,231.07,8.85,16.83
11225,1766,2025-04-28,Accessories,39.68,0.0,0,39.68,11.9,5.6,22.18
11226,1767,2024-09-03,Home,48.77,0.0,0,48.77,23.41,5.73,19.63
11227,1767,2025-04-09,Accessories,59.86,0.1,0,53.88,17.96,5.81,30.11
11228,1768,2024-03-03,Apparel,60.0,0.1,0,54.0,21.0,5.81,27.19
11229,1768,2024-05-13,Home,149.13,0.0,1,0.0,0.0,14.24,-14.24
11230,1768,2025-01-24,Electronics,184.23,0.0,0,184.23,132.64,7.76,43.83
11231,1769,2024-07-18,Electronics,203.74,0.0,0,203.74,146.7,8.06,48.98
11232,1769,2024-07-01,Apparel,131.45,0.0,0,131.45,46.01,6.97,78.47
11233,1769,2024-08-10,Electronics,277.97,0.1,0,250.17,200.14,8.75,41.28
11234,1769,2024-08-26,Apparel,96.9,0.0,0,96.9,33.92,6.45,56.53
11235,1769,2024-09-05,Accessories,57.11,0.0,0,57.11,17.13,5.86,34.12
11236,1769,2024-12-23,Apparel,39.03,0.0,1,0.0,0.0,12.59,-12.59
11237,1769,2025-01-15,Electronics,103.13,0.0,0,103.13,74.25,6.55,22.33
11238,1770,2024-09-06,Electronics,93.61,0.05,0,88.93,67.4,6.33,15.2
11239,1770,2024-10-24,Home,54.96,0.05,0,52.21,26.38,5.78,20.05
11240,1770,2024-11-11,Accessories,91.95,0.1,0,82.76,27.59,6.24,48.93
11241,1771,2024-03-06,Electronics,218.73,0.1,0,196.86,157.49,7.95,31.42
11242,1771,2024-05-08,Electronics,165.25,0.0,0,165.25,118.98,7.48,38.79
11243,1771,2024-05-10,Apparel,72.05,0.2,0,57.64,25.22,5.86,26.56
11244,1771,2024-06-07,Home,82.92,0.2,0,66.34,39.8,6.0,20.54
11245,1771,2024-06-08,Electronics,180.38,0.0,0,180.38,129.88,7.71,42.79
11246,1771,2024-12-11,Apparel,80.57,0.05,0,76.54,28.2,6.15,42.19
11247,1771,2025-01-27,Apparel,73.37,0.1,0,66.03,25.68,5.99,34.36
11248,1771,2025-01-26,Accessories,77.23,0.05,0,73.37,23.17,6.1,44.1
11249,1771,2025-01-19,Accessories,30.86,0.05,0,29.32,9.26,5.44,14.62
11250,1771,2025-02-16,Home,41.52,0.0,0,41.52,19.93,5.62,15.97
11251,1771,2025-02-23,Apparel,87.01,0.2,1,0.0,0.0,13.04,-13.04
11252,1772,2024-01-12,Accessories,23.15,0.1,0,20.84,6.95,5.31,8.58
11253,1772,2024-01-19,Accessories,37.5,0.1,0,33.75,11.25,5.51,16.99
11254,1772,2024-03-03,Home,271.7,0.05,1,0.0,0.0,15.87,-15.87
11255,1772,2024-03-16,Electronics,235.24,0.1,0,211.71,169.37,8.18,34.16
11256,1772,2024-11-20,Accessories,121.02,0.05,0,114.97,36.31,6.72,71.94
11257,1772,2024-12-01,Accessories,75.94,0.0,0,75.94,22.78,6.14,47.02
11258,1772,2025-01-19,Accessories,69.6,0.05,0,66.12,20.88,5.99,39.25
11259,1772,2025-03-03,Apparel,51.74,0.1,0,46.57,18.11,5.7,22.76
11260,1772,2025-04-21,Accessories,48.83,0.0,0,48.83,14.65,5.73,28.45
11261,1772,2025-06-26,Home,69.59,0.05,0,66.11,33.4,5.99,26.72
11262,1772,2025-06-18,Apparel,62.28,0.0,0,62.28,21.8,5.93,34.55
11263,1773,2024-02-13,Accessories,32.52,0.05,0,30.89,9.76,5.46,15.67
11264,1773,2024-05-01,Electronics,378.6,0.05,0,359.67,272.59,10.4,76.68
11265,1773,2024-05-04,Electronics,139.29,0.05,0,132.33,100.29,6.98,25.06
11266,1773,2024-11-26,Electronics,174.82,0.1,0,157.34,125.87,7.36,24.11
11267,1773,2024-11-03,Accessories,63.73,0.1,0,57.36,19.12,5.86,32.38
11268,1773,2025-06-24,Electronics,262.69,0.0,0,262.69,189.13,8.94,64.62
11269,1773,2025-06-10,Electronics,303.82,0.0,0,303.82,218.75,9.56,75.51
11270,1774,2024-04-18,Accessories,87.0,0.0,0,87.0,26.1,6.3,54.6
11271,1774,2024-05-09,Electronics,220.34,0.1,0,198.31,158.65,7.97,31.69
11272,1774,2024-06-06,Accessories,45.55,0.05,0,43.27,13.66,5.65,23.96
11273,1774,2024-06-06,Home,137.01,0.2,0,109.61,65.77,6.64,37.2
11274,1774,2024-07-10,Home,87.68,0.05,0,83.29,42.09,6.25,34.95
11275,1774,2024-09-21,Home,53.12,0.05,0,50.46,25.5,5.76,19.2
11276,1774,2025-04-28,Electronics,152.28,0.05,0,144.67,109.64,7.17,27.86
11277,1774,2025-05-10,Accessories,70.6,0.05,0,67.07,21.18,6.01,39.88
11278,1775,2024-09-08,Apparel,63.45,0.1,0,57.11,22.21,5.86,29.04
11279,1775,2024-10-12,Apparel,56.49,0.0,0,56.49,19.77,5.85,30.87
11280,1775,2025-01-14,Accessories,42.91,0.05,0,40.76,12.87,5.61,22.28
11281,1775,2025-05-24,Electronics,179.63,0.1,0,161.67,129.33,7.43,24.91
11282,1775,2025-06-16,Apparel,153.03,0.2,0,122.42,53.56,6.84,62.02
11283,1776,2024-10-24,Electronics,322.88,0.0,0,322.88,232.48,9.84,80.56
11284,1776,2024-10-26,Apparel,69.26,0.0,1,0.0,0.0,13.04,-13.04
11285,1776,2025-01-14,Accessories,102.39,0.05,0,97.27,30.72,6.46,60.09
11286,1776,2025-03-04,Electronics,164.75,0.0,0,164.75,118.62,7.47,38.66
11287,1776,2025-03-10,Apparel,62.36,0.2,0,49.89,21.83,5.75,22.31
11288,1776,2025-05-06,Electronics,368.15,0.2,0,294.52,265.07,9.42,20.03
11289,1777,2024-03-02,Home,64.15,0.05,0,60.94,30.79,5.91,24.24
11290,1778,2024-09-05,Home,73.66,0.1,0,66.29,35.36,5.99,24.94
11291,1778,2024-10-02,Accessories,30.02,0.05,0,28.52,9.01,5.43,14.08
11292,1778,2024-10-09,Apparel,31.17,0.0,0,31.17,10.91,5.47,14.79
11293,1778,2024-11-22,Accessories,42.03,0.05,0,39.93,12.61,5.6,21.72
11294,1778,2024-12-01,Home,74.21,0.1,0,66.79,35.62,6.0,25.17
11295,1778,2025-03-27,Accessories,49.81,0.2,0,39.85,14.94,5.6,19.31
11296,1778,2025-04-01,Electronics,268.0,0.2,0,214.4,192.96,8.22,13.22
11297,1779,2024-06-11,Electronics,572.63,0.05,0,544.0,412.29,13.16,118.55
11298,1779,2024-06-16,Home,76.2,0.1,0,68.58,36.58,6.03,25.97
11299,1779,2024-08-20,Electronics,309.31,0.1,0,278.38,222.71,9.18,46.49
11300,1779,2024-11-24,Accessories,27.28,0.1,0,24.55,8.18,5.37,11.0
11301,1779,2025-01-21,Accessories,28.1,0.0,0,28.1,8.43,5.42,14.25
11302,1779,2025-01-01,Apparel,48.21,0.1,0,43.39,16.87,5.65,20.87
11303,1779,2025-06-01,Electronics,128.21,0.05,0,121.8,92.31,6.83,22.66
11304,1779,2025-06-10,Home,51.93,0.1,0,46.74,24.93,5.7,16.11
11305,1780,2024-05-17,Home,85.8,0.1,0,77.22,41.18,6.16,29.88
11306,1780,2024-06-05,Home,102.21,0.05,0,97.1,49.06,6.46,41.58
11307,1780,2024-10-08,Electronics,244.71,0.05,0,232.47,176.19,8.49,47.79
11308,1781,2024-10-14,Apparel,26.04,0.2,0,20.83,9.11,5.31,6.41
11309,1781,2024-12-13,Accessories,82.44,0.0,0,82.44,24.73,6.24,51.47
11310,1781,2024-12-08,Electronics,174.4,0.0,0,174.4,125.57,7.62,41.21
11311,1781,2025-01-02,Electronics,256.06,0.2,0,204.85,184.36,8.07,12.42
11312,1781,2025-04-20,Electronics,136.21,0.1,0,122.58,98.07,6.84,17.67
11313,1781,2025-05-27,Home,32.02,0.05,0,30.42,15.37,5.46,9.59
11314,1781,2025-06-16,Accessories,62.86,0.0,0,62.86,18.86,5.94,38.06
11315,1782,2024-07-18,Electronics,339.59,0.0,1,0.0,0.0,17.09,-17.09
11316,1783,2024-02-19,Electronics,134.25,0.1,0,120.82,96.66,6.81,17.35
11317,1783,2024-02-05,Apparel,89.73,0.0,0,89.73,31.41,6.35,51.97
11318,1783,2024-03-20,Electronics,176.14,0.1,0,158.53,126.82,7.38,24.33
11319,1783,2024-03-17,Apparel,60.72,0.1,0,54.65,21.25,5.82,27.58
11320,1783,2024-04-07,Electronics,312.75,0.1,0,281.48,225.18,9.22,47.08
11321,1783,2024-06-12,Electronics,284.08,0.0,0,284.08,204.53,9.26,70.29
11322,1783,2024-06-16,Accessories,41.13,0.0,0,41.13,12.34,5.62,23.17
11323,1783,2024-06-09,Apparel,60.78,0.0,1,0.0,0.0,12.91,-12.91
11324,1783,2024-07-25,Electronics,244.68,0.05,0,232.44,176.17,8.49,47.78
11325,1783,2024-08-04,Home,86.98,0.0,0,86.98,41.75,6.3,38.93
11326,1783,2024-09-09,Home,76.15,0.1,0,68.53,36.55,6.03,25.95
11327,1783,2024-10-12,Accessories,87.28,0.1,0,78.55,26.18,6.18,46.19
11328,1783,2024-11-26,Electronics,315.02,0.0,0,315.02,226.81,9.73,78.48
11329,1783,2024-12-20,Apparel,53.86,0.05,0,51.17,18.85,5.77,26.55
11330,1783,2025-01-12,Home,161.02,0.1,0,144.92,77.29,7.17,60.46
11331,1783,2025-01-19,Electronics,241.51,0.2,0,193.21,173.89,7.9,11.42
11332,1783,2025-01-15,Apparel,59.61,0.0,0,59.61,20.86,5.89,32.86
11333,1783,2025-01-18,Electronics,295.82,0.05,0,281.03,212.99,9.22,58.82
11334,1783,2025-01-10,Apparel,26.93,0.0,1,0.0,0.0,12.4,-12.4
11335,1783,2025-03-28,Home,57.93,0.05,0,55.03,27.81,5.83,21.39
11336,1783,2025-03-13,Electronics,161.04,0.2,0,128.83,115.95,6.93,5.95
11337,1783,2025-04-15,Electronics,143.09,0.0,0,143.09,103.03,7.15,32.91
11338,1783,2025-04-08,Electronics,495.68,0.1,0,446.11,356.89,11.69,77.53
11339,1783,2025-06-04,Accessories,36.87,0.05,0,35.03,11.06,5.53,18.44
11340,1784,2024-02-26,Accessories,28.32,0.1,0,25.49,8.5,5.38,11.61
11341,1784,2024-03-25,Accessories,54.6,0.2,0,43.68,16.38,5.66,21.64
11342,1784,2024-03-23,Apparel,81.81,0.2,0,65.45,28.63,5.98,30.84
11343,1784,2024-04-15,Home,86.56,0.1,1,0.0,0.0,13.17,-13.17
11344,1784,2024-05-16,Electronics,168.68,0.0,0,168.68,121.45,7.53,39.7
11345,1784,2024-08-06,Accessories,43.66,0.0,0,43.66,13.1,5.65,24.91
11346,1784,2024-10-13,Apparel,44.02,0.1,0,39.61,15.41,5.59,18.61
11347,1784,2024-12-26,Electronics,316.54,0.0,0,316.54,227.91,9.75,78.88
11348,1784,2025-02-23,Apparel,68.41,0.0,0,68.41,23.94,6.03,38.44
11349,1784,2025-03-27,Accessories,78.87,0.0,0,78.87,23.66,6.18,49.03
11350,1784,2025-05-12,Apparel,166.81,0.0,0,166.81,58.38,7.5,100.93
11351,1785,2024-09-01,Apparel,99.36,0.1,1,0.0,0.0,13.34,-13.34
11352,1785,2024-12-06,Electronics,378.13,0.05,0,359.22,272.25,10.39,76.58
11353,1785,2025-01-06,Apparel,52.18,0.1,0,46.96,18.26,5.7,23.0
11354,1785,2025-04-19,Accessories,92.98,0.0,0,92.98,27.89,6.39,58.7
11355,1785,2025-06-16,Home,109.07,0.05,1,0.0,0.0,13.55,-13.55
11356,1785,2025-06-17,Apparel,40.48,0.2,0,32.38,14.17,5.49,12.72
11357,1785,2025-06-11,Home,40.42,0.05,0,38.4,19.4,5.58,13.42
11358,1786,2024-05-12,Electronics,149.47,0.1,1,0.0,0.0,14.02,-14.02
11359,1786,2024-08-21,Apparel,78.9,0.1,0,71.01,27.62,6.07,37.32
11360,1786,2024-12-03,Apparel,106.18,0.0,0,106.18,37.16,6.59,62.43
11361,1787,2024-08-25,Accessories,100.26,0.2,0,80.21,30.08,6.2,43.93
11362,1787,2024-08-23,Home,43.7,0.05,0,41.51,20.98,5.62,14.91
11363,1787,2024-09-17,Home,186.1,0.2,0,148.88,89.33,7.23,52.32
11364,1787,2024-12-04,Apparel,26.14,0.1,0,23.53,9.15,5.35,9.03
11365,1787,2025-01-17,Apparel,67.87,0.05,0,64.48,23.75,5.97,34.76
11366,1787,2025-03-28,Home,34.34,0.05,0,32.62,16.48,5.49,10.65
11367,1788,2024-10-09,Home,93.08,0.05,0,88.43,44.68,6.33,37.42
11368,1788,2024-10-13,Electronics,181.89,0.0,0,181.89,130.96,7.73,43.2
11369,1788,2024-10-01,Accessories,41.01,0.1,0,36.91,12.3,5.55,19.06
11370,1788,2024-10-27,Apparel,37.66,0.1,0,33.89,13.18,5.51,15.2
11371,1788,2024-12-04,Accessories,22.77,0.2,0,18.21,6.83,5.27,6.11
11372,1788,2025-01-18,Home,56.75,0.05,0,53.92,27.24,5.81,20.87
11373,1789,2024-02-05,Electronics,305.78,0.05,0,290.49,220.16,9.36,60.97
11374,1789,2024-04-24,Accessories,38.6,0.0,0,38.6,11.58,5.58,21.44
11375,1789,2024-04-13,Electronics,162.36,0.0,0,162.36,116.9,7.44,38.02
11376,1789,2024-05-22,Accessories,52.31,0.0,0,52.31,15.69,5.78,30.84
11377,1789,2024-06-12,Home,93.84,0.05,0,89.15,45.05,6.34,37.76
11378,1789,2024-06-01,Apparel,120.33,0.0,0,120.33,42.11,6.8,71.42
11379,1789,2024-07-22,Home,103.1,0.2,0,82.48,49.49,6.24,26.75
11380,1789,2024-07-17,Electronics,293.0,0.05,0,278.35,210.96,9.18,58.21
11381,1789,2024-08-08,Apparel,108.98,0.05,0,103.53,38.14,6.55,58.84
11382,1789,2025-01-27,Electronics,234.24,0.2,0,187.39,168.65,7.81,10.93
11383,1789,2025-01-19,Home,112.58,0.05,0,106.95,54.04,6.6,46.31
11384,1789,2025-02-27,Electronics,104.51,0.0,0,104.51,75.25,6.57,22.69
11385,1789,2025-02-24,Apparel,65.97,0.0,1,0.0,0.0,12.99,-12.99
11386,1789,2025-06-13,Apparel,78.18,0.05,0,74.27,27.36,6.11,40.8
11387,1789,2025-06-08,Accessories,22.73,0.0,0,22.73,6.82,5.34,10.57
11388,1790,2024-10-07,Electronics,181.62,0.0,0,181.62,130.77,7.72,43.13
11389,1790,2025-04-22,Home,61.0,0.05,0,57.95,29.28,5.87,22.8
11390,1790,2025-04-09,Apparel,39.77,0.0,0,39.77,13.92,5.6,20.25
11391,1790,2025-04-08,Electronics,178.08,0.1,0,160.28,128.22,7.4,24.66
11392,1790,2025-06-18,Apparel,40.96,0.05,0,38.91,14.34,5.58,18.99
11393,1791,2024-07-01,Electronics,164.52,0.0,0,164.52,118.45,7.47,38.6
11394,1791,2024-10-09,Home,94.0,0.1,0,84.6,45.12,6.27,33.21
11395,1791,2024-10-06,Accessories,71.44,0.2,0,57.16,21.43,5.86,29.87
11396,1791,2025-03-23,Apparel,63.99,0.05,1,0.0,0.0,12.91,-12.91
11397,1791,2025-03-11,Apparel,42.69,0.0,0,42.69,14.94,5.64,22.11
11398,1791,2025-06-03,Apparel,108.06,0.0,0,108.06,37.82,6.62,63.62
11399,1792,2024-07-17,Apparel,71.64,0.05,1,0.0,0.0,13.02,-13.02
11400,1792,2024-08-25,Accessories,90.54,0.05,0,86.01,27.16,6.29,52.56
11401,1792,2024-11-18,Electronics,233.77,0.0,0,233.77,168.31,8.51,56.95
11402,1792,2025-01-07,Home,135.74,0.0,0,135.74,65.15,7.04,63.55
11403,1792,2025-04-14,Electronics,255.37,0.2,0,204.29,183.86,8.06,12.37
11404,1793,2024-10-01,Home,59.15,0.0,0,59.15,28.39,5.89,24.87
11405,1793,2024-11-15,Electronics,166.04,0.05,0,157.74,119.55,7.37,30.82
11406,1794,2024-07-23,Apparel,53.51,0.05,0,50.84,18.73,5.76,26.35
11407,1794,2024-08-10,Electronics,238.84,0.05,0,226.9,171.97,8.4,46.53
11408,1794,2024-09-15,Electronics,217.39,0.05,1,0.0,0.0,15.1,-15.1
11409,1794,2024-10-03,Electronics,217.8,0.1,0,196.02,156.82,7.94,31.26
11410,1794,2025-01-23,Electronics,110.95,0.05,0,105.4,79.88,6.58,18.94
11411,1794,2025-02-22,Apparel,125.91,0.1,0,113.32,44.07,6.7,62.55
11412,1794,2025-03-13,Accessories,32.59,0.0,0,32.59,9.78,5.49,17.32
11413,1794,2025-06-21,Accessories,75.44,0.1,0,67.89,22.63,6.02,39.24
11414,1795,2024-10-12,Electronics,229.2,0.1,0,206.28,165.02,8.09,33.17
11415,1795,2024-11-02,Apparel,72.32,0.1,1,0.0,0.0,12.98,-12.98
11416,1795,2024-11-12,Home,89.23,0.1,0,80.31,42.83,6.2,31.28
11417,1795,2024-12-22,Apparel,88.53,0.0,0,88.53,30.99,6.33,51.21
11418,1795,2025-01-09,Home,76.29,0.0,0,76.29,36.62,6.14,33.53
11419,1795,2025-03-17,Electronics,270.42,0.0,0,270.42,194.71,9.06,66.65
11420,1795,2025-04-11,Home,84.22,0.2,0,67.37,40.42,6.01,20.94
11421,1795,2025-05-15,Apparel,60.85,0.2,0,48.68,21.3,5.73,21.65
11422,1795,2025-06-22,Accessories,39.98,0.2,0,31.99,11.99,5.48,14.52
11423,1796,2024-07-03,Apparel,47.3,0.0,0,47.3,16.56,5.71,25.03
11424,1796,2024-09-08,Accessories,43.44,0.2,0,34.75,13.03,5.52,16.2
11425,1796,2024-12-12,Apparel,49.59,0.1,0,44.63,17.36,5.67,21.6
11426,1796,2025-03-03,Apparel,73.78,0.05,0,70.09,25.82,6.05,38.22
11427,1796,2025-03-12,Accessories,48.42,0.05,0,46.0,14.53,5.69,25.78
11428,1796,2025-04-14,Apparel,67.81,0.0,0,67.81,23.73,6.02,38.06
11429,1796,2025-04-02,Apparel,102.61,0.1,1,0.0,0.0,13.39,-13.39
11430,1796,2025-05-01,Electronics,234.17,0.1,0,210.76,168.61,8.16,33.99
11431,1797,2024-06-20,Apparel,60.6,0.0,0,60.6,21.21,5.91,33.48
11432,1797,2024-07-09,Accessories,77.8,0.05,1,0.0,0.0,13.11,-13.11
11433,1797,2024-09-08,Electronics,246.21,0.05,0,233.9,177.27,8.51,48.12
11434,1797,2024-09-14,Apparel,25.85,0.0,1,0.0,0.0,12.39,-12.39
11435,1797,2024-10-11,Apparel,99.33,0.0,0,99.33,34.76,6.49,58.08
11436,1797,2024-11-24,Home,209.07,0.0,1,0.0,0.0,15.14,-15.14
11437,1797,2024-12-06,Accessories,25.67,0.1,0,23.1,7.7,5.35,10.05
11438,1797,2024-12-01,Apparel,37.57,0.1,0,33.82,13.15,5.51,15.16
11439,1797,2025-02-16,Home,62.9,0.0,0,62.9,30.19,5.94,26.77
11440,1797,2025-02-27,Electronics,155.4,0.1,0,139.86,111.89,7.1,20.87
11441,1797,2025-05-23,Electronics,135.06,0.05,0,128.31,97.24,6.92,24.15
11442,1798,2024-02-08,Home,68.47,0.05,0,65.05,32.87,5.98,26.2
11443,1798,2024-03-27,Electronics,122.93,0.1,0,110.64,88.51,6.66,15.47
11444,1798,2024-07-11,Accessories,35.24,0.1,0,31.72,10.57,5.48,15.67
11445,1798,2025-06-24,Home,145.19,0.0,0,145.19,69.69,7.18,68.32
11446,1799,2024-04-13,Apparel,38.03,0.0,0,38.03,13.31,5.57,19.15
11447,1799,2024-10-05,Home,109.18,0.0,0,109.18,52.41,6.64,50.13
11448,1799,2024-11-13,Electronics,269.38,0.05,0,255.91,193.96,8.84,53.11
11449,1800,2024-02-01,Electronics,164.62,0.0,0,164.62,118.53,7.47,38.62
11450,1800,2024-03-03,Accessories,33.09,0.05,0,31.44,9.93,5.47,16.04
11451,1800,2024-04-18,Accessories,60.1,0.2,0,48.08,18.03,5.72,24.33
11452,1800,2024-05-07,Home,90.44,0.0,0,90.44,43.41,6.36,40.67
11453,1800,2024-07-01,Home,60.28,0.05,0,57.27,28.94,5.86,22.47
11454,1800,2024-10-17,Accessories,55.8,0.05,0,53.01,16.74,5.8,30.47
11455,1800,2024-12-09,Apparel,96.71,0.1,0,87.03,33.85,6.31,46.87
11456,1800,2025-01-09,Apparel,53.61,0.05,0,50.93,18.76,5.76,26.41
11457,1800,2025-01-18,Accessories,71.53,0.0,0,71.53,21.46,6.07,44.0
11458,1800,2025-02-13,Home,66.47,0.0,0,66.47,31.9,6.0,28.57
11459,1800,2025-03-27,Home,89.01,0.05,0,84.56,42.72,6.27,35.57
11460,1800,2025-06-03,Home,102.15,0.2,0,81.72,49.03,6.23,26.46
11461,1801,2024-08-24,Home,90.65,0.0,0,90.65,43.51,6.36,40.78
11462,1801,2024-09-28,Apparel,44.75,0.1,1,0.0,0.0,12.6,-12.6
11463,1801,2024-09-03,Accessories,64.37,0.0,0,64.37,19.31,5.97,39.09
11464,1801,2025-02-28,Apparel,48.5,0.2,0,38.8,16.97,5.58,16.25
11465,1801,2025-02-02,Apparel,69.85,0.0,0,69.85,24.45,6.05,39.35
11466,1801,2025-03-06,Apparel,64.08,0.1,1,0.0,0.0,12.87,-12.87
11467,1801,2025-03-28,Apparel,50.83,0.1,0,45.75,17.79,5.69,22.27
11468,1801,2025-05-04,Accessories,37.12,0.0,0,37.12,11.14,5.56,20.42
11469,1801,2025-06-17,Home,126.95,0.0,0,126.95,60.94,6.9,59.11
11470,1802,2024-02-23,Apparel,63.71,0.05,0,60.53,22.3,5.91,32.32
11471,1802,2024-04-08,Home,101.91,0.1,0,91.72,48.92,6.38,36.42
11472,1802,2024-05-21,Apparel,31.09,0.1,0,27.98,10.88,5.42,11.68
11473,1802,2024-09-04,Electronics,260.41,0.1,0,234.37,187.49,8.52,38.36
11474,1802,2024-09-24,Apparel,118.16,0.0,0,118.16,41.35,6.77,70.04
11475,1802,2024-10-20,Apparel,32.14,0.1,0,28.93,11.25,5.43,12.25
11476,1802,2024-10-09,Accessories,40.23,0.0,0,40.23,12.07,5.6,22.56
11477,1802,2024-11-13,Apparel,62.18,0.05,1,0.0,0.0,12.89,-12.89
11478,1802,2025-02-17,Electronics,240.16,0.05,0,228.15,172.91,8.42,46.82
11479,1803,2024-07-20,Home,86.95,0.05,0,82.6,41.74,6.24,34.62
11480,1803,2024-07-10,Electronics,294.74,0.05,0,280.0,212.21,9.2,58.59
11481,1803,2024-08-16,Electronics,323.22,0.2,0,258.58,232.72,8.88,16.98
11482,1803,2024-09-01,Accessories,65.81,0.0,0,65.81,19.74,5.99,40.08
11483,1803,2024-10-23,Apparel,63.06,0.1,0,56.75,22.07,5.85,28.83
11484,1803,2024-11-04,Apparel,45.44,0.0,0,45.44,15.91,5.68,23.85
11485,1803,2024-12-08,Apparel,81.74,0.0,0,81.74,28.61,6.23,46.9
11486,1803,2025-02-28,Accessories,36.91,0.1,0,33.22,11.07,5.5,16.65
11487,1803,2025-02-21,Apparel,34.86,0.05,1,0.0,0.0,12.5,-12.5
11488,1803,2025-03-08,Home,73.43,0.05,0,69.76,35.25,6.05,28.46
11489,1803,2025-04-21,Electronics,212.6,0.05,0,201.97,153.07,8.03,40.87
11490,1803,2025-05-17,Apparel,89.88,0.05,0,85.38,31.46,6.28,47.64
11491,1804,2024-06-23,Apparel,38.6,0.1,0,34.74,13.51,5.52,15.71
11492,1804,2024-06-26,Home,167.22,0.1,0,150.5,80.26,7.26,62.98
11493,1804,2024-06-11,Apparel,48.04,0.2,0,38.43,16.81,5.58,16.04
11494,1804,2024-07-26,Electronics,194.5,0.0,0,194.5,140.04,7.92,46.54
11495,1804,2024-11-12,Home,78.65,0.2,0,62.92,37.75,5.94,19.23
11496,1804,2024-12-14,Home,114.68,0.2,0,91.75,55.05,6.38,30.32
11497,1804,2024-12-12,Electronics,165.02,0.2,0,132.02,118.82,6.98,6.22
11498,1804,2024-12-10,Electronics,145.29,0.1,0,130.76,104.61,6.96,19.19
11499,1804,2025-03-10,Apparel,61.81,0.05,0,58.72,21.63,5.88,31.21
11500,1804,2025-06-20,Accessories,18.53,0.0,0,18.53,5.56,5.28,7.69
11501,1805,2024-07-27,Home,100.42,0.05,0,95.4,48.2,6.43,40.77
11502,1805,2024-10-20,Accessories,45.93,0.05,0,43.64,13.78,5.65,24.21
11503,1805,2024-10-05,Accessories,44.04,0.2,0,35.24,13.21,5.53,16.5
11504,1805,2025-02-13,Electronics,210.44,0.05,0,199.91,151.51,8.0,40.4
11505,1806,2024-01-09,Electronics,148.0,0.1,0,133.2,106.56,7.0,19.64
11506,1806,2024-01-05,Home,157.69,0.1,0,141.92,75.69,7.13,59.1
11507,1806,2024-02-28,Apparel,40.27,0.05,0,38.25,14.09,5.57,18.59
11508,1806,2024-04-08,Home,89.6,0.1,0,80.64,43.01,6.21,31.42
11509,1807,2024-07-11,Apparel,64.77,0.05,0,61.53,22.67,5.92,32.94
11510,1807,2024-08-22,Apparel,56.27,0.0,0,56.27,19.7,5.84,30.73
11511,1807,2024-08-08,Electronics,268.03,0.1,0,241.22,192.98,8.62,39.62
11512,1807,2024-10-18,Accessories,50.89,0.1,0,45.8,15.27,5.69,24.84
11513,1807,2024-10-13,Electronics,168.96,0.2,0,135.17,121.65,7.03,6.49
11514,1807,2024-11-05,Apparel,77.85,0.1,0,70.06,27.25,6.05,36.76
11515,1807,2025-02-11,Home,116.07,0.2,0,92.86,55.71,6.39,30.76
11516,1807,2025-02-28,Accessories,56.03,0.0,0,56.03,16.81,5.84,33.38
11517,1807,2025-02-12,Apparel,58.64,0.2,0,46.92,20.53,5.7,20.69
11518,1807,2025-04-03,Apparel,58.15,0.05,0,55.24,20.35,5.83,29.06
11519,1807,2025-05-01,Accessories,41.66,0.0,1,0.0,0.0,12.62,-12.62
11520,1807,2025-06-04,Home,56.03,0.2,1,0.0,0.0,12.67,-12.67
11521,1808,2024-03-07,Home,91.0,0.0,0,91.0,43.68,6.36,40.96
11522,1808,2024-03-06,Electronics,116.27,0.05,0,110.46,83.72,6.66,20.08
11523,1808,2024-06-23,Home,76.81,0.0,0,76.81,36.87,6.15,33.79
11524,1808,2024-07-10,Electronics,162.36,0.2,1,0.0,0.0,13.95,-13.95
11525,1808,2024-08-23,Electronics,113.72,0.0,0,113.72,81.88,6.71,25.13
11526,1808,2024-08-12,Apparel,39.26,0.0,0,39.26,13.74,5.59,19.93
11527,1808,2024-12-27,Electronics,142.3,0.05,0,135.19,102.46,7.03,25.7
11528,1808,2025-01-26,Apparel,103.59,0.0,0,103.59,36.26,6.55,60.78
11529,1808,2025-01-10,Accessories,29.96,0.1,0,26.97,8.99,5.4,12.58
11530,1808,2025-04-12,Home,71.3,0.05,0,67.74,34.22,6.02,27.5
11531,1808,2025-04-21,Electronics,130.33,0.1,0,117.3,93.84,6.76,16.7
11532,1808,2025-05-11,Apparel,37.98,0.05,0,36.08,13.29,5.54,17.25
11533,1808,2025-05-24,Home,132.66,0.2,0,106.12,63.67,6.59,35.86
11534,1808,2025-06-04,Electronics,360.29,0.2,0,288.23,259.41,9.32,19.5
11535,1808,2025-06-17,Electronics,160.15,0.0,0,160.15,115.31,7.4,37.44
11536,1808,2025-06-11,Apparel,85.29,0.05,0,81.02,29.85,6.22,44.95
11537,1810,2024-09-16,Electronics,153.02,0.05,0,145.37,110.18,7.18,28.01
11538,1810,2024-09-12,Electronics,206.5,0.0,0,206.5,148.68,8.1,49.72
11539,1810,2024-09-23,Accessories,48.91,0.05,0,46.47,14.67,5.7,26.1
11540,1810,2024-10-17,Apparel,42.46,0.2,0,33.97,14.86,5.51,13.6
11541,1810,2024-11-17,Electronics,208.18,0.2,0,166.55,149.89,7.5,9.16
11542,1810,2024-11-18,Apparel,39.37,0.2,0,31.49,13.78,5.47,12.24
11543,1810,2025-05-25,Electronics,304.83,0.05,0,289.59,219.48,9.34,60.77
11544,1810,2025-06-05,Apparel,60.37,0.2,1,0.0,0.0,12.72,-12.72
11545,1811,2024-08-01,Electronics,167.12,0.0,0,167.12,120.32,7.51,39.29
11546,1811,2024-09-07,Home,100.61,0.05,0,95.58,48.29,6.43,40.86
11547,1811,2024-10-11,Electronics,418.97,0.0,0,418.97,301.66,11.28,106.03
11548,1811,2024-11-01,Home,66.48,0.1,0,59.83,31.91,5.9,22.02
11549,1811,2024-11-14,Apparel,55.65,0.2,0,44.52,19.48,5.67,19.37
11550,1811,2024-12-24,Accessories,40.76,0.05,0,38.72,12.23,5.58,20.91
11551,1811,2024-12-26,Electronics,328.17,0.2,0,262.53,236.28,8.94,17.31
11552,1811,2025-01-22,Accessories,43.45,0.05,0,41.28,13.04,5.62,22.62
11553,1811,2025-01-17,Home,86.46,0.0,0,86.46,41.5,6.3,38.66
11554,1811,2025-04-16,Electronics,172.51,0.1,0,155.26,124.21,7.33,23.72
11555,1811,2025-05-03,Apparel,33.39,0.2,0,26.71,11.69,5.4,9.62
11556,1811,2025-05-28,Electronics,120.84,0.0,0,120.84,87.01,6.81,27.02
11557,1812,2024-09-21,Accessories,80.42,0.05,0,76.4,24.13,6.15,46.12
11558,1812,2024-09-03,Apparel,113.08,0.05,0,107.43,39.58,6.61,61.24
11559,1813,2024-08-01,Home,64.35,0.1,0,57.92,30.89,5.87,21.16
11560,1813,2024-10-16,Electronics,197.41,0.05,0,187.54,142.14,7.81,37.59
11561,1813,2024-10-17,Electronics,141.73,0.0,1,0.0,0.0,14.13,-14.13
11562,1813,2024-12-28,Electronics,188.04,0.0,0,188.04,135.39,7.82,44.83
11563,1814,2024-09-21,Accessories,33.64,0.2,0,26.91,10.09,5.4,11.42
11564,1814,2024-09-06,Apparel,48.7,0.0,0,48.7,17.04,5.73,25.93
11565,1814,2024-12-09,Apparel,63.2,0.1,0,56.88,22.12,5.85,28.91
11566,1815,2024-01-05,Apparel,38.06,0.0,1,0.0,0.0,12.57,-12.57
11567,1815,2024-09-25,Electronics,136.03,0.0,1,0.0,0.0,14.04,-14.04
11568,1815,2024-10-19,Electronics,196.97,0.0,0,196.97,141.82,7.95,47.2
11569,1815,2024-10-11,Electronics,335.0,0.0,0,335.0,241.2,10.02,83.78
11570,1815,2024-10-09,Home,98.2,0.1,0,88.38,47.14,6.33,34.91
11571,1816,2024-10-02,Accessories,46.18,0.1,1,0.0,0.0,12.62,-12.62
11572,1816,2025-01-15,Electronics,242.64,0.05,0,230.51,174.7,8.46,47.35
11573,1816,2025-03-09,Accessories,33.78,0.0,0,33.78,10.13,5.51,18.14
11574,1817,2024-07-05,Apparel,72.73,0.0,0,72.73,25.46,6.09,41.18
11575,1817,2024-09-03,Electronics,131.48,0.1,0,118.33,94.67,6.78,16.88
11576,1817,2025-03-12,Home,185.95,0.1,0,167.35,89.25,7.51,70.59
11577,1817,2025-04-06,Electronics,270.87,0.1,0,243.78,195.03,8.66,40.09
11578,1817,2025-04-04,Home,88.97,0.0,0,88.97,42.7,6.33,39.94
11579,1817,2025-06-01,Accessories,40.87,0.1,0,36.79,12.26,5.55,18.98
11580,1817,2025-06-17,Accessories,38.74,0.2,0,31.0,11.62,5.46,13.92
11581,1817,2025-06-28,Home,51.79,0.0,0,51.79,24.86,5.78,21.15
11582,1818,2024-07-24,Electronics,292.79,0.1,0,263.52,210.81,8.95,43.76
11583,1818,2024-08-18,Accessories,41.01,0.05,0,38.96,12.3,5.58,21.08
11584,1818,2024-08-13,Apparel,59.28,0.05,0,56.31,20.75,5.84,29.72
11585,1818,2024-11-26,Electronics,82.46,0.1,0,74.22,59.37,6.11,8.74
11586,1818,2024-11-05,Apparel,45.16,0.2,1,0.0,0.0,12.54,-12.54
11587,1819,2024-03-27,Home,141.99,0.0,0,141.99,68.16,7.13,66.7
11588,1819,2024-05-24,Accessories,45.46,0.0,0,45.46,13.64,5.68,26.14
11589,1819,2024-06-20,Electronics,302.24,0.1,0,272.01,217.61,9.08,45.32
11590,1819,2025-03-22,Apparel,44.37,0.05,0,42.16,15.53,5.63,21.0
11591,1819,2025-06-14,Accessories,59.01,0.1,0,53.11,17.7,5.8,29.61
11592,1820,2024-03-08,Apparel,77.35,0.0,0,77.35,27.07,6.16,44.12
11593,1820,2024-11-13,Apparel,97.31,0.1,1,0.0,0.0,13.31,-13.31
11594,1821,2024-04-21,Home,91.41,0.05,0,86.84,43.88,6.3,36.66
11595,1821,2024-04-21,Accessories,70.16,0.2,0,56.13,21.05,5.84,29.24
11596,1821,2024-06-15,Home,94.31,0.2,0,75.45,45.27,6.13,24.05
11597,1821,2024-07-28,Accessories,59.05,0.05,0,56.09,17.71,5.84,32.54
11598,1821,2024-08-17,Apparel,38.92,0.0,0,38.92,13.62,5.58,19.72
11599,1821,2024-08-10,Electronics,149.86,0.05,0,142.37,107.9,7.14,27.33
11600,1821,2024-11-03,Accessories,51.01,0.0,1,0.0,0.0,12.77,-12.77
11601,1821,2025-01-09,Apparel,36.36,0.2,0,29.09,12.73,5.44,10.92
11602,1821,2025-01-26,Electronics,84.89,0.2,0,67.91,61.12,6.02,0.77
11603,1821,2025-02-20,Accessories,65.11,0.05,0,61.85,19.53,5.93,36.39
11604,1821,2025-03-26,Home,84.69,0.1,0,76.22,40.65,6.14,29.43
11605,1821,2025-05-21,Electronics,132.77,0.0,0,132.77,95.59,6.99,30.19
11606,1822,2024-01-16,Home,62.57,0.0,0,62.57,30.03,5.94,26.6
11607,1822,2024-01-03,Home,99.15,0.2,0,79.32,47.59,6.19,25.54
11608,1822,2024-02-06,Electronics,216.29,0.05,0,205.48,155.73,8.08,41.67
11609,1822,2024-03-23,Electronics,125.34,0.1,0,112.81,90.25,6.69,15.87
11610,1822,2024-03-09,Apparel,24.61,0.2,1,0.0,0.0,12.3,-12.3
11611,1822,2024-05-28,Apparel,42.68,0.1,0,38.41,14.94,5.58,17.89
11612,1822,2024-06-25,Accessories,57.02,0.05,0,54.17,17.1,5.81,31.26
11613,1822,2024-07-15,Home,126.25,0.1,0,113.63,60.6,6.7,46.33
11614,1822,2024-08-21,Apparel,59.55,0.0,0,59.55,20.84,5.89,32.82
11615,1822,2024-08-14,Accessories,59.17,0.1,0,53.26,17.75,5.8,29.71
11616,1822,2025-03-22,Apparel,87.7,0.0,1,0.0,0.0,13.32,-13.32
11617,1822,2025-04-07,Home,56.02,0.0,0,56.02,26.89,5.84,23.29
11618,1822,2025-06-14,Home,64.21,0.2,0,51.37,30.82,5.77,14.78
11619,1823,2024-09-22,Accessories,103.17,0.05,0,98.01,30.95,6.47,60.59
11620,1823,2024-11-05,Apparel,56.97,0.2,0,45.58,19.94,5.68,19.96
11621,1823,2024-11-02,Apparel,68.04,0.0,0,68.04,23.81,6.02,38.21
11622,1823,2025-02-18,Accessories,46.31,0.0,0,46.31,13.89,5.69,26.73
11623,1824,2024-03-04,Accessories,59.08,0.1,0,53.17,17.72,5.8,29.65
11624,1824,2024-08-18,Apparel,43.39,0.0,1,0.0,0.0,12.65,-12.65
11625,1824,2024-12-09,Home,135.27,0.05,0,128.51,64.93,6.93,56.65
11626,1824,2025-02-26,Apparel,72.8,0.2,0,58.24,25.48,5.87,26.89
11627,1824,2025-04-07,Apparel,44.0,0.0,1,0.0,0.0,12.66,-12.66
11628,1825,2024-01-23,Electronics,580.61,0.0,0,580.61,418.04,13.71,148.86
11629,1825,2024-03-27,Apparel,55.68,0.0,0,55.68,19.49,5.84,30.35
11630,1825,2025-01-24,Accessories,47.2,0.2,0,37.76,14.16,5.57,18.03
11631,1825,2025-01-10,Accessories,78.69,0.05,0,74.75,23.61,6.12,45.02
11632,1825,2025-04-01,Apparel,47.74,0.0,0,47.74,16.71,5.72,25.31
11633,1826,2024-06-16,Electronics,224.12,0.2,0,179.3,161.37,7.69,10.24
11634,1827,2024-09-27,Electronics,153.78,0.05,0,146.09,110.72,7.19,28.18
11635,1828,2024-06-02,Electronics,380.22,0.05,0,361.21,273.76,10.42,77.03
11636,1828,2024-07-18,Apparel,29.72,0.05,0,28.24,10.4,5.42,12.42
11637,1828,2024-10-10,Apparel,40.46,0.05,0,38.43,14.16,5.58,18.69
11638,1828,2024-10-27,Accessories,28.33,0.1,0,25.5,8.5,5.38,11.62
11639,1828,2024-11-19,Accessories,52.21,0.1,0,46.99,15.66,5.7,25.63
11640,1828,2024-11-15,Electronics,189.99,0.0,0,189.99,136.79,7.85,45.35
11641,1829,2024-01-28,Apparel,67.59,0.0,0,67.59,23.66,6.01,37.92
11642,1829,2024-06-18,Electronics,229.63,0.05,0,218.14,165.33,8.27,44.54
11643,1830,2024-10-25,Accessories,33.55,0.0,0,33.55,10.06,5.5,17.99
11644,1830,2025-02-01,Accessories,31.85,0.2,0,25.48,9.55,5.38,10.55
11645,1831,2024-01-10,Home,121.07,0.1,0,108.96,58.11,6.63,44.22
11646,1831,2024-02-04,Apparel,51.18,0.05,0,48.62,17.91,5.73,24.98
11647,1831,2024-04-15,Electronics,187.84,0.1,0,169.05,135.24,7.54,26.27
11648,1831,2024-04-23,Home,98.9,0.05,0,93.96,47.47,6.41,40.08
11649,1831,2024-05-10,Electronics,219.55,0.2,0,175.64,158.08,7.63,9.93
11650,1831,2024-05-22,Home,86.2,0.1,1,0.0,0.0,13.16,-13.16
11651,1831,2024-06-14,Accessories,61.88,0.05,0,58.78,18.56,5.88,34.34
11652,1831,2024-06-18,Apparel,51.47,0.0,0,51.47,18.01,5.77,27.69
11653,1831,2024-06-11,Electronics,201.38,0.05,0,191.31,145.0,7.87,38.44
11654,1831,2024-09-05,Apparel,40.45,0.0,1,0.0,0.0,12.61,-12.61
11655,1831,2025-01-05,Apparel,45.06,0.2,0,36.05,15.77,5.54,14.74
11656,1831,2025-01-18,Apparel,27.98,0.0,0,27.98,9.79,5.42,12.77
11657,1831,2025-04-15,Home,96.29,0.05,0,91.47,46.22,6.37,38.88
11658,1831,2025-04-28,Accessories,25.69,0.05,0,24.4,7.71,5.37,11.32
11659,1832,2024-10-25,Home,128.75,0.2,0,103.0,61.8,6.54,34.66
11660,1832,2024-11-02,Accessories,55.88,0.0,0,55.88,16.77,5.84,33.27
11661,1832,2024-11-18,Apparel,95.7,0.05,1,0.0,0.0,13.36,-13.36
11662,1832,2025-04-22,Accessories,35.11,0.1,0,31.6,10.53,5.47,15.6
11663,1833,2024-09-11,Accessories,51.57,0.0,1,0.0,0.0,12.77,-12.77
11664,1833,2024-12-26,Home,63.11,0.1,0,56.8,30.29,5.85,20.66
11665,1834,2024-05-09,Apparel,77.92,0.1,0,70.13,27.27,6.05,36.81
11666,1834,2024-07-05,Home,61.83,0.0,0,61.83,29.68,5.93,26.22
11667,1834,2024-11-13,Home,130.5,0.05,0,123.98,62.64,6.86,54.48
11668,1834,2024-11-07,Home,43.23,0.2,0,34.59,20.75,5.52,8.32
11669,1834,2025-06-18,Electronics,332.63,0.2,0,266.1,239.49,8.99,17.62
11670,1835,2024-08-02,Home,147.89,0.2,0,118.31,70.99,6.77,40.55
11671,1836,2024-04-13,Apparel,52.27,0.0,1,0.0,0.0,12.78,-12.78
11672,1836,2024-04-04,Accessories,47.35,0.05,0,44.98,14.2,5.67,25.11
11673,1836,2024-06-26,Home,106.37,0.0,0,106.37,51.06,6.6,48.71
11674,1836,2024-07-09,Home,98.32,0.05,0,93.4,47.19,6.4,39.81
11675,1836,2024-07-27,Accessories,42.85,0.05,0,40.71,12.86,5.61,22.24
11676,1836,2024-08-01,Electronics,150.02,0.2,0,120.02,108.01,6.8,5.21
11677,1836,2025-01-28,Apparel,41.98,0.0,1,0.0,0.0,12.63,-12.63
11678,1836,2025-01-05,Accessories,47.49,0.2,0,38.0,14.25,5.57,18.18
11679,1837,2024-09-21,Accessories,52.75,0.2,0,42.2,15.83,5.63,20.74
11680,1837,2024-11-09,Apparel,51.79,0.1,0,46.61,18.13,5.7,22.78
11681,1837,2024-12-28,Electronics,306.1,0.1,0,275.49,220.39,9.13,45.97
11682,1837,2025-02-21,Home,67.37,0.0,0,67.37,32.34,6.01,29.02
11683,1837,2025-04-26,Apparel,73.88,0.05,0,70.18,25.86,6.05,38.27
11684,1837,2025-05-07,Apparel,93.43,0.0,0,93.43,32.7,6.4,54.33
11685,1837,2025-05-20,Accessories,44.66,0.1,0,40.2,13.4,5.6,21.2
11686,1837,2025-06-18,Accessories,50.5,0.2,0,40.4,15.15,5.61,19.64
11687,1838,2024-06-09,Accessories,45.59,0.1,0,41.03,13.68,5.62,21.73
11688,1838,2024-07-01,Accessories,28.72,0.05,0,27.29,8.62,5.41,13.26
11689,1838,2024-10-05,Apparel,59.49,0.1,1,0.0,0.0,12.8,-12.8
11690,1838,2025-03-28,Accessories,58.07,0.0,0,58.07,17.42,5.87,34.78
11691,1839,2024-01-01,Electronics,137.27,0.0,0,137.27,98.83,7.06,31.38
11692,1840,2024-06-09,Apparel,56.56,0.05,0,53.73,19.8,5.81,28.12
11693,1840,2024-07-24,Accessories,28.83,0.1,0,25.95,8.65,5.39,11.91
11694,1840,2024-07-02,Electronics,171.52,0.0,0,171.52,123.49,7.57,40.46
11695,1840,2024-08-12,Electronics,105.28,0.1,0,94.75,75.8,6.42,12.53
11696,1840,2024-09-11,Accessories,40.14,0.05,0,38.13,12.04,5.57,20.52
11697,1840,2024-09-06,Electronics,182.29,0.05,0,173.18,131.25,7.6,34.33
11698,1840,2024-10-18,Apparel,49.66,0.05,0,47.17,17.38,5.71,24.08
11699,1840,2024-11-12,Home,50.18,0.1,0,45.16,24.08,5.68,15.4
11700,1840,2024-12-09,Accessories,26.98,0.1,0,24.28,8.09,5.36,10.83
11701,1840,2025-03-07,Home,91.2,0.0,0,91.2,43.78,6.37,41.05
11702,1840,2025-03-14,Accessories,41.11,0.0,0,41.11,12.33,5.62,23.16
11703,1840,2025-03-10,Accessories,39.18,0.1,0,35.26,11.75,5.53,17.98
11704,1841,2024-08-05,Home,104.04,0.1,0,93.64,49.94,6.4,37.3
11705,1841,2024-08-07,Apparel,46.09,0.05,0,43.79,16.13,5.66,22.0
11706,1841,2025-05-22,Home,107.8,0.1,0,97.02,51.74,6.46,38.82
11707,1841,2025-05-08,Accessories,25.01,0.2,0,20.01,7.5,5.3,7.21
11708,1842,2024-10-02,Home,98.76,0.05,0,93.82,47.4,6.41,40.01
11709,1842,2024-10-11,Electronics,217.73,0.05,0,206.85,156.77,8.1,41.98
11710,1842,2024-11-08,Electronics,179.61,0.0,0,179.61,129.32,7.69,42.6
11711,1842,2024-11-17,Accessories,41.09,0.2,0,32.87,12.33,5.49,15.05
11712,1843,2024-03-07,Home,56.37,0.0,0,56.37,27.06,5.85,23.46
11713,1843,2024-05-08,Accessories,46.46,0.0,0,46.46,13.94,5.7,26.82
11714,1843,2024-06-20,Electronics,219.2,0.0,0,219.2,157.83,8.29,53.08
11715,1843,2024-08-13,Home,74.4,0.05,0,70.68,35.71,6.06,28.91
11716,1843,2024-08-28,Home,80.84,0.1,0,72.76,38.8,6.09,27.87
11717,1843,2024-09-17,Home,67.99,0.1,0,61.19,32.64,5.92,22.63
11718,1843,2024-11-03,Home,115.53,0.05,0,109.75,55.45,6.65,47.65
11719,1843,2024-12-20,Electronics,155.52,0.05,0,147.74,111.97,7.22,28.55
11720,1843,2024-12-15,Accessories,84.64,0.2,0,67.72,25.39,6.02,36.31
11721,1843,2025-02-19,Accessories,45.97,0.05,0,43.67,13.79,5.66,24.22
11722,1844,2024-05-10,Apparel,39.41,0.1,0,35.47,13.79,5.53,16.15
11723,1844,2024-05-23,Electronics,186.23,0.1,0,167.6,134.08,7.51,26.01
11724,1844,2024-06-16,Apparel,46.76,0.0,0,46.76,16.37,5.7,24.69
11725,1844,2024-08-10,Apparel,86.6,0.0,0,86.6,30.31,6.3,49.99
11726,1844,2024-08-27,Accessories,58.13,0.1,0,52.32,17.44,5.78,29.1
11727,1844,2024-09-20,Home,146.8,0.1,0,132.12,70.46,6.98,54.68
11728,1844,2024-10-02,Electronics,165.32,0.2,0,132.26,119.03,6.98,6.25
11729,1844,2024-12-16,Home,65.84,0.0,0,65.84,31.6,5.99,28.25
11730,1844,2025-02-04,Electronics,130.51,0.0,0,130.51,93.97,6.96,29.58
11731,1845,2024-10-16,Apparel,74.12,0.0,0,74.12,25.94,6.11,42.07
11732,1845,2024-11-16,Home,76.4,0.0,0,76.4,36.67,6.15,33.58
11733,1845,2025-03-05,Accessories,39.97,0.1,1,0.0,0.0,12.54,-12.54
11734,1846,2024-07-23,Accessories,34.73,0.1,0,31.25,10.42,5.47,15.36
11735,1846,2024-07-16,Apparel,39.75,0.1,0,35.78,13.91,5.54,16.33
11736,1846,2024-12-10,Electronics,195.3,0.1,0,175.77,140.62,7.64,27.51
11737,1846,2025-02-21,Home,122.17,0.05,0,116.06,58.64,6.74,50.68
11738,1847,2024-01-09,Accessories,69.37,0.1,0,62.43,20.81,5.94,35.68
11739,1847,2024-02-16,Electronics,204.73,0.05,0,194.49,147.41,7.92,39.16
11740,1847,2024-03-26,Apparel,38.28,0.0,0,38.28,13.4,5.57,19.31
11741,1847,2024-03-04,Electronics,182.99,0.2,0,146.39,131.75,7.2,7.44
11742,1847,2024-05-18,Accessories,66.57,0.0,0,66.57,19.97,6.0,40.6
11743,1847,2024-10-12,Electronics,103.14,0.0,0,103.14,74.26,6.55,22.33
11744,1847,2024-12-13,Home,88.71,0.0,0,88.71,42.58,6.33,39.8
11745,1847,2025-02-04,Electronics,151.11,0.0,0,151.11,108.8,7.27,35.04
11746,1847,2025-02-14,Accessories,76.52,0.05,0,72.7,22.96,6.09,43.65
11747,1847,2025-02-11,Apparel,47.68,0.0,0,47.68,16.69,5.72,25.27
11748,1847,2025-02-21,Home,110.53,0.1,1,0.0,0.0,13.49,-13.49
11749,1848,2024-07-11,Accessories,40.51,0.0,0,40.51,12.15,5.61,22.75
11750,1848,2024-09-20,Electronics,413.4,0.0,0,413.4,297.65,11.2,104.55
11751,1848,2024-09-09,Electronics,100.45,0.0,0,100.45,72.32,6.51,21.62
11752,1848,2025-04-04,Accessories,71.75,0.0,0,71.75,21.52,6.08,44.15
11753,1848,2025-05-04,Apparel,105.52,0.05,0,100.24,36.93,6.5,56.81
11754,1848,2025-05-27,Home,97.47,0.0,0,97.47,46.78,6.46,44.23
11755,1849,2024-07-28,Home,80.7,0.2,0,64.56,38.74,5.97,19.85
11756,1849,2024-09-23,Apparel,111.29,0.2,0,89.03,38.95,6.34,43.74
11757,1849,2024-11-11,Apparel,49.54,0.0,0,49.54,17.34,5.74,26.46
11758,1849,2024-12-21,Accessories,28.56,0.05,0,27.13,8.57,5.41,13.15
11759,1849,2025-03-19,Accessories,71.01,0.05,0,67.46,21.3,6.01,40.15
11760,1849,2025-05-25,Accessories,72.24,0.0,0,72.24,21.67,6.08,44.49
11761,1849,2025-06-05,Home,58.65,0.2,0,46.92,28.15,5.7,13.07
11762,1850,2024-07-17,Apparel,45.48,0.05,0,43.2,15.92,5.65,21.63
11763,1850,2024-08-13,Home,104.47,0.1,0,94.02,50.14,6.41,37.47
11764,1850,2024-08-17,Apparel,64.57,0.05,0,61.34,22.6,5.92,32.82
11765,1850,2024-10-14,Electronics,121.41,0.0,0,121.41,87.41,6.82,27.18
11766,1850,2024-12-10,Home,119.23,0.0,0,119.23,57.23,6.79,55.21
11767,1850,2025-01-21,Electronics,95.72,0.2,0,76.58,68.92,6.15,1.51
11768,1850,2025-02-14,Accessories,36.72,0.0,0,36.72,11.02,5.55,20.15
11769,1850,2025-03-13,Electronics,101.49,0.0,0,101.49,73.07,6.52,21.9
11770,1850,2025-05-03,Home,69.3,0.2,0,55.44,33.27,5.83,16.34
11771,1850,2025-06-26,Home,104.46,0.05,0,99.24,50.14,6.49,42.61
11772,1851,2024-08-01,Apparel,77.08,0.05,1,0.0,0.0,13.1,-13.1
11773,1851,2024-10-23,Accessories,36.53,0.2,0,29.22,10.96,5.44,12.82
11774,1851,2024-12-05,Accessories,72.44,0.0,0,72.44,21.73,6.09,44.62
11775,1851,2024-12-11,Electronics,234.53,0.2,0,187.62,168.86,7.81,10.95
11776,1851,2025-03-20,Home,42.89,0.2,0,34.31,20.59,5.51,8.21
11777,1851,2025-03-26,Home,73.85,0.1,0,66.46,35.45,6.0,25.01
11778,1851,2025-04-12,Apparel,66.05,0.0,1,0.0,0.0,12.99,-12.99
11779,1851,2025-05-02,Apparel,68.9,0.0,0,68.9,24.11,6.03,38.76
11780,1852,2024-02-10,Apparel,44.0,0.2,0,35.2,15.4,5.53,14.27
11781,1852,2024-03-18,Accessories,50.46,0.05,0,47.94,15.14,5.72,27.08
11782,1852,2024-03-14,Home,43.61,0.1,0,39.25,20.93,5.59,12.73
11783,1852,2024-08-05,Electronics,169.81,0.1,0,152.83,122.26,7.29,23.28
11784,1852,2024-12-17,Electronics,382.77,0.0,0,382.77,275.59,10.74,96.44
11785,1852,2024-12-25,Electronics,270.07,0.05,0,256.56,194.45,8.85,53.26
11786,1853,2024-10-16,Electronics,227.47,0.05,0,216.1,163.78,8.24,44.08
11787,1853,2025-01-08,Home,82.73,0.1,0,74.46,39.71,6.12,28.63
11788,1853,2025-01-27,Electronics,434.92,0.2,0,347.94,313.14,10.22,24.58
11789,1853,2025-02-05,Home,93.08,0.0,0,93.08,44.68,6.4,42.0
11790,1853,2025-04-08,Accessories,75.16,0.2,0,60.13,22.55,5.9,31.68
11791,1853,2025-06-25,Apparel,72.33,0.0,0,72.33,25.32,6.08,40.93
11792,1853,2025-06-09,Apparel,38.34,0.1,0,34.51,13.42,5.52,15.57
11793,1854,2024-09-26,Home,145.87,0.0,0,145.87,70.02,7.19,68.66
11794,1854,2024-09-16,Apparel,63.35,0.05,0,60.18,22.17,5.9,32.11
11795,1854,2025-02-23,Electronics,130.49,0.2,0,104.39,93.95,6.57,3.87
11796,1855,2024-01-24,Electronics,175.66,0.2,0,140.53,126.48,7.11,6.94
11797,1855,2024-02-20,Electronics,135.24,0.0,0,135.24,97.37,7.03,30.84
11798,1856,2024-09-01,Apparel,68.11,0.05,0,64.7,23.84,5.97,34.89
11799,1856,2024-10-21,Accessories,28.83,0.05,0,27.39,8.65,5.41,13.33
11800,1856,2024-11-26,Apparel,64.09,0.0,0,64.09,22.43,5.96,35.7
11801,1856,2025-02-08,Apparel,75.54,0.1,0,67.98,26.44,6.02,35.52
11802,1856,2025-04-05,Apparel,121.21,0.2,0,96.97,42.42,6.45,48.1
11803,1856,2025-06-21,Electronics,187.93,0.0,0,187.93,135.31,7.82,44.8
11804,1857,2025-05-16,Home,61.85,0.0,0,61.85,29.69,5.93,26.23
11805,1857,2025-05-10,Accessories,77.2,0.0,0,77.2,23.16,6.16,47.88
11806,1858,2024-02-06,Accessories,44.36,0.2,0,35.49,13.31,5.53,16.65
11807,1858,2024-05-22,Home,76.68,0.1,0,69.01,36.81,6.04,26.16
11808,1858,2024-06-07,Apparel,46.29,0.1,1,0.0,0.0,12.62,-12.62
11809,1858,2024-12-23,Electronics,126.93,0.05,0,120.58,91.39,6.81,22.38
11810,1858,2025-04-06,Accessories,31.9,0.0,0,31.9,9.57,5.48,16.85
11811,1858,2025-06-27,Electronics,127.35,0.1,0,114.62,91.69,6.72,16.21
11812,1859,2024-06-09,Electronics,155.58,0.0,0,155.58,112.02,7.33,36.23
11813,1859,2025-01-08,Home,62.53,0.1,0,56.28,30.01,5.84,20.43
11814,1860,2024-08-21,Apparel,75.22,0.1,0,67.7,26.33,6.02,35.35
11815,1863,2024-12-28,Apparel,79.39,0.2,0,63.51,27.79,5.95,29.77
11816,1863,2025-01-12,Accessories,44.46,0.1,0,40.02,13.34,5.6,21.08
11817,1863,2025-03-10,Accessories,60.26,0.05,0,57.25,18.08,5.86,33.31
11818,1863,2025-03-11,Home,74.54,0.05,0,70.82,35.78,6.06,28.98
11819,1864,2024-08-02,Accessories,27.9,0.0,0,27.9,8.37,5.42,14.11
11820,1864,2024-11-08,Apparel,64.85,0.0,1,0.0,0.0,12.97,-12.97
11821,1864,2025-05-27,Apparel,48.22,0.2,0,38.57,16.88,5.58,16.11
11822,1864,2025-05-03,Electronics,243.13,0.05,0,230.97,175.05,8.46,47.46
11823,1864,2025-06-08,Accessories,23.26,0.05,1,0.0,0.0,12.33,-12.33
11824,1865,2024-10-06,Home,123.98,0.2,0,99.18,59.51,6.49,33.18
11825,1865,2024-10-06,Electronics,309.4,0.05,0,293.93,222.76,9.41,61.76
11826,1865,2025-01-12,Accessories,39.6,0.05,0,37.62,11.88,5.56,20.18
11827,1865,2025-02-25,Accessories,52.93,0.1,0,47.64,15.88,5.71,26.05
11828,1865,2025-04-18,Electronics,434.7,0.1,1,0.0,0.0,17.87,-17.87
11829,1865,2025-05-11,Electronics,226.06,0.0,0,226.06,162.76,8.39,54.91
11830,1865,2025-06-03,Home,70.24,0.1,0,63.22,33.72,5.95,23.55
11831,1866,2024-08-19,Accessories,56.08,0.2,0,44.86,16.82,5.67,22.37
11832,1866,2024-08-02,Electronics,243.42,0.0,0,243.42,175.26,8.65,59.51
11833,1866,2024-09-11,Apparel,53.95,0.0,0,53.95,18.88,5.81,29.26
11834,1866,2024-12-18,Electronics,179.57,0.0,0,179.57,129.29,7.69,42.59
11835,1866,2024-12-12,Apparel,24.03,0.0,0,24.03,8.41,5.36,10.26
11836,1866,2025-01-05,Accessories,36.53,0.1,1,0.0,0.0,12.49,-12.49
11837,1866,2025-03-23,Home,104.03,0.1,0,93.63,49.94,6.4,37.29
11838,1866,2025-05-01,Electronics,194.96,0.2,0,155.96,140.37,7.34,8.25
11839,1866,2025-05-11,Accessories,44.63,0.05,0,42.4,13.39,5.64,23.37
11840,1867,2024-03-25,Electronics,208.01,0.1,1,0.0,0.0,14.81,-14.81
11841,1867,2024-05-06,Home,99.69,0.0,0,99.69,47.85,6.5,45.34
11842,1867,2024-05-03,Apparel,51.69,0.1,0,46.52,18.09,5.7,22.73
11843,1867,2024-05-28,Accessories,14.48,0.2,0,11.58,4.34,5.17,2.07
11844,1867,2024-06-27,Electronics,258.41,0.2,0,206.72,186.05,8.1,12.57
11845,1867,2024-08-10,Electronics,257.99,0.1,0,232.19,185.75,8.48,37.96
11846,1867,2024-08-04,Accessories,76.47,0.05,0,72.65,22.94,6.09,43.62
11847,1867,2025-03-02,Home,59.65,0.0,0,59.65,28.63,5.89,25.13
11848,1867,2025-03-20,Apparel,49.08,0.0,0,49.08,17.18,5.74,26.16
11849,1867,2025-04-03,Accessories,54.83,0.05,0,52.09,16.45,5.78,29.86
11850,1867,2025-04-17,Home,137.21,0.0,0,137.21,65.86,7.06,64.29
11851,1867,2025-06-07,Apparel,47.88,0.1,1,0.0,0.0,12.65,-12.65
11852,1868,2024-07-13,Apparel,51.26,0.1,0,46.14,17.94,5.69,22.51
11853,1868,2024-07-02,Accessories,24.92,0.2,0,19.94,7.48,5.3,7.16
11854,1868,2024-09-02,Accessories,24.02,0.1,0,21.61,7.2,5.32,9.09
11855,1868,2025-04-02,Accessories,29.07,0.0,0,29.07,8.72,5.44,14.91
11856,1868,2025-05-02,Apparel,51.06,0.1,0,45.96,17.87,5.69,22.4
11857,1868,2025-05-20,Apparel,48.21,0.1,0,43.38,16.87,5.65,20.86
11858,1869,2024-10-04,Home,119.87,0.0,0,119.87,57.54,6.8,55.53
11859,1869,2025-03-07,Apparel,41.95,0.0,0,41.95,14.68,5.63,21.64
11860,1869,2025-05-03,Apparel,109.04,0.05,0,103.59,38.17,6.55,58.87
11861,1870,2024-09-16,Accessories,48.91,0.0,0,48.91,14.67,5.73,28.51
11862,1870,2024-09-04,Electronics,450.44,0.05,0,427.92,324.31,11.42,92.19
11863,1870,2025-02-27,Electronics,208.77,0.2,0,167.02,150.32,7.51,9.19
11864,1870,2025-03-10,Home,59.27,0.05,0,56.31,28.45,5.84,22.02
11865,1871,2024-10-02,Home,89.99,0.0,0,89.99,43.19,6.35,40.45
11866,1871,2024-11-27,Apparel,65.41,0.05,0,62.14,22.89,5.93,33.32
11867,1871,2024-11-14,Apparel,79.32,0.2,0,63.45,27.76,5.95,29.74
11868,1871,2025-01-27,Home,78.43,0.05,0,74.51,37.64,6.12,30.75
11869,1871,2025-03-13,Apparel,38.37,0.1,0,34.53,13.43,5.52,15.58
11870,1871,2025-04-07,Apparel,110.92,0.05,0,105.38,38.82,6.58,59.98
11871,1872,2024-08-11,Accessories,37.05,0.0,0,37.05,11.12,5.56,20.37
11872,1872,2024-10-06,Apparel,73.77,0.0,0,73.77,25.82,6.11,41.84
11873,1873,2024-10-28,Home,43.54,0.05,0,41.36,20.9,5.62,14.84
11874,1874,2024-08-10,Home,57.59,0.05,0,54.71,27.65,5.82,21.24
11875,1874,2024-09-25,Electronics,139.73,0.1,0,125.76,100.61,6.89,18.26
11876,1874,2025-02-21,Apparel,79.3,0.05,0,75.34,27.76,6.13,41.45
11877,1874,2025-03-21,Accessories,20.65,0.1,0,18.58,6.19,5.28,7.11
11878,1875,2024-11-16,Apparel,63.32,0.0,0,63.32,22.16,5.95,35.21
11879,1875,2024-12-27,Apparel,46.59,0.1,1,0.0,0.0,12.63,-12.63
11880,1875,2025-03-27,Electronics,192.49,0.0,0,192.49,138.59,7.89,46.01
11881,1876,2024-05-22,Accessories,52.32,0.1,0,47.08,15.69,5.71,25.68
11882,1876,2024-06-02,Electronics,334.52,0.2,0,267.62,240.85,9.01,17.76
11883,1876,2024-09-13,Accessories,35.86,0.1,0,32.27,10.76,5.48,16.03
11884,1876,2024-10-07,Home,115.85,0.0,1,0.0,0.0,13.74,-13.74
11885,1876,2025-01-11,Apparel,74.89,0.0,1,0.0,0.0,13.12,-13.12
11886,1876,2025-03-07,Apparel,44.7,0.2,0,35.76,15.64,5.54,14.58
11887,1877,2024-01-28,Accessories,57.39,0.1,0,51.65,17.22,5.77,28.66
11888,1877,2024-01-04,Accessories,35.73,0.05,0,33.94,10.72,5.51,17.71
11889,1877,2024-02-27,Home,163.23,0.05,0,155.07,78.35,7.33,69.39
11890,1877,2024-02-15,Apparel,87.07,0.05,0,82.72,30.47,6.24,46.01
11891,1877,2024-04-15,Home,80.17,0.0,0,80.17,38.48,6.2,35.49
11892,1877,2024-05-07,Apparel,122.54,0.1,0,110.29,42.89,6.65,60.75
11893,1877,2024-07-14,Home,198.39,0.0,0,198.39,95.23,7.98,95.18
11894,1877,2024-08-02,Home,95.74,0.1,0,86.16,45.95,6.29,33.92
11895,1877,2024-09-16,Home,83.25,0.0,0,83.25,39.96,6.25,37.04
11896,1877,2024-10-12,Accessories,47.01,0.05,0,44.66,14.1,5.67,24.89
11897,1877,2024-10-15,Electronics,214.18,0.1,0,192.76,154.21,7.89,30.66
11898,1877,2024-12-27,Electronics,114.85,0.1,1,0.0,0.0,13.55,-13.55
11899,1877,2024-12-20,Accessories,45.7,0.1,0,41.13,13.71,5.62,21.8
11900,1877,2025-03-25,Accessories,46.05,0.0,0,46.05,13.81,5.69,26.55
11901,1877,2025-03-02,Accessories,40.65,0.1,0,36.58,12.19,5.55,18.84
11902,1877,2025-04-06,Accessories,60.23,0.1,1,0.0,0.0,12.81,-12.81
11903,1878,2024-01-03,Accessories,42.34,0.1,0,38.11,12.7,5.57,19.84
11904,1879,2024-05-07,Electronics,217.26,0.1,0,195.53,156.43,7.93,31.17
11905,1879,2024-05-15,Accessories,37.59,0.1,0,33.83,11.28,5.51,17.04
11906,1879,2024-07-13,Electronics,195.06,0.2,0,156.05,140.44,7.34,8.27
11907,1879,2024-08-17,Accessories,41.74,0.05,0,39.65,12.52,5.59,21.54
11908,1879,2024-10-01,Electronics,262.34,0.05,1,0.0,0.0,15.74,-15.74
11909,1879,2024-11-18,Accessories,38.63,0.2,0,30.9,11.59,5.46,13.85
11910,1879,2025-01-24,Electronics,228.25,0.0,0,228.25,164.34,8.42,55.49
11911,1879,2025-03-20,Electronics,224.87,0.1,0,202.38,161.9,8.04,32.44
11912,1879,2025-06-18,Apparel,67.35,0.0,0,67.35,23.57,6.01,37.77
11913,1880,2024-06-06,Home,83.07,0.05,0,78.91,39.87,6.18,32.86
11914,1880,2025-06-24,Accessories,30.31,0.1,0,27.28,9.09,5.41,12.78
11915,1881,2024-09-26,Home,144.28,0.05,0,137.07,69.26,7.06,60.75
11916,1881,2024-11-26,Electronics,304.61,0.05,0,289.38,219.32,9.34,60.72
11917,1881,2024-11-04,Accessories,38.0,0.2,0,30.4,11.4,5.46,13.54
11918,1881,2024-12-21,Electronics,203.49,0.1,0,183.14,146.52,7.75,28.87
11919,1881,2025-01-13,Electronics,414.66,0.1,0,373.19,298.55,10.6,64.04
11920,1881,2025-02-19,Apparel,87.04,0.1,0,78.34,30.46,6.18,41.7
11921,1881,2025-03-18,Electronics,285.37,0.2,0,228.3,205.47,8.42,14.41
11922,1881,2025-04-27,Home,97.67,0.2,0,78.14,46.88,6.17,25.09
11923,1881,2025-04-24,Apparel,118.33,0.0,0,118.33,41.42,6.77,70.14
11924,1881,2025-06-12,Accessories,28.23,0.05,0,26.82,8.47,5.4,12.95
11925,1881,2025-06-11,Electronics,278.17,0.0,0,278.17,200.28,9.17,68.72
11926,1882,2024-01-05,Home,164.5,0.1,0,148.05,78.96,7.22,61.87
11927,1882,2024-05-11,Apparel,47.13,0.05,1,0.0,0.0,12.67,-12.67
11928,1882,2024-07-18,Apparel,62.98,0.05,0,59.83,22.04,5.9,31.89
11929,1882,2024-09-27,Home,64.6,0.2,0,51.68,31.01,5.78,14.89
11930,1882,2024-12-20,Apparel,51.94,0.0,0,51.94,18.18,5.78,27.98
11931,1882,2025-02-07,Accessories,36.06,0.0,0,36.06,10.82,5.54,19.7
11932,1882,2025-05-22,Home,72.17,0.05,0,68.56,34.64,6.03,27.89
11933,1882,2025-06-20,Apparel,24.79,0.1,0,22.31,8.68,5.33,8.3
11934,1882,2025-06-01,Home,80.02,0.05,0,76.02,38.41,6.14,31.47
11935,1883,2024-02-16,Home,124.73,0.1,0,112.25,59.87,6.68,45.7
11936,1883,2024-03-05,Electronics,193.43,0.2,0,154.74,139.27,7.32,8.15
11937,1883,2024-04-17,Electronics,169.87,0.1,1,0.0,0.0,14.29,-14.29
11938,1883,2024-04-07,Accessories,37.45,0.0,0,37.45,11.23,5.56,20.66
11939,1883,2024-05-11,Accessories,20.36,0.2,0,16.29,6.11,5.24,4.94
11940,1883,2024-05-21,Electronics,740.88,0.05,0,703.84,533.43,15.56,154.85
11941,1883,2024-06-06,Apparel,101.49,0.0,0,101.49,35.52,6.52,59.45
11942,1883,2024-08-13,Home,109.0,0.0,0,109.0,52.32,6.64,50.04
11943,1883,2024-08-19,Electronics,200.08,0.05,0,190.08,144.06,7.85,38.17
11944,1883,2024-08-14,Apparel,75.53,0.0,0,75.53,26.43,6.13,42.97
11945,1883,2025-06-02,Electronics,148.18,0.1,0,133.36,106.69,7.0,19.67
11946,1884,2024-06-01,Home,69.51,0.1,0,62.56,33.37,5.94,23.25
11947,1884,2024-06-01,Electronics,300.62,0.2,0,240.5,216.45,8.61,15.44
11948,1884,2024-07-17,Apparel,49.65,0.2,0,39.72,17.38,5.6,16.74
11949,1884,2024-07-27,Accessories,50.79,0.2,0,40.63,15.24,5.61,19.78
11950,1884,2024-10-02,Apparel,68.27,0.1,0,61.44,23.9,5.92,31.62
11951,1884,2024-10-15,Home,125.71,0.05,0,119.43,60.34,6.79,52.3
11952,1885,2024-10-21,Electronics,136.6,0.0,0,136.6,98.35,7.05,31.2
11953,1885,2024-10-18,Apparel,70.68,0.0,0,70.68,24.74,6.06,39.88
11954,1885,2024-10-21,Electronics,173.64,0.1,0,156.28,125.02,7.34,23.92
11955,1886,2024-10-17,Electronics,271.5,0.1,0,244.35,195.48,8.67,40.2
11956,1886,2024-10-15,Accessories,41.85,0.05,0,39.76,12.56,5.6,21.6
11957,1886,2024-11-07,Electronics,268.97,0.05,0,255.52,193.65,8.83,53.04
11958,1886,2025-03-28,Home,112.32,0.1,0,101.09,53.91,6.52,40.66
11959,1886,2025-06-19,Accessories,38.82,0.0,0,38.82,11.65,5.58,21.59
11960,1887,2024-07-16,Apparel,80.25,0.0,0,80.25,28.09,6.2,45.96
11961,1887,2024-08-17,Home,72.47,0.0,0,72.47,34.79,6.09,31.59
11962,1887,2024-09-06,Home,140.97,0.0,0,140.97,67.67,7.11,66.19
11963,1887,2024-10-13,Apparel,106.02,0.0,0,106.02,37.11,6.59,62.32
11964,1887,2024-12-08,Accessories,28.37,0.0,0,28.37,8.51,5.43,14.43
11965,1887,2025-01-06,Apparel,65.46,0.05,0,62.18,22.91,5.93,33.34
11966,1887,2025-01-01,Electronics,236.39,0.0,0,236.39,170.2,8.55,57.64
11967,1887,2025-01-27,Electronics,103.95,0.2,0,83.16,74.85,6.25,2.06
11968,1887,2025-03-12,Home,148.65,0.05,1,0.0,0.0,14.12,-14.12
11969,1887,2025-04-18,Apparel,65.09,0.0,0,65.09,22.78,5.98,36.33
11970,1887,2025-05-26,Electronics,310.84,0.0,0,310.84,223.8,9.66,77.38
11971,1888,2024-09-11,Electronics,165.38,0.1,1,0.0,0.0,14.23,-14.23
11972,1888,2024-10-26,Home,118.73,0.0,0,118.73,56.99,6.78,54.96
11973,1888,2024-11-21,Electronics,134.17,0.2,0,107.34,96.6,6.61,4.13
11974,1888,2025-01-03,Electronics,265.13,0.1,0,238.62,190.9,8.58,39.14
11975,1888,2025-01-08,Accessories,75.72,0.0,0,75.72,22.71,6.14,46.87
11976,1888,2025-01-11,Electronics,284.57,0.05,0,270.34,204.89,9.06,56.39
11977,1888,2025-03-16,Apparel,35.71,0.2,0,28.56,12.5,5.43,10.63
11978,1888,2025-05-26,Accessories,75.35,0.05,0,71.58,22.6,6.07,42.91
11979,1889,2025-01-06,Electronics,201.19,0.05,0,191.13,144.86,7.87,38.4
11980,1890,2024-03-04,Accessories,48.87,0.0,0,48.87,14.66,5.73,28.48
11981,1890,2024-06-23,Electronics,167.08,0.2,0,133.67,120.3,7.01,6.36
11982,1890,2024-08-13,Accessories,42.54,0.1,0,38.29,12.76,5.57,19.96
11983,1891,2024-09-03,Home,146.26,0.1,0,131.64,70.21,6.97,54.46
11984,1891,2024-10-13,Home,129.9,0.1,0,116.91,62.35,6.75,47.81
11985,1891,2024-11-17,Accessories,62.76,0.05,0,59.63,18.83,5.89,34.91
11986,1891,2024-11-20,Electronics,255.4,0.1,1,0.0,0.0,15.45,-15.45
11987,1891,2024-11-14,Accessories,86.19,0.2,1,0.0,0.0,13.03,-13.03
11988,1891,2024-12-25,Apparel,43.18,0.1,0,38.87,15.11,5.58,18.18
11989,1891,2025-01-16,Accessories,70.66,0.05,0,67.12,21.2,6.01,39.91
11990,1891,2025-03-17,Electronics,173.99,0.0,1,0.0,0.0,14.61,-14.61
11991,1891,2025-05-22,Accessories,46.32,0.0,0,46.32,13.9,5.69,26.73
11992,1891,2025-06-09,Apparel,51.12,0.0,0,51.12,17.89,5.77,27.46
11993,1892,2024-05-17,Electronics,314.28,0.2,1,0.0,0.0,15.77,-15.77
11994,1892,2024-05-27,Apparel,33.34,0.2,0,26.67,11.67,5.4,9.6
11995,1892,2024-06-16,Accessories,48.13,0.1,0,43.32,14.44,5.65,23.23
11996,1892,2024-07-04,Accessories,37.81,0.0,1,0.0,0.0,12.57,-12.57
11997,1892,2024-11-16,Home,102.95,0.0,0,102.95,49.42,6.54,46.99
11998,1893,2024-06-06,Electronics,124.32,0.2,0,99.45,89.51,6.49,3.45
11999,1893,2024-07-26,Accessories,38.39,0.0,0,38.39,11.52,5.58,21.29
12000,1893,2024-08-08,Home,60.78,0.1,0,54.7,29.17,5.82,19.71
12001,1893,2024-08-10,Electronics,380.05,0.1,1,0.0,0.0,17.13,-17.13
12002,1893,2025-03-08,Accessories,40.37,0.05,0,38.35,12.11,5.58,20.66
12003,1893,2025-04-21,Electronics,129.67,0.1,0,116.71,93.37,6.75,16.59
12004,1893,2025-04-10,Apparel,26.3,0.05,1,0.0,0.0,12.37,-12.37
12005,1893,2025-06-17,Accessories,19.73,0.1,0,17.75,5.92,5.27,6.56
12006,1894,2024-01-21,Accessories,47.5,0.2,0,38.0,14.25,5.57,18.18
12007,1895,2024-01-12,Electronics,333.37,0.05,0,316.7,240.03,9.75,66.92
12008,1895,2024-02-24,Accessories,39.96,0.1,0,35.96,11.99,5.54,18.43
12009,1895,2024-03-22,Apparel,76.57,0.0,0,76.57,26.8,6.15,43.62
12010,1895,2024-03-06,Apparel,58.4,0.0,0,58.4,20.44,5.88,32.08
12011,1895,2024-03-14,Accessories,25.62,0.05,0,24.34,7.69,5.37,11.28
12012,1895,2024-04-20,Apparel,67.26,0.05,1,0.0,0.0,12.96,-12.96
12013,1895,2024-05-19,Electronics,130.31,0.05,0,123.8,93.83,6.86,23.11
12014,1895,2024-05-02,Accessories,136.6,0.05,1,0.0,0.0,13.95,-13.95
12015,1895,2024-07-26,Home,62.52,0.05,0,59.4,30.01,5.89,23.5
12016,1895,2024-08-22,Home,101.18,0.0,0,101.18,48.56,6.52,46.1
12017,1895,2025-01-09,Electronics,170.5,0.1,0,153.45,122.76,7.3,23.39
12018,1895,2025-01-18,Apparel,73.73,0.05,0,70.04,25.81,6.05,38.18
12019,1895,2025-02-12,Accessories,69.13,0.05,0,65.67,20.74,5.99,38.94
12020,1895,2025-03-23,Apparel,42.38,0.0,0,42.38,14.83,5.64,21.91
12021,1895,2025-03-13,Apparel,21.69,0.05,0,20.61,7.59,5.31,7.71
12022,1895,2025-04-02,Accessories,27.37,0.2,0,21.89,8.21,5.33,8.35
12023,1895,2025-05-09,Home,64.7,0.1,0,58.23,31.05,5.87,21.31
12024,1896,2024-09-12,Home,83.14,0.0,0,83.14,39.91,6.25,36.98
12025,1896,2025-03-25,Electronics,279.19,0.05,1,0.0,0.0,15.98,-15.98
12026,1896,2025-03-06,Apparel,84.18,0.05,1,0.0,0.0,13.2,-13.2
12027,1896,2025-03-02,Home,44.41,0.0,0,44.41,21.32,5.67,17.42
12028,1896,2025-05-16,Home,57.27,0.05,0,54.4,27.49,5.82,21.09
12029,1897,2024-05-24,Electronics,270.57,0.0,0,270.57,194.81,9.06,66.7
12030,1897,2024-07-02,Apparel,71.32,0.2,0,57.06,24.96,5.86,26.24
12031,1897,2024-08-25,Apparel,21.41,0.2,0,17.13,7.49,5.26,4.38
12032,1897,2024-09-07,Accessories,31.25,0.0,0,31.25,9.38,5.47,16.4
12033,1897,2024-09-26,Accessories,59.57,0.05,0,56.6,17.87,5.85,32.88
12034,1897,2024-11-16,Accessories,61.27,0.1,0,55.15,18.38,5.83,30.94
12035,1897,2024-12-15,Electronics,272.12,0.05,0,258.51,195.93,8.88,53.7
12036,1897,2025-03-06,Apparel,45.86,0.0,0,45.86,16.05,5.69,24.12
12037,1897,2025-05-23,Apparel,74.23,0.05,0,70.52,25.98,6.06,38.48
12038,1897,2025-05-20,Accessories,40.81,0.05,0,38.77,12.24,5.58,20.95
12039,1897,2025-06-02,Apparel,48.6,0.0,0,48.6,17.01,5.73,25.86
12040,1898,2024-06-13,Home,118.26,0.05,0,112.35,56.77,6.69,48.89
12041,1898,2024-07-05,Apparel,80.93,0.05,0,76.88,28.32,6.15,42.41
12042,1898,2024-11-02,Apparel,63.2,0.0,0,63.2,22.12,5.95,35.13
12043,1898,2024-12-11,Accessories,23.53,0.1,0,21.17,7.06,5.32,8.79
12044,1899,2024-10-12,Accessories,42.25,0.0,0,42.25,12.67,5.63,23.95
12045,1899,2024-11-07,Electronics,157.92,0.0,1,0.0,0.0,14.37,-14.37
12046,1899,2024-12-07,Electronics,304.72,0.0,0,304.72,219.4,9.57,75.75
12047,1899,2025-01-26,Apparel,68.16,0.0,0,68.16,23.86,6.02,38.28
12048,1899,2025-02-19,Accessories,76.84,0.05,0,72.99,23.05,6.09,43.85
12049,1899,2025-02-11,Accessories,46.92,0.0,0,46.92,14.08,5.7,27.14
12050,1899,2025-02-24,Electronics,139.35,0.0,0,139.35,100.33,7.09,31.93
12051,1899,2025-03-05,Electronics,148.14,0.1,1,0.0,0.0,14.0,-14.0
12052,1899,2025-04-12,Home,206.2,0.05,0,195.89,98.98,7.94,88.97
12053,1899,2025-04-07,Accessories,52.75,0.1,0,47.47,15.82,5.71,25.94
12054,1899,2025-06-19,Accessories,30.43,0.05,0,28.91,9.13,5.43,14.35
12055,1899,2025-06-03,Home,75.07,0.1,0,67.57,36.03,6.01,25.53
12056,1900,2024-10-16,Apparel,66.39,0.0,0,66.39,23.24,6.0,37.15
12057,1900,2024-11-16,Accessories,57.26,0.05,0,54.4,17.18,5.82,31.4
12058,1900,2024-11-21,Apparel,110.18,0.0,0,110.18,38.56,6.65,64.97
12059,1900,2025-03-01,Accessories,51.97,0.0,0,51.97,15.59,5.78,30.6
12060,1901,2024-01-27,Apparel,31.28,0.0,0,31.28,10.95,5.47,14.86
12061,1901,2024-03-01,Electronics,208.62,0.0,0,208.62,150.2,8.13,50.29
12062,1901,2024-05-12,Home,76.17,0.1,0,68.55,36.56,6.03,25.96
12063,1901,2024-06-22,Electronics,165.42,0.2,0,132.34,119.1,6.99,6.25
12064,1901,2024-07-14,Accessories,63.22,0.1,0,56.9,18.97,5.85,32.08
12065,1901,2024-08-18,Apparel,68.57,0.1,0,61.71,24.0,5.93,31.78
12066,1901,2024-10-02,Home,88.97,0.05,0,84.52,42.71,6.27,35.54
12067,1901,2024-11-21,Accessories,55.83,0.2,0,44.66,16.75,5.67,22.24
12068,1901,2024-11-19,Accessories,41.46,0.0,0,41.46,12.44,5.62,23.4
12069,1901,2024-11-15,Apparel,41.3,0.2,0,33.04,14.45,5.5,13.09
12070,1901,2025-02-24,Accessories,43.86,0.1,0,39.48,13.16,5.59,20.73
12071,1901,2025-05-01,Apparel,65.99,0.2,0,52.79,23.1,5.79,23.9
12072,1902,2024-07-23,Apparel,31.85,0.05,0,30.26,11.15,5.45,13.66
12073,1902,2024-11-15,Electronics,99.89,0.2,0,79.91,71.92,6.2,1.79
12074,1903,2024-09-27,Electronics,127.76,0.1,0,114.98,91.99,6.72,16.27
12075,1904,2024-10-13,Electronics,235.72,0.0,0,235.72,169.72,8.54,57.46
12076,1904,2024-11-16,Electronics,241.54,0.2,0,193.23,173.91,7.9,11.42
12077,1904,2024-12-26,Electronics,159.08,0.0,0,159.08,114.54,7.39,37.15
12078,1904,2025-03-11,Home,51.67,0.0,0,51.67,24.8,5.78,21.09
12079,1904,2025-03-10,Accessories,35.76,0.1,0,32.19,10.73,5.48,15.98
12080,1904,2025-05-21,Electronics,216.28,0.0,0,216.28,155.72,8.24,52.32
12081,1905,2024-06-02,Electronics,121.65,0.1,0,109.48,87.59,6.64,15.25
12082,1905,2024-11-12,Home,67.54,0.1,1,0.0,0.0,12.91,-12.91
12083,1905,2024-12-09,Apparel,88.88,0.1,0,80.0,31.11,6.2,42.69
12084,1905,2024-12-13,Accessories,31.69,0.1,0,28.52,9.51,5.43,13.58
12085,1905,2025-03-12,Home,97.24,0.0,0,97.24,46.68,6.46,44.1
12086,1905,2025-05-27,Electronics,158.7,0.05,0,150.77,114.26,7.26,29.25
12087,1906,2024-01-17,Home,96.02,0.0,0,96.02,46.09,6.44,43.49
12088,1906,2024-01-18,Accessories,39.51,0.0,0,39.51,11.85,5.59,22.07
12089,1906,2024-07-17,Home,126.91,0.05,0,120.57,60.92,6.81,52.84
12090,1906,2024-07-13,Home,53.08,0.05,0,50.42,25.48,5.76,19.18
12091,1906,2024-10-17,Electronics,152.42,0.0,0,152.42,109.74,7.29,35.39
12092,1907,2024-05-20,Electronics,193.62,0.2,0,154.9,139.41,7.32,8.17
12093,1907,2024-05-19,Home,58.58,0.0,0,58.58,28.12,5.88,24.58
12094,1907,2024-05-18,Electronics,287.57,0.1,0,258.81,207.05,8.88,42.88
12095,1907,2024-06-06,Apparel,74.38,0.05,0,70.66,26.03,6.06,38.57
12096,1907,2024-07-20,Accessories,35.29,0.2,0,28.23,10.59,5.42,12.22
12097,1907,2024-08-07,Apparel,68.35,0.05,1,0.0,0.0,12.97,-12.97
12098,1907,2024-08-13,Accessories,38.02,0.05,0,36.11,11.4,5.54,19.17
12099,1907,2024-09-08,Electronics,174.49,0.0,0,174.49,125.63,7.62,41.24
12100,1907,2024-11-07,Electronics,173.45,0.0,0,173.45,124.89,7.6,40.96
12101,1907,2024-12-22,Electronics,180.42,0.2,0,144.33,129.9,7.16,7.27
12102,1907,2025-01-25,Apparel,70.93,0.1,0,63.84,24.83,5.96,33.05
12103,1907,2025-02-17,Apparel,117.99,0.1,0,106.19,41.3,6.59,58.3
12104,1907,2025-05-04,Home,85.45,0.0,0,85.45,41.01,6.28,38.16
12105,1908,2024-09-05,Home,148.35,0.05,0,140.93,71.21,7.11,62.61
12106,1908,2024-09-25,Accessories,41.89,0.05,0,39.8,12.57,5.6,21.63
12107,1908,2025-01-03,Electronics,201.0,0.05,0,190.95,144.72,7.86,38.37
12108,1908,2025-01-18,Home,65.11,0.0,1,0.0,0.0,12.98,-12.98
12109,1908,2025-05-15,Home,92.19,0.2,0,73.75,44.25,6.11,23.39
12110,1909,2024-04-17,Electronics,148.86,0.2,1,0.0,0.0,13.79,-13.79
12111,1909,2024-07-27,Home,115.55,0.05,0,109.77,55.46,6.65,47.66
12112,1909,2025-05-28,Home,103.31,0.0,0,103.31,49.59,6.55,47.17
12113,1909,2025-05-06,Apparel,89.9,0.2,1,0.0,0.0,13.08,-13.08
12114,1909,2025-05-19,Electronics,275.44,0.0,0,275.44,198.32,9.13,67.99
12115,1909,2025-05-09,Apparel,39.14,0.05,0,37.19,13.7,5.56,17.93
12116,1910,2024-01-14,Electronics,114.95,0.0,0,114.95,82.77,6.72,25.46
12117,1910,2024-03-16,Accessories,39.52,0.1,1,0.0,0.0,12.53,-12.53
12118,1910,2024-05-19,Accessories,26.75,0.1,0,24.07,8.02,5.36,10.69
12119,1910,2024-06-01,Home,72.4,0.05,0,68.78,34.75,6.03,28.0
12120,1910,2024-07-09,Apparel,51.51,0.0,0,51.51,18.03,5.77,27.71
12121,1910,2024-08-21,Home,108.46,0.05,0,103.03,52.06,6.55,44.42
12122,1910,2024-10-21,Electronics,206.92,0.05,0,196.57,148.98,7.95,39.64
12123,1910,2024-11-26,Home,100.29,0.05,0,95.28,48.14,6.43,40.71
12124,1910,2024-11-21,Apparel,49.25,0.0,0,49.25,17.24,5.74,26.27
12125,1910,2025-02-07,Apparel,91.28,0.1,1,0.0,0.0,13.23,-13.23
12126,1910,2025-06-25,Electronics,115.22,0.05,0,109.46,82.96,6.64,19.86
12127,1911,2024-04-19,Accessories,26.5,0.05,0,25.17,7.95,5.38,11.84
12128,1911,2024-04-12,Accessories,99.82,0.1,0,89.84,29.95,6.35,53.54
12129,1911,2024-06-21,Electronics,398.3,0.05,0,378.38,286.78,10.68,80.92
12130,1911,2024-07-16,Electronics,254.2,0.1,0,228.78,183.03,8.43,37.32
12131,1911,2024-07-14,Home,231.05,0.0,0,231.05,110.9,8.47,111.68
12132,1911,2024-08-02,Accessories,31.71,0.05,0,30.13,9.51,5.45,15.17
12133,1911,2024-09-01,Electronics,191.32,0.0,1,0.0,0.0,14.87,-14.87
12134,1911,2024-10-03,Electronics,181.52,0.1,0,163.36,130.69,7.45,25.22
12135,1911,2025-04-05,Electronics,166.84,0.2,0,133.47,120.12,7.0,6.35
12136,1911,2025-04-10,Accessories,43.63,0.2,0,34.91,13.09,5.52,16.3
12137,1912,2024-05-11,Accessories,23.9,0.1,0,21.51,7.17,5.32,9.02
12138,1913,2024-10-06,Electronics,414.78,0.05,0,394.04,298.64,10.91,84.49
12139,1913,2024-10-05,Apparel,65.75,0.0,0,65.75,23.01,5.99,36.75
12140,1913,2024-11-17,Electronics,296.18,0.1,0,266.57,213.25,9.0,44.32
12141,1913,2025-06-08,Electronics,138.74,0.0,0,138.74,99.89,7.08,31.77
12142,1914,2024-06-23,Apparel,93.91,0.0,0,93.91,32.87,6.41,54.63
12143,1914,2024-08-09,Electronics,106.36,0.05,0,101.04,76.58,6.52,17.94
12144,1914,2024-09-08,Electronics,114.35,0.2,0,91.48,82.33,6.37,2.78
12145,1914,2024-12-15,Accessories,42.45,0.05,0,40.33,12.73,5.6,22.0
12146,1914,2024-12-14,Home,123.4,0.0,0,123.4,59.23,6.85,57.32
12147,1914,2025-01-28,Electronics,237.01,0.2,0,189.61,170.65,7.84,11.12
12148,1914,2025-04-06,Accessories,53.29,0.05,0,50.62,15.99,5.76,28.87
12149,1914,2025-04-06,Electronics,356.28,0.1,0,320.65,256.52,9.81,54.32
12150,1915,2024-09-11,Accessories,28.65,0.1,1,0.0,0.0,12.39,-12.39
12151,1915,2024-09-16,Apparel,70.27,0.0,0,70.27,24.59,6.05,39.63
12152,1916,2024-08-11,Accessories,57.35,0.0,0,57.35,17.2,5.86,34.29
12153,1917,2024-04-09,Accessories,18.97,0.2,0,15.18,5.69,5.23,4.26
12154,1917,2024-04-11,Electronics,220.81,0.05,0,209.77,158.98,8.15,42.64
12155,1917,2025-01-20,Electronics,140.35,0.05,0,133.33,101.05,7.0,25.28
12156,1918,2024-02-27,Electronics,143.34,0.0,0,143.34,103.21,7.15,32.98
12157,1918,2024-11-06,Electronics,311.48,0.05,0,295.91,224.27,9.44,62.2
12158,1918,2024-11-19,Accessories,60.83,0.05,1,0.0,0.0,12.87,-12.87
12159,1919,2024-01-21,Accessories,49.12,0.1,0,44.21,14.74,5.66,23.81
12160,1919,2024-07-20,Electronics,150.03,0.05,0,142.53,108.02,7.14,27.37
12161,1919,2024-09-10,Electronics,208.19,0.1,0,187.37,149.89,7.81,29.67
12162,1920,2024-09-07,Apparel,57.33,0.1,0,51.59,20.06,5.77,25.76
12163,1920,2024-12-12,Electronics,174.8,0.2,0,139.84,125.86,7.1,6.88
12164,1920,2024-12-15,Accessories,49.31,0.0,0,49.31,14.79,5.74,28.78
12165,1920,2025-02-09,Home,103.47,0.0,0,103.47,49.67,6.55,47.25
12166,1920,2025-02-04,Home,83.49,0.1,0,75.14,40.08,6.13,28.93
12167,1921,2024-02-08,Electronics,175.55,0.05,0,166.77,126.4,7.5,32.87
12168,1921,2024-09-18,Accessories,34.22,0.2,0,27.37,10.26,5.41,11.7
12169,1922,2024-04-19,Apparel,63.65,0.0,0,63.65,22.28,5.95,35.42
12170,1922,2024-06-17,Electronics,230.76,0.1,0,207.69,166.15,8.12,33.42
12171,1922,2024-06-26,Accessories,69.18,0.0,0,69.18,20.75,6.04,42.39
12172,1922,2024-09-25,Accessories,76.08,0.0,0,76.08,22.82,6.14,47.12
12173,1922,2024-12-21,Electronics,288.26,0.05,0,273.85,207.55,9.11,57.19
12174,1923,2024-10-07,Apparel,66.28,0.2,0,53.03,23.2,5.8,24.03
12175,1923,2024-10-04,Home,46.91,0.1,0,42.22,22.52,5.63,14.07
12176,1923,2024-12-18,Accessories,30.73,0.05,0,29.19,9.22,5.44,14.53
12177,1923,2024-12-09,Electronics,310.56,0.0,0,310.56,223.61,9.66,77.29
12178,1923,2025-01-19,Electronics,171.59,0.0,0,171.59,123.55,7.57,40.47
12179,1923,2025-02-19,Home,106.55,0.1,0,95.9,51.14,6.44,38.32
12180,1923,2025-02-25,Accessories,65.03,0.1,0,58.53,19.51,5.88,33.14
12181,1923,2025-03-20,Electronics,206.18,0.0,0,206.18,148.45,8.09,49.64
12182,1924,2024-05-14,Apparel,39.24,0.2,0,31.39,13.73,5.47,12.19
12183,1924,2024-07-07,Apparel,59.04,0.05,0,56.09,20.66,5.84,29.59
12184,1924,2024-08-15,Accessories,45.66,0.2,0,36.53,13.7,5.55,17.28
12185,1924,2024-08-02,Apparel,41.57,0.05,0,39.49,14.55,5.59,19.35
12186,1924,2024-09-01,Accessories,38.77,0.1,0,34.9,11.63,5.52,17.75
12187,1924,2024-11-13,Apparel,101.31,0.05,1,0.0,0.0,13.44,-13.44
12188,1924,2024-12-11,Home,67.36,0.2,0,53.89,32.33,5.81,15.75
12189,1924,2025-03-08,Apparel,62.92,0.1,0,56.63,22.02,5.85,28.76
12190,1924,2025-04-15,Accessories,19.38,0.05,0,18.41,5.81,5.28,7.32
12191,1924,2025-05-06,Accessories,102.2,0.0,0,102.2,30.66,6.53,65.01
12192,1924,2025-05-09,Accessories,53.63,0.0,0,53.63,16.09,5.8,31.74
12193,1925,2024-07-03,Electronics,213.9,0.1,0,192.51,154.01,7.89,30.61
12194,1925,2024-10-16,Accessories,48.53,0.1,0,43.67,14.56,5.66,23.45
12195,1925,2024-10-09,Electronics,190.95,0.0,0,190.95,137.49,7.86,45.6
12196,1925,2024-12-27,Accessories,73.55,0.1,0,66.2,22.07,5.99,38.14
12197,1925,2024-12-24,Accessories,66.61,0.05,0,63.28,19.98,5.95,37.35
12198,1926,2024-01-14,Electronics,234.27,0.1,0,210.85,168.68,8.16,34.01
12199,1926,2024-06-14,Accessories,71.06,0.0,0,71.06,21.32,6.07,43.67
12200,1927,2024-01-27,Accessories,30.73,0.1,0,27.65,9.22,5.41,13.02
12201,1927,2024-02-10,Electronics,183.46,0.0,0,183.46,132.09,7.75,43.62
12202,1927,2024-03-15,Accessories,80.86,0.0,0,80.86,24.26,6.21,50.39
12203,1927,2024-04-04,Accessories,22.76,0.0,0,22.76,6.83,5.34,10.59
12204,1927,2024-05-15,Electronics,207.89,0.1,0,187.11,149.68,7.81,29.62
12205,1927,2024-06-15,Home,134.89,0.05,0,128.15,64.75,6.92,56.48
12206,1927,2024-09-01,Accessories,39.84,0.2,0,31.87,11.95,5.48,14.44
12207,1927,2024-11-16,Electronics,132.31,0.05,0,125.69,95.26,6.89,23.54
12208,1927,2025-02-08,Apparel,63.3,0.0,1,0.0,0.0,12.95,-12.95
12209,1927,2025-04-19,Home,70.9,0.1,0,63.81,34.03,5.96,23.82
12210,1927,2025-04-07,Accessories,61.54,0.0,0,61.54,18.46,5.92,37.16
12211,1927,2025-06-28,Accessories,72.66,0.05,0,69.02,21.8,6.04,41.18
12212,1928,2024-01-08,Accessories,83.65,0.1,0,75.29,25.1,6.13,44.06
12213,1928,2024-01-17,Accessories,45.14,0.0,0,45.14,13.54,5.68,25.92
12214,1928,2024-03-16,Apparel,84.66,0.1,1,0.0,0.0,13.14,-13.14
12215,1928,2024-07-11,Accessories,37.7,0.2,0,30.16,11.31,5.45,13.4
12216,1928,2024-09-24,Accessories,50.32,0.05,0,47.8,15.1,5.72,26.98
12217,1928,2024-09-25,Accessories,40.43,0.1,0,36.39,12.13,5.55,18.71
12218,1928,2024-10-21,Apparel,34.16,0.05,0,32.45,11.95,5.49,15.01
12219,1928,2024-12-16,Accessories,36.67,0.2,0,29.34,11.0,5.44,12.9
12220,1928,2025-02-26,Home,113.01,0.05,0,107.36,54.24,6.61,46.51
12221,1928,2025-04-13,Electronics,308.84,0.0,0,308.84,222.37,9.63,76.84
12222,1929,2024-05-24,Home,54.72,0.05,0,51.98,26.27,5.78,19.93
12223,1929,2024-09-13,Accessories,23.35,0.0,0,23.35,7.0,5.35,11.0
12224,1929,2025-04-14,Electronics,84.84,0.0,0,84.84,61.08,6.27,17.49
12225,1930,2024-07-27,Electronics,398.85,0.05,1,0.0,0.0,17.68,-17.68
12226,1930,2024-07-17,Electronics,593.68,0.05,0,563.99,427.45,13.46,123.08
12227,1930,2024-12-06,Home,121.44,0.0,0,121.44,58.29,6.82,56.33
12228,1930,2024-12-26,Home,187.96,0.0,0,187.96,90.22,7.82,89.92
12229,1930,2025-03-07,Accessories,40.49,0.1,0,36.44,12.15,5.55,18.74
12230,1930,2025-04-14,Accessories,67.73,0.1,0,60.96,20.32,5.91,34.73
12231,1930,2025-06-05,Apparel,64.62,0.2,0,51.7,22.62,5.78,23.3
12232,1931,2024-08-27,Accessories,25.5,0.1,0,22.95,7.65,5.34,9.96
12233,1931,2024-09-13,Home,68.96,0.1,0,62.06,33.1,5.93,23.03
12234,1931,2024-09-04,Electronics,175.33,0.0,0,175.33,126.23,7.63,41.47
12235,1931,2024-12-05,Electronics,172.93,0.05,0,164.28,124.51,7.46,32.31
12236,1932,2024-09-14,Accessories,37.37,0.0,0,37.37,11.21,5.56,20.6
12237,1932,2024-10-01,Accessories,68.19,0.1,0,61.37,20.46,5.92,34.99
12238,1932,2024-11-05,Electronics,179.53,0.1,0,161.58,129.26,7.42,24.9
12239,1932,2025-03-03,Electronics,276.34,0.1,0,248.7,198.96,8.73,41.01
12240,1932,2025-03-10,Home,100.5,0.1,0,90.45,48.24,6.36,35.85
12241,1932,2025-03-19,Home,81.7,0.2,0,65.36,39.22,5.98,20.16
12242,1933,2024-05-26,Accessories,110.52,0.2,0,88.42,33.16,6.33,48.93
12243,1933,2024-05-07,Accessories,19.02,0.1,0,17.12,5.71,5.26,6.15
12244,1933,2025-01-08,Apparel,51.06,0.2,1,0.0,0.0,12.61,-12.61
12245,1934,2024-07-27,Apparel,78.89,0.0,0,78.89,27.61,6.18,45.1
12246,1934,2024-08-18,Accessories,66.03,0.05,0,62.73,19.81,5.94,36.98
12247,1934,2024-09-25,Electronics,357.97,0.05,0,340.07,257.74,10.1,72.23
12248,1934,2024-10-16,Home,91.56,0.05,0,86.98,43.95,6.3,36.73
12249,1934,2024-11-20,Apparel,57.76,0.1,0,51.99,20.22,5.78,25.99
12250,1934,2024-11-23,Electronics,205.46,0.0,0,205.46,147.93,8.08,49.45
12251,1934,2024-12-16,Home,104.11,0.0,1,0.0,0.0,13.56,-13.56
12252,1934,2025-01-03,Accessories,47.07,0.0,0,47.07,14.12,5.71,27.24
12253,1934,2025-02-15,Home,145.07,0.05,0,137.82,69.63,7.07,61.12
12254,1935,2024-10-07,Home,126.3,0.1,0,113.67,60.62,6.71,46.34
12255,1935,2024-11-11,Home,97.59,0.1,0,87.83,46.84,6.32,34.67
12256,1935,2025-02-04,Electronics,356.87,0.05,0,339.03,256.95,10.09,71.99
12257,1936,2024-09-03,Apparel,67.53,0.0,0,67.53,23.64,6.01,37.88
12258,1936,2025-02-02,Home,78.48,0.2,0,62.78,37.67,5.94,19.17
12259,1936,2025-03-19,Electronics,163.6,0.0,0,163.6,117.79,7.45,38.36
12260,1936,2025-06-19,Electronics,196.02,0.05,0,186.22,141.14,7.79,37.29
12261,1937,2024-01-14,Apparel,105.19,0.05,1,0.0,0.0,13.5,-13.5
12262,1937,2024-01-14,Apparel,67.95,0.0,0,67.95,23.78,6.02,38.15
12263,1937,2024-01-15,Home,171.65,0.05,1,0.0,0.0,14.45,-14.45
12264,1937,2024-01-04,Electronics,120.18,0.0,0,120.18,86.53,6.8,26.85
12265,1937,2024-09-11,Home,111.64,0.2,0,89.31,53.59,6.34,29.38
12266,1937,2025-01-05,Apparel,40.6,0.1,0,36.54,14.21,5.55,16.78
12267,1937,2025-01-06,Home,140.96,0.2,0,112.77,67.66,6.69,38.42
12268,1937,2025-06-02,Electronics,573.27,0.0,0,573.27,412.75,13.6,146.92
12269,1937,2025-06-23,Accessories,16.0,0.2,0,12.8,4.8,5.19,2.81
12270,1938,2024-08-18,Home,111.39,0.0,0,111.39,53.47,6.67,51.25
12271,1938,2024-12-19,Home,116.11,0.1,0,104.5,55.73,6.57,42.2
12272,1938,2024-12-05,Accessories,47.5,0.0,0,47.5,14.25,5.71,27.54
12273,1938,2025-01-04,Accessories,61.92,0.1,0,55.73,18.58,5.84,31.31
12274,1938,2025-04-18,Apparel,33.43,0.1,0,30.08,11.7,5.45,12.93
12275,1939,2024-03-18,Apparel,63.89,0.05,0,60.69,22.36,5.91,32.42
12276,1939,2024-10-05,Home,73.19,0.0,0,73.19,35.13,6.1,31.96
12277,1940,2024-03-01,Accessories,23.34,0.0,0,23.34,7.0,5.35,10.99
12278,1940,2024-06-27,Electronics,263.13,0.05,0,249.97,189.45,8.75,51.77
12279,1940,2024-09-05,Home,98.84,0.1,0,88.96,47.44,6.33,35.19
12280,1940,2025-01-19,Electronics,435.88,0.0,0,435.88,313.83,11.54,110.51
12281,1940,2025-02-27,Apparel,20.15,0.05,0,19.14,7.05,5.29,6.8
12282,1940,2025-02-07,Apparel,31.26,0.05,1,0.0,0.0,12.45,-12.45
12283,1940,2025-04-04,Home,100.61,0.1,0,90.55,48.29,6.36,35.9
12284,1940,2025-04-07,Electronics,192.31,0.1,0,173.08,138.46,7.6,27.02
12285,1941,2024-07-12,Apparel,64.05,0.1,0,57.65,22.42,5.86,29.37
12286,1941,2024-08-17,Electronics,162.51,0.0,0,162.51,117.0,7.44,38.07
12287,1941,2025-05-19,Apparel,117.52,0.0,0,117.52,41.13,6.76,69.63
12288,1941,2025-05-17,Home,96.25,0.0,0,96.25,46.2,6.44,43.61
12289,1942,2024-03-22,Apparel,47.11,0.05,0,44.76,16.49,5.67,22.6
12290,1942,2024-06-24,Electronics,159.77,0.0,0,159.77,115.03,7.4,37.34
12291,1942,2024-08-10,Electronics,165.04,0.0,0,165.04,118.83,7.48,38.73
12292,1942,2024-08-21,Electronics,121.94,0.1,1,0.0,0.0,13.65,-13.65
12293,1942,2025-03-13,Home,96.67,0.0,0,96.67,46.4,6.45,43.82
12294,1942,2025-03-21,Apparel,29.78,0.05,0,28.29,10.42,5.42,12.45
12295,1943,2024-10-14,Accessories,21.18,0.05,0,20.12,6.35,5.3,8.47
12296,1943,2024-10-11,Home,103.22,0.1,1,0.0,0.0,13.39,-13.39
12297,1943,2025-01-18,Electronics,176.36,0.05,0,167.54,126.98,7.51,33.05
12298,1944,2024-04-28,Home,103.48,0.1,0,93.13,49.67,6.4,37.06
12299,1944,2024-04-18,Home,126.57,0.1,0,113.91,60.75,6.71,46.45
12300,1944,2024-06-03,Electronics,270.5,0.05,0,256.98,194.76,8.85,53.37
12301,1944,2024-09-03,Home,98.76,0.1,0,88.88,47.4,6.33,35.15
12302,1944,2024-12-17,Home,140.68,0.05,0,133.65,67.53,7.0,59.12
12303,1944,2025-01-11,Electronics,106.59,0.0,0,106.59,76.74,6.6,23.25
12304,1944,2025-01-10,Accessories,49.12,0.05,0,46.66,14.74,5.7,26.22
12305,1944,2025-01-06,Home,35.14,0.0,0,35.14,16.87,5.53,12.74
12306,1944,2025-04-28,Electronics,116.06,0.1,0,104.46,83.56,6.57,14.33
12307,1945,2024-06-04,Home,72.74,0.0,0,72.74,34.91,6.09,31.74
12308,1945,2024-07-08,Electronics,147.26,0.0,0,147.26,106.03,7.21,34.02
12309,1945,2024-08-04,Apparel,27.79,0.0,1,0.0,0.0,12.42,-12.42
12310,1945,2024-09-12,Electronics,287.62,0.0,0,287.62,207.08,9.31,71.23
12311,1945,2024-11-12,Apparel,57.35,0.0,1,0.0,0.0,12.86,-12.86
12312,1945,2024-11-08,Accessories,27.88,0.0,0,27.88,8.36,5.42,14.1
12313,1945,2025-01-13,Apparel,63.13,0.05,1,0.0,0.0,12.9,-12.9
12314,1945,2025-02-25,Electronics,216.66,0.1,0,194.99,155.99,7.92,31.08
12315,1945,2025-06-01,Home,73.3,0.05,0,69.63,35.18,6.04,28.41
12316,1946,2024-07-05,Apparel,43.79,0.1,0,39.41,15.33,5.59,18.49
12317,1946,2024-12-04,Home,156.88,0.1,0,141.19,75.3,7.12,58.77
12318,1946,2025-01-27,Accessories,31.02,0.1,0,27.92,9.31,5.42,13.19
12319,1946,2025-01-21,Apparel,58.95,0.1,0,53.05,20.63,5.8,26.62
12320,1946,2025-01-08,Accessories,35.68,0.1,0,32.11,10.7,5.48,15.93
12321,1946,2025-03-05,Apparel,69.59,0.0,0,69.59,24.36,6.04,39.19
12322,1946,2025-03-08,Accessories,41.73,0.05,0,39.64,12.52,5.59,21.53
12323,1946,2025-06-02,Accessories,43.73,0.2,0,34.98,13.12,5.52,16.34
12324,1946,2025-06-13,Apparel,51.52,0.0,0,51.52,18.03,5.77,27.72
12325,1947,2024-11-06,Accessories,68.35,0.05,0,64.94,20.51,5.97,38.46
12326,1947,2025-03-13,Electronics,166.69,0.0,0,166.69,120.01,7.5,39.18
12327,1947,2025-04-14,Apparel,77.66,0.05,0,73.78,27.18,6.11,40.49
12328,1948,2024-10-26,Apparel,46.86,0.0,1,0.0,0.0,12.7,-12.7
12329,1948,2025-01-07,Electronics,253.77,0.2,0,203.01,182.71,8.05,12.25
12330,1948,2025-02-25,Accessories,45.63,0.05,0,43.35,13.69,5.65,24.01
12331,1948,2025-03-18,Accessories,27.24,0.0,0,27.24,8.17,5.41,13.66
12332,1948,2025-03-09,Electronics,260.71,0.0,0,260.71,187.71,8.91,64.09
12333,1948,2025-04-02,Accessories,26.81,0.0,0,26.81,8.04,5.4,13.37
12334,1948,2025-05-24,Electronics,120.12,0.1,0,108.11,86.49,6.62,15.0
12335,1948,2025-05-09,Electronics,391.42,0.1,0,352.28,281.82,10.28,60.18
12336,1948,2025-06-10,Accessories,52.16,0.05,0,49.55,15.65,5.74,28.16
12337,1949,2024-05-05,Home,52.04,0.1,0,46.84,24.98,5.7,16.16
12338,1949,2024-06-07,Electronics,166.72,0.0,0,166.72,120.04,7.5,39.18
12339,1949,2024-07-16,Apparel,72.71,0.0,0,72.71,25.45,6.09,41.17
12340,1949,2024-08-03,Home,64.39,0.0,0,64.39,30.91,5.97,27.51
12341,1949,2024-11-20,Apparel,84.97,0.0,0,84.97,29.74,6.27,48.96
12342,1949,2025-04-22,Apparel,53.27,0.2,0,42.62,18.65,5.64,18.33
12343,1949,2025-05-25,Electronics,260.49,0.0,0,260.49,187.56,8.91,64.02
12344,1949,2025-05-04,Accessories,32.92,0.0,0,32.92,9.88,5.49,17.55
12345,1949,2025-05-16,Home,115.43,0.05,0,109.66,55.41,6.64,47.61
12346,1949,2025-06-11,Home,148.82,0.2,0,119.05,71.43,6.79,40.83
12347,1950,2024-01-24,Apparel,34.39,0.0,0,34.39,12.04,5.52,16.83
12348,1950,2024-02-17,Home,36.83,0.0,0,36.83,17.68,5.55,13.6
12349,1950,2024-03-07,Home,99.27,0.05,0,94.31,47.65,6.41,40.25
12350,1950,2024-03-21,Electronics,465.71,0.1,0,419.14,335.31,11.29,72.54
12351,1950,2024-04-05,Apparel,59.22,0.0,0,59.22,20.73,5.89,32.6
12352,1950,2024-05-12,Apparel,54.27,0.2,0,43.42,18.99,5.65,18.78
12353,1950,2024-10-20,Electronics,197.08,0.2,0,157.66,141.9,7.36,8.4
12354,1950,2024-12-16,Electronics,287.93,0.0,0,287.93,207.31,9.32,71.3
12355,1950,2025-02-18,Apparel,99.55,0.0,0,99.55,34.84,6.49,58.22
12356,1950,2025-03-15,Accessories,47.5,0.0,0,47.5,14.25,5.71,27.54
12357,1950,2025-03-05,Electronics,174.18,0.05,0,165.47,125.41,7.48,32.58
12358,1950,2025-06-15,Home,176.27,0.0,0,176.27,84.61,7.64,84.02
12359,1951,2024-01-15,Accessories,46.05,0.05,0,43.75,13.81,5.66,24.28
12360,1951,2024-01-26,Electronics,243.53,0.0,0,243.53,175.34,8.65,59.54
12361,1951,2024-01-18,Apparel,62.63,0.1,0,56.37,21.92,5.85,28.6
12362,1951,2024-02-18,Apparel,61.82,0.05,0,58.73,21.64,5.88,31.21
12363,1951,2024-05-03,Electronics,118.59,0.05,0,112.66,85.38,6.69,20.59
12364,1951,2024-05-08,Home,34.66,0.1,0,31.19,16.64,5.47,9.08
12365,1951,2024-06-22,Electronics,166.02,0.05,0,157.72,119.53,7.37,30.82
12366,1951,2025-01-14,Accessories,21.01,0.0,0,21.01,6.3,5.32,9.39
12367,1951,2025-05-27,Accessories,55.73,0.1,0,50.16,16.72,5.75,27.69
12368,1951,2025-05-05,Accessories,33.16,0.1,0,29.85,9.95,5.45,14.45
12369,1952,2024-02-24,Electronics,207.51,0.05,0,197.13,149.41,7.96,39.76
12370,1952,2024-03-12,Accessories,46.19,0.0,0,46.19,13.86,5.69,26.64
12371,1952,2024-09-13,Electronics,151.8,0.05,0,144.21,109.29,7.16,27.76
12372,1952,2024-11-21,Electronics,348.24,0.0,0,348.24,250.74,10.22,87.28
12373,1952,2024-12-26,Home,99.14,0.2,0,79.31,47.59,6.19,25.53
12374,1952,2025-05-18,Apparel,93.17,0.0,0,93.17,32.61,6.4,54.16
12375,1953,2024-10-02,Home,131.21,0.05,0,124.65,62.98,6.87,54.8
12376,1953,2024-10-18,Apparel,47.92,0.2,1,0.0,0.0,12.58,-12.58
12377,1953,2025-01-01,Electronics,222.01,0.0,0,222.01,159.85,8.33,53.83
12378,1953,2025-01-04,Electronics,90.51,0.1,1,0.0,0.0,13.22,-13.22
12379,1953,2025-01-21,Accessories,38.24,0.2,0,30.59,11.47,5.46,13.66
12380,1953,2025-02-24,Home,151.58,0.2,0,121.26,72.76,6.82,41.68
12381,1953,2025-02-15,Apparel,66.62,0.1,1,0.0,0.0,12.9,-12.9
12382,1954,2025-01-07,Home,56.76,0.05,0,53.93,27.25,5.81,20.87
12383,1954,2025-03-06,Apparel,62.62,0.0,0,62.62,21.92,5.94,34.76
12384,1954,2025-04-21,Accessories,44.93,0.05,1,0.0,0.0,12.64,-12.64
12385,1954,2025-05-04,Accessories,106.31,0.05,0,100.99,31.89,6.51,62.59
12386,1955,2024-04-24,Home,79.79,0.05,0,75.8,38.3,6.14,31.36
12387,1955,2024-04-11,Apparel,54.71,0.05,0,51.98,19.15,5.78,27.05
12388,1955,2024-05-22,Home,34.8,0.1,0,31.32,16.7,5.47,9.15
12389,1955,2024-07-15,Apparel,37.49,0.1,1,0.0,0.0,12.51,-12.51
12390,1955,2024-10-19,Electronics,237.26,0.1,0,213.54,170.83,8.2,34.51
12391,1955,2024-11-23,Accessories,32.44,0.05,1,0.0,0.0,12.46,-12.46
12392,1955,2025-01-04,Apparel,39.01,0.0,1,0.0,0.0,12.59,-12.59
12393,1955,2025-01-08,Apparel,46.9,0.05,0,44.56,16.42,5.67,22.47
12394,1955,2025-02-16,Accessories,146.99,0.0,0,146.99,44.1,7.2,95.69
12395,1955,2025-03-23,Apparel,68.09,0.2,0,54.47,23.83,5.82,24.82
12396,1955,2025-03-03,Home,121.11,0.1,0,109.0,58.13,6.64,44.23
12397,1955,2025-05-23,Home,107.84,0.0,0,107.84,51.76,6.62,49.46
12398,1955,2025-06-16,Apparel,70.38,0.2,1,0.0,0.0,12.84,-12.84
12399,1956,2025-03-26,Electronics,313.1,0.0,0,313.1,225.43,9.7,77.97
12400,1956,2025-04-04,Apparel,17.82,0.0,0,17.82,6.24,5.27,6.31
12401,1957,2024-06-17,Electronics,160.87,0.05,0,152.83,115.83,7.29,29.71
12402,1957,2024-07-15,Electronics,188.28,0.1,0,169.46,135.57,7.54,26.35
12403,1957,2024-08-04,Home,85.85,0.0,0,85.85,41.21,6.29,38.35
12404,1957,2024-09-01,Electronics,155.64,0.05,0,147.86,112.06,7.22,28.58
12405,1957,2025-01-13,Accessories,28.78,0.2,0,23.02,8.63,5.35,9.04
12406,1957,2025-02-15,Apparel,105.45,0.05,0,100.18,36.91,6.5,56.77
12407,1957,2025-05-18,Apparel,44.46,0.1,1,0.0,0.0,12.6,-12.6
12408,1957,2025-05-17,Home,59.08,0.0,0,59.08,28.36,5.89,24.83
12409,1958,2024-09-16,Home,206.86,0.0,0,206.86,99.29,8.1,99.47
12410,1959,2025-05-02,Apparel,42.94,0.05,0,40.8,15.03,5.61,20.16
12411,1959,2025-05-13,Accessories,68.97,0.05,0,65.52,20.69,5.98,38.85
12412,1959,2025-06-01,Apparel,44.91,0.0,0,44.91,15.72,5.67,23.52
12413,1960,2024-08-17,Apparel,60.94,0.1,0,54.85,21.33,5.82,27.7
12414,1960,2024-10-16,Home,191.62,0.1,0,172.46,91.98,7.59,72.89
12415,1960,2024-10-22,Electronics,69.97,0.05,0,66.47,50.38,6.0,10.09
12416,1960,2024-10-04,Electronics,108.51,0.0,0,108.51,78.13,6.63,23.75
12417,1960,2024-10-06,Accessories,45.48,0.0,0,45.48,13.64,5.68,26.16
12418,1960,2024-11-24,Accessories,36.18,0.05,0,34.37,10.85,5.52,18.0
12419,1960,2025-06-20,Electronics,289.28,0.1,0,260.35,208.28,8.91,43.16
12420,1961,2024-11-07,Home,163.13,0.1,0,146.82,78.3,7.2,61.32
12421,1961,2025-03-02,Accessories,41.14,0.1,0,37.03,12.34,5.56,19.13
12422,1962,2024-04-23,Accessories,61.52,0.0,0,61.52,18.46,5.92,37.14
12423,1962,2024-04-02,Accessories,46.85,0.1,0,42.17,14.06,5.63,22.48
12424,1962,2024-05-28,Apparel,36.51,0.2,0,29.21,12.78,5.44,10.99
12425,1962,2024-05-10,Home,102.45,0.0,0,102.45,49.17,6.54,46.74
12426,1962,2024-06-07,Home,91.53,0.0,0,91.53,43.93,6.37,41.23
12427,1962,2024-10-20,Home,64.71,0.1,0,58.24,31.06,5.87,21.31
12428,1962,2025-03-28,Electronics,87.92,0.1,0,79.13,63.3,6.19,9.64
12429,1962,2025-04-07,Apparel,68.2,0.05,1,0.0,0.0,12.97,-12.97
12430,1962,2025-05-18,Accessories,41.18,0.0,0,41.18,12.35,5.62,23.21
12431,1962,2025-05-25,Home,150.14,0.05,0,142.63,72.07,7.14,63.42
12432,1963,2024-06-11,Accessories,42.11,0.0,0,42.11,12.63,5.63,23.85
12433,1963,2024-07-09,Apparel,22.87,0.05,0,21.72,8.0,5.33,8.39
12434,1963,2024-08-01,Apparel,49.79,0.05,0,47.3,17.43,5.71,24.16
12435,1963,2024-08-06,Home,157.87,0.0,0,157.87,75.78,7.37,74.72
12436,1963,2024-11-15,Accessories,33.67,0.1,0,30.3,10.1,5.45,14.75
12437,1963,2024-11-24,Home,49.34,0.2,0,39.47,23.68,5.59,10.2
12438,1963,2025-01-18,Home,87.29,0.05,0,82.92,41.9,6.24,34.78
12439,1964,2024-09-11,Home,98.81,0.0,0,98.81,47.43,6.48,44.9
12440,1964,2025-01-06,Apparel,131.64,0.0,0,131.64,46.07,6.97,78.6
12441,1964,2025-03-13,Apparel,68.44,0.1,0,61.6,23.95,5.92,31.73
12442,1965,2024-07-23,Accessories,28.78,0.1,0,25.9,8.63,5.39,11.88
12443,1965,2025-01-28,Electronics,397.02,0.05,0,377.16,285.85,10.66,80.65
12444,1965,2025-03-17,Apparel,133.34,0.1,0,120.01,46.67,6.8,66.54
12445,1965,2025-05-19,Electronics,331.45,0.0,0,331.45,238.64,9.97,82.84
12446,1966,2024-05-15,Apparel,52.43,0.0,0,52.43,18.35,5.79,28.29
12447,1966,2024-05-09,Electronics,161.38,0.0,0,161.38,116.2,7.42,37.76
12448,1966,2024-07-05,Electronics,228.25,0.05,0,216.84,164.34,8.25,44.25
12449,1966,2024-09-12,Accessories,44.84,0.0,0,44.84,13.45,5.67,25.72
12450,1966,2024-10-13,Electronics,418.2,0.0,0,418.2,301.1,11.27,105.83
12451,1966,2024-10-25,Home,111.38,0.2,0,89.1,53.46,6.34,29.3
12452,1966,2024-11-05,Electronics,198.08,0.0,0,198.08,142.62,7.97,47.49
12453,1967,2024-02-22,Apparel,67.47,0.2,0,53.97,23.61,5.81,24.55
12454,1967,2024-04-15,Accessories,67.65,0.0,0,67.65,20.3,6.01,41.34
12455,1967,2024-06-06,Electronics,255.97,0.05,0,243.17,184.3,8.65,50.22
12456,1967,2024-09-20,Accessories,28.52,0.2,0,22.81,8.55,5.34,8.92
12457,1967,2024-10-23,Accessories,40.87,0.0,0,40.87,12.26,5.61,23.0
12458,1967,2024-11-26,Home,103.58,0.1,0,93.22,49.72,6.4,37.1
12459,1967,2024-12-05,Home,97.16,0.0,0,97.16,46.64,6.46,44.06
12460,1967,2025-01-05,Apparel,23.16,0.0,0,23.16,8.11,5.35,9.7
12461,1967,2025-02-21,Apparel,28.1,0.0,0,28.1,9.83,5.42,12.85
12462,1968,2024-10-03,Apparel,142.42,0.05,0,135.3,49.85,7.03,78.42
12463,1968,2024-10-23,Home,92.41,0.05,0,87.79,44.36,6.32,37.11
12464,1968,2024-11-12,Home,66.54,0.05,1,0.0,0.0,12.95,-12.95
12465,1968,2024-11-05,Accessories,23.88,0.05,0,22.68,7.16,5.34,10.18
12466,1968,2024-12-20,Accessories,43.72,0.0,0,43.72,13.12,5.66,24.94
12467,1968,2025-01-12,Electronics,239.1,0.2,1,0.0,0.0,14.87,-14.87
12468,1968,2025-01-26,Apparel,43.41,0.05,0,41.24,15.19,5.62,20.43
12469,1968,2025-01-25,Electronics,198.75,0.0,0,198.75,143.1,7.98,47.67
12470,1969,2024-07-05,Accessories,36.86,0.2,0,29.49,11.06,5.44,12.99
12471,1969,2024-09-21,Home,79.59,0.0,0,79.59,38.2,6.19,35.2
12472,1969,2025-02-28,Accessories,35.71,0.1,0,32.14,10.71,5.48,15.95
12473,1970,2024-02-15,Accessories,54.37,0.0,0,54.37,16.31,5.82,32.24
12474,1970,2024-02-02,Accessories,23.2,0.0,0,23.2,6.96,5.35,10.89
12475,1970,2024-05-28,Electronics,67.2,0.0,0,67.2,48.38,6.01,12.81
12476,1970,2024-05-15,Home,101.1,0.05,0,96.05,48.53,6.44,41.08
12477,1970,2024-06-05,Electronics,107.08,0.0,0,107.08,77.1,6.61,23.37
12478,1970,2024-06-14,Accessories,73.5,0.1,0,66.15,22.05,5.99,38.11
12479,1970,2024-07-11,Electronics,195.48,0.05,0,185.71,140.75,7.79,37.17
12480,1970,2025-02-24,Apparel,50.9,0.1,0,45.81,17.82,5.69,22.3
12481,1971,2024-03-03,Apparel,87.2,0.05,0,82.84,30.52,6.24,46.08
12482,1972,2024-05-15,Home,83.49,0.1,0,75.14,40.08,6.13,28.93
12483,1972,2024-07-23,Home,71.18,0.05,0,67.62,34.17,6.01,27.44
12484,1972,2024-07-18,Apparel,64.83,0.1,1,0.0,0.0,12.88,-12.88
12485,1972,2024-08-02,Accessories,54.26,0.05,0,51.55,16.28,5.77,29.5
12486,1972,2024-09-09,Apparel,51.73,0.0,0,51.73,18.11,5.78,27.84
12487,1972,2024-10-15,Home,63.77,0.0,0,63.77,30.61,5.96,27.2
12488,1972,2024-11-08,Home,121.14,0.1,0,109.02,58.15,6.64,44.23
12489,1972,2025-02-13,Apparel,88.44,0.2,0,70.75,30.95,6.06,33.74
12490,1972,2025-03-20,Electronics,151.32,0.2,0,121.06,108.95,6.82,5.29
12491,1972,2025-06-11,Accessories,33.14,0.05,0,31.49,9.94,5.47,16.08
12492,1972,2025-06-14,Electronics,117.25,0.05,0,111.39,84.42,6.67,20.3
12493,1973,2024-03-07,Accessories,48.85,0.0,0,48.85,14.66,5.73,28.46
12494,1973,2024-06-25,Home,52.24,0.1,0,47.01,25.07,5.71,16.23
12495,1973,2024-08-06,Electronics,249.96,0.0,0,249.96,179.97,8.75,61.24
12496,1973,2024-08-27,Electronics,146.59,0.2,0,117.28,105.55,6.76,4.97
12497,1973,2024-08-09,Electronics,120.54,0.1,0,108.48,86.79,6.63,15.06
12498,1973,2024-10-28,Home,108.09,0.05,0,102.68,51.88,6.54,44.26
12499,1973,2024-11-01,Electronics,130.48,0.2,0,104.39,93.95,6.57,3.87
12500,1973,2024-11-02,Home,69.44,0.1,0,62.5,33.33,5.94,23.23
12501,1973,2025-03-26,Apparel,81.15,0.1,0,73.03,28.4,6.1,38.53
12502,1973,2025-04-12,Electronics,133.61,0.1,0,120.25,96.2,6.8,17.25
12503,1974,2024-05-16,Home,94.64,0.0,0,94.64,45.43,6.42,42.79
12504,1974,2024-08-17,Home,83.88,0.0,0,83.88,40.26,6.26,37.36
12505,1974,2024-10-04,Accessories,53.17,0.1,0,47.85,15.95,5.72,26.18
12506,1975,2024-04-10,Apparel,119.17,0.05,0,113.21,41.71,6.7,64.8
12507,1975,2025-05-18,Electronics,150.12,0.0,0,150.12,108.08,7.25,34.79
12508,1975,2025-05-07,Accessories,59.97,0.0,0,59.97,17.99,5.9,36.08
12509,1975,2025-05-17,Apparel,144.37,0.1,0,129.93,50.53,6.95,72.45
12510,1976,2024-10-08,Electronics,370.75,0.05,0,352.22,266.94,10.28,75.0
12511,1976,2024-11-09,Electronics,261.37,0.0,0,261.37,188.18,8.92,64.27
12512,1976,2025-02-10,Electronics,153.14,0.2,0,122.51,110.26,6.84,5.41
12513,1976,2025-03-03,Accessories,46.93,0.0,0,46.93,14.08,5.7,27.15
12514,1976,2025-04-09,Home,220.71,0.2,0,176.56,105.94,7.65,62.97
12515,1976,2025-04-15,Accessories,53.62,0.2,1,0.0,0.0,12.64,-12.64
12516,1976,2025-06-23,Accessories,29.61,0.0,0,29.61,8.88,5.44,15.29
12517,1977,2024-05-15,Home,96.26,0.1,0,86.63,46.2,6.3,34.13
12518,1977,2024-08-04,Electronics,387.76,0.05,0,368.37,279.19,10.53,78.65
12519,1977,2024-08-16,Home,88.04,0.1,0,79.24,42.26,6.19,30.79
12520,1977,2024-10-24,Accessories,52.47,0.1,0,47.22,15.74,5.71,25.77
12521,1977,2024-10-04,Home,84.7,0.1,0,76.23,40.65,6.14,29.44
12522,1977,2025-03-15,Apparel,47.91,0.1,1,0.0,0.0,12.65,-12.65
12523,1977,2025-06-11,Apparel,24.44,0.2,1,0.0,0.0,12.29,-12.29
12524,1978,2024-08-06,Accessories,40.59,0.05,0,38.56,12.18,5.58,20.8
12525,1978,2024-08-03,Electronics,251.19,0.0,0,251.19,180.86,8.77,61.56
12526,1978,2024-09-26,Home,155.67,0.0,0,155.67,74.72,7.34,73.61
12527,1978,2024-10-15,Home,149.03,0.1,0,134.13,71.54,7.01,55.58
12528,1978,2024-12-02,Accessories,89.3,0.2,0,71.44,26.79,6.07,38.58
12529,1978,2025-02-12,Electronics,102.17,0.1,0,91.95,73.56,6.38,12.01
12530,1978,2025-02-26,Accessories,44.67,0.1,0,40.21,13.4,5.6,21.21
12531,1978,2025-04-06,Home,57.36,0.05,0,54.5,27.53,5.82,21.15
12532,1978,2025-05-21,Home,141.78,0.1,0,127.6,68.05,6.91,52.64
12533,1979,2024-02-26,Electronics,225.67,0.1,0,203.11,162.49,8.05,32.57
12534,1979,2024-03-27,Home,93.7,0.1,0,84.33,44.98,6.26,33.09
12535,1979,2024-03-06,Accessories,57.67,0.1,0,51.9,17.3,5.78,28.82
12536,1979,2024-05-08,Apparel,37.7,0.05,1,0.0,0.0,12.54,-12.54
12537,1979,2024-05-20,Apparel,46.67,0.1,0,42.0,16.33,5.63,20.04
12538,1979,2024-08-03,Home,110.9,0.0,0,110.9,53.23,6.66,51.01
12539,1979,2024-10-19,Accessories,29.48,0.0,0,29.48,8.84,5.44,15.2
12540,1979,2024-10-17,Home,59.25,0.1,0,53.33,28.44,5.8,19.09
12541,1979,2024-11-02,Accessories,47.4,0.05,0,45.03,14.22,5.68,25.13
12542,1979,2025-02-22,Apparel,85.38,0.1,0,76.84,29.88,6.15,40.81
12543,1979,2025-03-27,Apparel,69.07,0.1,0,62.17,24.18,5.93,32.06
12544,1979,2025-04-15,Electronics,156.94,0.1,0,141.24,112.99,7.12,21.13
12545,1979,2025-04-18,Accessories,41.04,0.0,0,41.04,12.31,5.62,23.11
12546,1980,2024-07-27,Electronics,198.6,0.05,0,188.67,142.99,7.83,37.85
12547,1980,2024-08-11,Accessories,25.74,0.2,0,20.59,7.72,5.31,7.56
12548,1980,2024-10-09,Accessories,44.21,0.1,0,39.79,13.26,5.6,20.93
12549,1980,2024-12-19,Electronics,163.96,0.0,0,163.96,118.05,7.46,38.45
12550,1980,2025-01-08,Electronics,181.9,0.1,0,163.71,130.97,7.46,25.28
12551,1980,2025-03-17,Electronics,159.97,0.0,0,159.97,115.18,7.4,37.39
12552,1980,2025-05-20,Electronics,210.59,0.2,0,168.48,151.63,7.53,9.32
12553,1980,2025-05-24,Home,31.35,0.2,0,25.08,15.05,5.38,4.65
12554,1980,2025-06-22,Home,77.16,0.0,1,0.0,0.0,13.16,-13.16
12555,1981,2024-01-14,Apparel,86.43,0.2,0,69.14,30.25,6.04,32.85
12556,1981,2024-04-09,Electronics,151.32,0.05,0,143.76,108.95,7.16,27.65
12557,1981,2024-04-21,Home,82.66,0.2,0,66.13,39.68,5.99,20.46
12558,1981,2024-05-05,Accessories,162.25,0.1,1,0.0,0.0,14.19,-14.19
12559,1981,2024-07-07,Home,39.82,0.0,0,39.82,19.11,5.6,15.11
12560,1981,2024-08-28,Home,129.24,0.0,0,129.24,62.04,6.94,60.26
12561,1981,2024-08-24,Home,64.11,0.0,0,64.11,30.77,5.96,27.38
12562,1981,2025-03-04,Accessories,54.27,0.1,0,48.84,16.28,5.73,26.83
12563,1982,2024-04-09,Accessories,55.27,0.05,0,52.51,16.58,5.79,30.14
12564,1982,2024-10-04,Apparel,54.3,0.0,1,0.0,0.0,12.81,-12.81
12565,1982,2025-01-12,Home,91.97,0.1,0,82.77,44.15,6.24,32.38
12566,1982,2025-01-06,Apparel,37.26,0.0,0,37.26,13.04,5.56,18.66
12567,1982,2025-05-12,Home,79.59,0.1,0,71.63,38.2,6.07,27.36
12568,1983,2024-03-08,Electronics,235.55,0.1,0,211.99,169.59,8.18,34.22
12569,1983,2024-04-07,Home,57.2,0.05,0,54.34,27.46,5.82,21.06
12570,1983,2024-07-28,Accessories,80.98,0.05,0,76.94,24.3,6.15,46.49
12571,1983,2024-10-17,Accessories,38.23,0.1,0,34.41,11.47,5.52,17.42
12572,1983,2024-10-02,Apparel,31.44,0.05,1,0.0,0.0,12.45,-12.45
12573,1983,2024-10-17,Electronics,194.53,0.1,0,175.08,140.06,7.63,27.39
12574,1983,2025-02-14,Apparel,46.55,0.2,1,0.0,0.0,12.56,-12.56
12575,1983,2025-02-05,Electronics,228.62,0.05,0,217.19,164.61,8.26,44.32
12576,1984,2024-01-21,Accessories,93.58,0.05,0,88.9,28.08,6.33,54.49
12577,1984,2024-04-28,Accessories,54.69,0.1,0,49.22,16.41,5.74,27.07
12578,1984,2024-04-16,Apparel,95.2,0.1,0,85.68,33.32,6.29,46.07
12579,1984,2024-11-16,Electronics,172.09,0.2,0,137.67,123.9,7.07,6.7
12580,1985,2024-08-04,Electronics,130.85,0.1,0,117.77,94.21,6.77,16.79
12581,1985,2024-08-13,Home,74.93,0.0,0,74.93,35.97,6.12,32.84
12582,1985,2024-10-14,Accessories,89.15,0.1,0,80.23,26.74,6.2,47.29
12583,1985,2024-12-13,Electronics,213.24,0.2,0,170.59,153.53,7.56,9.5
12584,1985,2024-12-05,Electronics,199.57,0.0,0,199.57,143.69,7.99,47.89
12585,1985,2025-04-07,Accessories,20.66,0.1,0,18.6,6.2,5.28,7.12
12586,1986,2024-01-13,Accessories,47.82,0.05,1,0.0,0.0,12.68,-12.68
12587,1986,2024-06-08,Electronics,189.57,0.0,0,189.57,136.49,7.84,45.24
12588,1986,2024-06-22,Electronics,115.25,0.2,0,92.2,82.98,6.38,2.84
12589,1986,2024-07-13,Electronics,121.37,0.1,0,109.24,87.39,6.64,15.21
12590,1987,2024-02-10,Home,78.26,0.0,0,78.26,37.56,6.17,34.53
12591,1987,2024-03-17,Accessories,45.35,0.0,0,45.35,13.6,5.68,26.07
12592,1987,2024-04-28,Apparel,88.54,0.0,0,88.54,30.99,6.33,51.22
12593,1987,2024-05-18,Apparel,94.1,0.05,0,89.4,32.94,6.34,50.12
12594,1987,2024-05-18,Accessories,26.32,0.05,0,25.0,7.9,5.38,11.72
12595,1987,2024-07-11,Home,89.8,0.05,0,85.31,43.11,6.28,35.92
12596,1987,2024-09-27,Apparel,70.91,0.1,1,0.0,0.0,12.96,-12.96
12597,1987,2025-04-21,Accessories,44.21,0.1,0,39.79,13.26,5.6,20.93
12598,1987,2025-04-08,Apparel,47.02,0.0,0,47.02,16.46,5.71,24.85
12599,1987,2025-04-08,Apparel,153.37,0.0,0,153.37,53.68,7.3,92.39
12600,1988,2024-02-11,Accessories,45.0,0.0,0,45.0,13.5,5.68,25.82
12601,1988,2024-05-26,Home,86.2,0.0,0,86.2,41.38,6.29,38.53
12602,1988,2024-05-10,Apparel,66.01,0.1,0,59.41,23.1,5.89,30.42
12603,1988,2024-10-08,Home,149.58,0.0,0,149.58,71.8,7.24,70.54
12604,1989,2024-02-28,Apparel,73.85,0.0,1,0.0,0.0,13.11,-13.11
12605,1989,2024-03-06,Accessories,19.43,0.0,0,19.43,5.83,5.29,8.31
12606,1989,2024-04-05,Electronics,262.76,0.2,0,210.21,189.19,8.15,12.87
12607,1989,2024-05-09,Electronics,237.59,0.0,1,0.0,0.0,15.56,-15.56
12608,1989,2024-05-16,Home,110.86,0.0,0,110.86,53.21,6.66,50.99
12609,1989,2024-07-04,Apparel,90.66,0.2,0,72.53,31.73,6.09,34.71
12610,1989,2024-08-17,Apparel,45.8,0.2,0,36.64,16.03,5.55,15.06
12611,1989,2024-09-16,Electronics,100.6,0.2,0,80.48,72.43,6.21,1.84
12612,1989,2024-10-09,Accessories,39.42,0.05,0,37.45,11.83,5.56,20.06
12613,1989,2024-10-13,Apparel,51.25,0.05,0,48.69,17.94,5.73,25.02
12614,1989,2024-10-11,Home,57.11,0.05,0,54.26,27.41,5.81,21.04
12615,1989,2024-11-06,Accessories,41.88,0.1,0,37.69,12.56,5.57,19.56
12616,1989,2024-12-07,Accessories,29.92,0.2,0,23.94,8.98,5.36,9.6
12617,1989,2025-04-02,Home,96.96,0.0,0,96.96,46.54,6.45,43.97
12618,1989,2025-06-11,Electronics,412.5,0.05,0,391.87,297.0,10.88,83.99
12619,1990,2024-01-08,Accessories,53.5,0.2,0,42.8,16.05,5.64,21.11
12620,1990,2024-01-16,Accessories,61.43,0.0,0,61.43,18.43,5.92,37.08
12621,1990,2024-02-01,Accessories,56.31,0.1,0,50.68,16.89,5.76,28.03
12622,1990,2024-05-20,Electronics,168.64,0.0,0,168.64,121.42,7.53,39.69
12623,1990,2024-05-28,Electronics,183.95,0.05,0,174.75,132.44,7.62,34.69
12624,1990,2024-11-24,Accessories,46.2,0.2,0,36.96,13.86,5.55,17.55
12625,1990,2025-02-20,Accessories,81.24,0.0,1,0.0,0.0,13.22,-13.22
12626,1990,2025-04-12,Accessories,54.69,0.0,0,54.69,16.41,5.82,32.46
12627,1990,2025-05-14,Accessories,36.22,0.0,0,36.22,10.87,5.54,19.81
12628,1991,2024-08-24,Home,102.46,0.2,0,81.97,49.18,6.23,26.56
12629,1991,2024-08-21,Apparel,47.96,0.0,0,47.96,16.79,5.72,25.45
12630,1991,2024-11-10,Electronics,147.18,0.05,0,139.82,105.97,7.1,26.75
12631,1991,2025-01-13,Home,214.24,0.1,0,192.81,102.83,7.89,82.09
12632,1991,2025-02-18,Home,140.28,0.0,0,140.28,67.33,7.1,65.85
12633,1991,2025-03-19,Electronics,202.43,0.1,0,182.19,145.75,7.73,28.71
12634,1991,2025-03-17,Apparel,68.04,0.1,0,61.23,23.81,5.92,31.5
12635,1991,2025-04-19,Electronics,103.43,0.2,0,82.74,74.47,6.24,2.03
12636,1991,2025-04-04,Electronics,293.09,0.1,0,263.78,211.02,8.96,43.8
12637,1992,2024-04-20,Electronics,194.59,0.2,0,155.67,140.1,7.34,8.23
12638,1992,2024-09-12,Accessories,50.02,0.0,0,50.02,15.01,5.75,29.26
12639,1992,2024-09-15,Apparel,65.78,0.05,0,62.49,23.02,5.94,33.53
12640,1993,2024-01-22,Apparel,71.3,0.05,0,67.73,24.95,6.02,36.76
12641,1993,2024-01-12,Electronics,412.16,0.05,1,0.0,0.0,17.87,-17.87
12642,1993,2024-06-23,Apparel,119.16,0.1,0,107.24,41.71,6.61,58.92
12643,1993,2024-06-21,Home,153.34,0.2,0,122.68,73.61,6.84,42.23
12644,1993,2024-09-13,Electronics,326.19,0.1,0,293.57,234.85,9.4,49.32
12645,1993,2024-09-28,Accessories,38.38,0.0,0,38.38,11.51,5.58,21.29
12646,1994,2024-03-05,Electronics,137.55,0.0,0,137.55,99.04,7.06,31.45
12647,1994,2024-04-27,Accessories,50.66,0.2,0,40.53,15.2,5.61,19.72
12648,1994,2024-05-28,Apparel,70.49,0.1,0,63.44,24.67,5.95,32.82
12649,1994,2024-06-06,Home,149.66,0.0,0,149.66,71.84,7.24,70.58
12650,1994,2024-07-22,Accessories,68.39,0.05,1,0.0,0.0,12.97,-12.97
12651,1994,2024-07-06,Electronics,140.95,0.0,0,140.95,101.48,7.11,32.36
12652,1994,2024-08-07,Electronics,166.41,0.05,0,158.09,119.82,7.37,30.9
12653,1994,2024-08-16,Home,95.31,0.0,0,95.31,45.75,6.43,43.13
12654,1994,2024-09-08,Accessories,32.68,0.0,0,32.68,9.8,5.49,17.39
12655,1994,2024-09-27,Accessories,104.05,0.2,0,83.24,31.21,6.25,45.78
12656,1994,2024-10-13,Electronics,400.51,0.05,0,380.48,288.37,10.71,81.4
12657,1994,2024-11-10,Apparel,60.92,0.0,0,60.92,21.32,5.91,33.69
12658,1994,2024-12-27,Electronics,167.12,0.05,0,158.76,120.33,7.38,31.05
12659,1994,2025-01-20,Home,102.27,0.0,1,0.0,0.0,13.53,-13.53
12660,1994,2025-01-18,Electronics,255.33,0.0,0,255.33,183.84,8.83,62.66
12661,1994,2025-04-01,Accessories,41.41,0.1,0,37.27,12.42,5.56,19.29
12662,1994,2025-04-23,Electronics,139.81,0.1,0,125.83,100.67,6.89,18.27
12663,1994,2025-05-02,Accessories,45.05,0.05,0,42.8,13.52,5.64,23.64
12664,1994,2025-05-24,Apparel,134.84,0.0,0,134.84,47.19,7.02,80.63
12665,1994,2025-06-18,Accessories,77.05,0.2,0,61.64,23.12,5.92,32.6
12666,1995,2024-03-06,Accessories,34.14,0.1,0,30.73,10.24,5.46,15.03
12667,1995,2024-10-03,Home,90.01,0.0,0,90.01,43.21,6.35,40.45
12668,1995,2025-03-20,Accessories,42.79,0.05,0,40.65,12.84,5.61,22.2
12669,1996,2024-08-28,Accessories,40.18,0.1,0,36.16,12.05,5.54,18.57
12670,1996,2024-08-24,Home,65.32,0.0,0,65.32,31.35,5.98,27.99
12671,1996,2024-10-15,Home,75.44,0.2,0,60.35,36.21,5.91,18.23
12672,1996,2025-06-12,Electronics,346.83,0.1,0,312.14,249.71,9.68,52.75
12673,1997,2025-02-04,Home,161.57,0.1,0,145.41,77.55,7.18,60.68
12674,1998,2024-08-18,Home,81.75,0.1,0,73.57,39.24,6.1,28.23
12675,1998,2024-09-08,Electronics,200.33,0.1,0,180.3,144.24,7.7,28.36
12676,1998,2024-11-26,Electronics,307.21,0.0,1,0.0,0.0,16.61,-16.61
12677,1998,2025-01-01,Apparel,27.73,0.05,1,0.0,0.0,12.4,-12.4
12678,1999,2024-08-21,Electronics,217.19,0.05,0,206.33,156.37,8.09,41.87
12679,1999,2024-10-03,Home,117.83,0.0,0,117.83,56.56,6.77,54.5
12680,1999,2024-12-02,Home,67.07,0.2,0,53.66,32.19,5.8,15.67
12681,1999,2025-05-05,Electronics,291.84,0.05,0,277.25,210.13,9.16,57.96
12682,1999,2025-05-23,Home,156.92,0.0,0,156.92,75.32,7.35,74.25
12683,1999,2025-05-19,Accessories,23.61,0.2,0,18.89,7.08,5.28,6.53
12684,2000,2024-01-11,Home,83.16,0.0,0,83.16,39.92,6.25,36.99
12685,2000,2024-02-08,Apparel,131.79,0.05,0,125.2,46.13,6.88,72.19
12686,2000,2024-03-17,Electronics,100.21,0.05,0,95.2,72.15,6.43,16.62
12687,2000,2024-05-19,Home,56.73,0.0,0,56.73,27.23,5.85,23.65
12688,2000,2024-05-26,Accessories,63.08,0.1,0,56.77,18.92,5.85,32.0
12689,2000,2024-06-08,Accessories,29.57,0.2,0,23.66,8.87,5.35,9.44
12690,2000,2024-08-28,Apparel,50.61,0.05,0,48.08,17.71,5.72,24.65
12691,2000,2025-01-09,Accessories,19.64,0.2,0,15.71,5.89,5.24,4.58
12692,2001,2024-01-25,Electronics,218.73,0.05,0,207.8,157.49,8.12,42.19
12693,2001,2024-11-16,Apparel,154.18,0.1,0,138.76,53.96,7.08,77.72
12694,2001,2024-11-08,Home,125.63,0.05,0,119.35,60.3,6.79,52.26
12695,2001,2024-11-04,Accessories,44.65,0.1,0,40.19,13.4,5.6,21.19
12696,2002,2024-04-10,Accessories,63.62,0.1,0,57.26,19.09,5.86,32.31
12697,2002,2024-08-21,Accessories,66.58,0.1,0,59.92,19.97,5.9,34.05
12698,2002,2025-01-23,Accessories,31.8,0.0,0,31.8,9.54,5.48,16.78
12699,2002,2025-01-13,Electronics,150.32,0.05,1,0.0,0.0,14.14,-14.14
12700,2002,2025-02-26,Electronics,659.49,0.0,0,659.49,474.83,14.89,169.77
12701,2003,2024-02-24,Home,134.26,0.0,0,134.26,64.44,7.01,62.81
12702,2003,2024-02-20,Home,65.43,0.0,0,65.43,31.41,5.98,28.04
12703,2003,2024-02-19,Electronics,133.97,0.1,0,120.58,96.46,6.81,17.31
12704,2003,2024-05-12,Electronics,131.65,0.1,1,0.0,0.0,13.78,-13.78
12705,2003,2025-01-24,Home,78.51,0.1,0,70.66,37.69,6.06,26.91
12706,2003,2025-05-16,Accessories,33.81,0.0,0,33.81,10.14,5.51,18.16
12707,2004,2024-02-21,Home,97.87,0.0,0,97.87,46.98,6.47,44.42
12708,2004,2024-03-12,Accessories,41.68,0.0,0,41.68,12.5,5.63,23.55
12709,2004,2024-04-27,Accessories,51.9,0.0,0,51.9,15.57,5.78,30.55
12710,2004,2024-05-04,Home,28.35,0.0,1,0.0,0.0,12.43,-12.43
12711,2004,2025-02-27,Accessories,28.26,0.05,0,26.85,8.48,5.4,12.97
12712,2004,2025-02-08,Accessories,58.84,0.05,0,55.9,17.65,5.84,32.41
12713,2005,2024-02-11,Accessories,50.62,0.0,0,50.62,15.19,5.76,29.67
12714,2005,2024-04-08,Electronics,195.19,0.1,0,175.67,140.54,7.64,27.49
12715,2005,2024-05-17,Home,67.15,0.0,0,67.15,32.23,6.01,28.91
12716,2005,2025-03-02,Apparel,94.21,0.1,0,84.79,32.97,6.27,45.55
12717,2005,2025-03-10,Electronics,153.59,0.0,0,153.59,110.58,7.3,35.71
12718,2005,2025-03-18,Electronics,139.24,0.05,0,132.27,100.25,6.98,25.04
12719,2005,2025-06-19,Apparel,49.63,0.0,0,49.63,17.37,5.74,26.52
12720,2005,2025-06-18,Home,97.46,0.0,0,97.46,46.78,6.46,44.22
12721,2006,2024-08-13,Home,90.43,0.0,0,90.43,43.4,6.36,40.67
12722,2006,2024-10-20,Apparel,56.18,0.0,0,56.18,19.66,5.84,30.68
12723,2006,2024-10-21,Apparel,74.85,0.0,0,74.85,26.2,6.12,42.53
12724,2006,2024-10-28,Apparel,89.46,0.0,0,89.46,31.31,6.34,51.81
12725,2006,2024-12-26,Accessories,24.45,0.2,0,19.56,7.33,5.29,6.94
12726,2006,2024-12-04,Electronics,499.19,0.1,0,449.27,359.42,11.74,78.11
12727,2006,2025-01-16,Home,125.42,0.1,0,112.88,60.2,6.69,45.99
12728,2007,2024-02-13,Apparel,74.96,0.2,0,59.97,26.24,5.9,27.83
12729,2007,2024-03-21,Electronics,194.32,0.0,0,194.32,139.91,7.91,46.5
12730,2007,2024-03-20,Home,61.86,0.05,0,58.77,29.69,5.88,23.2
12731,2007,2024-06-19,Apparel,65.15,0.2,0,52.12,22.8,5.78,23.54
12732,2007,2024-10-13,Electronics,297.46,0.05,0,282.59,214.17,9.24,59.18
12733,2007,2024-12-28,Apparel,64.84,0.05,0,61.6,22.69,5.92,32.99
12734,2007,2024-12-26,Electronics,200.6,0.0,0,200.6,144.44,8.01,48.15
12735,2007,2025-01-06,Apparel,31.96,0.1,1,0.0,0.0,12.43,-12.43
12736,2008,2024-10-15,Accessories,21.35,0.0,0,21.35,6.41,5.32,9.62
12737,2009,2024-09-11,Accessories,31.0,0.1,0,27.9,9.3,5.42,13.18
12738,2009,2024-11-24,Accessories,39.57,0.2,0,31.66,11.87,5.47,14.32
12739,2009,2024-12-22,Apparel,46.78,0.2,0,37.42,16.37,5.56,15.49
12740,2009,2025-03-25,Apparel,95.19,0.0,0,95.19,33.32,6.43,55.44
12741,2009,2025-03-20,Electronics,170.14,0.2,0,136.11,122.5,7.04,6.57
12742,2009,2025-04-08,Home,112.2,0.0,0,112.2,53.86,6.68,51.66
12743,2009,2025-04-14,Home,289.26,0.1,0,260.33,138.84,8.9,112.59
12744,2009,2025-06-09,Home,113.93,0.1,1,0.0,0.0,13.54,-13.54
12745,2009,2025-06-19,Electronics,285.55,0.0,0,285.55,205.59,9.28,70.68
12746,2010,2024-07-16,Electronics,121.44,0.0,0,121.44,87.44,6.82,27.18
12747,2010,2024-09-22,Electronics,90.15,0.05,0,85.65,64.91,6.28,14.46
12748,2010,2024-12-08,Apparel,85.2,0.05,1,0.0,0.0,13.21,-13.21
12749,2010,2025-03-13,Apparel,58.79,0.0,0,58.79,20.58,5.88,32.33
12750,2012,2024-01-17,Apparel,36.18,0.1,0,32.56,12.66,5.49,14.41
12751,2012,2024-04-24,Home,173.67,0.0,0,173.67,83.36,7.61,82.7
12752,2012,2024-06-25,Electronics,289.02,0.0,0,289.02,208.09,9.34,71.59
12753,2012,2024-07-28,Accessories,37.84,0.05,0,35.95,11.35,5.54,19.06
12754,2012,2024-07-09,Apparel,93.12,0.0,0,93.12,32.59,6.4,54.13
12755,2012,2024-08-01,Home,118.31,0.0,0,118.31,56.79,6.77,54.75
12756,2012,2024-09-04,Home,56.44,0.05,0,53.61,27.09,5.8,20.72
12757,2012,2024-10-11,Accessories,33.87,0.1,0,30.48,10.16,5.46,14.86
12758,2012,2024-12-28,Apparel,117.48,0.0,0,117.48,41.12,6.76,69.6
12759,2012,2025-03-22,Apparel,61.26,0.1,0,55.13,21.44,5.83,27.86
12760,2012,2025-04-08,Home,88.42,0.1,0,79.57,42.44,6.19,30.94
12761,2012,2025-04-24,Electronics,310.44,0.05,0,294.92,223.52,9.42,61.98
12762,2012,2025-05-01,Apparel,32.21,0.05,0,30.6,11.27,5.46,13.87
12763,2012,2025-05-21,Electronics,273.75,0.0,0,273.75,197.1,9.11,67.54
12764,2012,2025-06-16,Accessories,49.66,0.2,0,39.73,14.9,5.6,19.23
12765,2013,2024-01-19,Accessories,43.96,0.1,0,39.57,13.19,5.59,20.79
12766,2013,2024-02-06,Accessories,27.08,0.2,0,21.66,8.12,5.32,8.22
12767,2013,2024-02-02,Electronics,205.06,0.05,0,194.8,147.64,7.92,39.24
12768,2013,2024-06-26,Accessories,33.64,0.05,0,31.96,10.09,5.48,16.39
12769,2013,2024-06-06,Apparel,100.27,0.05,0,95.25,35.09,6.43,53.73
12770,2013,2025-06-17,Electronics,241.6,0.2,1,0.0,0.0,14.9,-14.9
12771,2013,2025-06-13,Home,83.37,0.05,0,79.2,40.02,6.19,32.99
12772,2014,2024-01-16,Apparel,50.28,0.05,0,47.77,17.6,5.72,24.45
12773,2014,2024-02-05,Accessories,77.37,0.1,0,69.63,23.21,6.04,40.38
12774,2014,2024-03-08,Apparel,125.58,0.0,0,125.58,43.95,6.88,74.75
12775,2014,2024-04-13,Accessories,35.47,0.1,0,31.92,10.64,5.48,15.8
12776,2014,2024-08-23,Accessories,44.79,0.1,0,40.31,13.44,5.6,21.27
12777,2014,2024-08-23,Electronics,162.29,0.0,0,162.29,116.85,7.43,38.01
12778,2014,2025-03-24,Electronics,313.34,0.0,0,313.34,225.6,9.7,78.04
12779,2015,2024-08-13,Home,109.47,0.2,0,87.57,52.54,6.31,28.72
12780,2015,2024-08-17,Home,95.1,0.05,0,90.34,45.65,6.36,38.33
12781,2015,2024-11-18,Home,113.54,0.0,0,113.54,54.5,6.7,52.34
12782,2015,2025-04-21,Apparel,83.69,0.0,0,83.69,29.29,6.26,48.14
12783,2015,2025-04-23,Electronics,149.22,0.2,0,119.38,107.44,6.79,5.15
12784,2015,2025-04-08,Apparel,27.79,0.0,0,27.79,9.73,5.42,12.64
12785,2015,2025-05-05,Electronics,200.17,0.0,0,200.17,144.12,8.0,48.05
12786,2015,2025-05-18,Apparel,30.83,0.0,0,30.83,10.79,5.46,14.58
12787,2015,2025-06-24,Electronics,167.17,0.05,0,158.81,120.36,7.38,31.07
12788,2016,2024-09-11,Electronics,317.33,0.1,1,0.0,0.0,16.28,-16.28
12789,2016,2025-01-16,Home,107.0,0.05,0,101.65,51.36,6.52,43.77
12790,2016,2025-02-14,Apparel,73.26,0.1,0,65.93,25.64,5.99,34.3
12791,2016,2025-03-22,Electronics,123.89,0.0,0,123.89,89.2,6.86,27.83
12792,2016,2025-03-15,Apparel,75.96,0.2,0,60.77,26.58,5.91,28.28
12793,2016,2025-04-10,Accessories,33.88,0.0,1,0.0,0.0,12.51,-12.51
12794,2016,2025-04-14,Home,133.0,0.0,0,133.0,63.84,6.99,62.17
12795,2016,2025-06-27,Electronics,210.03,0.0,0,210.03,151.22,8.15,50.66
12796,2017,2024-01-06,Accessories,48.46,0.0,0,48.46,14.54,5.73,28.19
12797,2017,2024-04-11,Electronics,273.11,0.0,0,273.11,196.64,9.1,67.37
12798,2017,2024-08-27,Accessories,27.37,0.0,0,27.37,8.21,5.41,13.75
12799,2017,2025-03-02,Home,71.27,0.05,1,0.0,0.0,13.02,-13.02
12800,2017,2025-05-09,Accessories,34.15,0.1,0,30.74,10.25,5.46,15.03
12801,2017,2025-06-05,Apparel,101.22,0.0,0,101.22,35.43,6.52,59.27
12802,2018,2024-03-08,Accessories,84.59,0.0,0,84.59,25.38,6.27,52.94
12803,2018,2024-04-06,Apparel,53.68,0.05,0,50.99,18.79,5.76,26.44
12804,2018,2024-08-10,Accessories,60.15,0.0,0,60.15,18.04,5.9,36.21
12805,2018,2025-03-03,Home,116.83,0.0,0,116.83,56.08,6.75,54.0
12806,2018,2025-03-07,Electronics,299.53,0.1,0,269.57,215.66,9.04,44.87
12807,2018,2025-05-24,Electronics,147.83,0.05,0,140.44,106.44,7.11,26.89
12808,2018,2025-05-09,Home,104.11,0.0,0,104.11,49.97,6.56,47.58
12809,2019,2024-06-26,Apparel,57.51,0.0,1,0.0,0.0,12.86,-12.86
12810,2019,2024-07-21,Apparel,117.92,0.05,0,112.02,41.27,6.68,64.07
12811,2019,2025-01-18,Electronics,186.67,0.1,0,168.01,134.4,7.52,26.09
12812,2019,2025-01-09,Electronics,344.52,0.1,0,310.07,248.05,9.65,52.37
12813,2020,2024-04-19,Accessories,42.4,0.05,0,40.28,12.72,5.6,21.96
12814,2020,2024-06-11,Home,82.22,0.0,0,82.22,39.47,6.23,36.52
12815,2020,2024-10-20,Home,55.92,0.0,0,55.92,26.84,5.84,23.24
12816,2020,2025-01-21,Electronics,256.62,0.1,0,230.96,184.77,8.46,37.73
12817,2020,2025-02-12,Accessories,51.5,0.1,1,0.0,0.0,12.7,-12.7
12818,2021,2024-10-09,Home,109.19,0.05,0,103.73,52.41,6.56,44.76
12819,2021,2025-02-21,Home,41.41,0.2,0,33.12,19.87,5.5,7.75
12820,2021,2025-02-18,Accessories,27.6,0.05,1,0.0,0.0,12.39,-12.39
12821,2021,2025-04-13,Accessories,66.69,0.2,0,53.35,20.01,5.8,27.54
12822,2022,2024-08-15,Electronics,183.03,0.1,0,164.73,131.78,7.47,25.48
12823,2022,2024-09-08,Accessories,43.25,0.1,0,38.92,12.97,5.58,20.37
12824,2022,2024-10-05,Electronics,250.95,0.05,0,238.4,180.68,8.58,49.14
12825,2022,2024-12-22,Apparel,65.23,0.1,0,58.7,22.83,5.88,29.99
12826,2022,2025-02-13,Apparel,49.0,0.0,1,0.0,0.0,12.73,-12.73
12827,2022,2025-02-04,Home,110.56,0.1,0,99.5,53.07,6.49,39.94
12828,2022,2025-04-21,Home,49.13,0.05,0,46.67,23.58,5.7,17.39
12829,2023,2024-10-19,Accessories,40.22,0.05,0,38.21,12.07,5.57,20.57
12830,2023,2024-11-17,Apparel,73.13,0.1,0,65.82,25.6,5.99,34.23
12831,2023,2024-12-26,Electronics,244.17,0.05,1,0.0,0.0,15.48,-15.48
12832,2023,2025-01-04,Apparel,38.79,0.0,0,38.79,13.58,5.58,19.63
12833,2023,2025-02-11,Apparel,40.76,0.2,0,32.61,14.27,5.49,12.85
12834,2024,2024-05-18,Accessories,17.67,0.05,0,16.78,5.3,5.25,6.23
12835,2024,2024-05-20,Accessories,52.82,0.0,0,52.82,15.84,5.79,31.19
12836,2024,2024-07-22,Apparel,57.23,0.1,0,51.5,20.03,5.77,25.7
12837,2024,2024-12-16,Apparel,100.34,0.05,0,95.33,35.12,6.43,53.78
12838,2024,2025-03-16,Electronics,241.53,0.0,1,0.0,0.0,15.62,-15.62
12839,2025,2024-08-08,Home,132.28,0.05,0,125.67,63.49,6.89,55.29
12840,2025,2024-09-20,Electronics,258.9,0.05,0,245.96,186.41,8.69,50.86
12841,2025,2024-10-04,Home,37.5,0.0,0,37.5,18.0,5.56,13.94
12842,2025,2024-12-27,Accessories,23.2,0.0,1,0.0,0.0,12.35,-12.35
12843,2026,2024-05-21,Electronics,118.03,0.2,0,94.42,84.98,6.42,3.02
12844,2026,2024-05-18,Home,131.29,0.0,0,131.29,63.02,6.97,61.3
12845,2026,2024-08-24,Electronics,254.43,0.2,0,203.55,183.19,8.05,12.31
12846,2026,2024-09-22,Home,81.19,0.05,0,77.13,38.97,6.16,32.0
12847,2026,2024-11-28,Home,125.28,0.1,0,112.75,60.13,6.69,45.93
12848,2026,2024-12-23,Apparel,58.43,0.2,0,46.75,20.45,5.7,20.6
12849,2026,2025-01-27,Apparel,49.53,0.2,0,39.63,17.34,5.59,16.7
12850,2027,2024-04-15,Electronics,339.85,0.05,0,322.86,244.69,9.84,68.33
12851,2027,2024-04-27,Accessories,47.99,0.05,1,0.0,0.0,12.68,-12.68
12852,2027,2024-10-16,Accessories,77.7,0.05,0,73.82,23.31,6.11,44.4
12853,2027,2024-10-02,Electronics,151.39,0.2,0,121.11,109.0,6.82,5.29
12854,2027,2025-06-07,Electronics,454.24,0.0,0,454.24,327.05,11.81,115.38
12855,2028,2024-08-08,Apparel,56.17,0.2,0,44.94,19.66,5.67,19.61
12856,2028,2024-08-16,Electronics,187.52,0.05,0,178.14,135.01,7.67,35.46
12857,2028,2024-11-27,Electronics,242.98,0.0,0,242.98,174.94,8.64,59.4
12858,2028,2025-03-12,Apparel,102.47,0.0,0,102.47,35.86,6.54,60.07
12859,2028,2025-03-12,Electronics,203.45,0.2,0,162.76,146.49,7.44,8.83
12860,2028,2025-04-15,Electronics,261.7,0.2,1,0.0,0.0,15.14,-15.14
12861,2028,2025-06-16,Electronics,301.8,0.0,0,301.8,217.3,9.53,74.97
12862,2029,2024-01-02,Accessories,40.29,0.1,0,36.26,12.09,5.54,18.63
12863,2029,2024-05-02,Apparel,109.41,0.0,0,109.41,38.29,6.64,64.48
12864,2029,2024-05-07,Apparel,31.79,0.0,0,31.79,11.13,5.48,15.18
12865,2029,2024-10-11,Accessories,35.61,0.2,0,28.49,10.68,5.43,12.38
12866,2029,2024-10-13,Home,200.15,0.1,0,180.14,96.07,7.7,76.37
12867,2029,2024-10-01,Apparel,78.62,0.1,0,70.76,27.52,6.06,37.18
12868,2029,2024-11-14,Home,44.57,0.0,0,44.57,21.39,5.67,17.51
12869,2030,2024-01-14,Accessories,65.32,0.0,0,65.32,19.6,5.98,39.74
12870,2030,2024-05-28,Electronics,164.13,0.0,0,164.13,118.17,7.46,38.5
12871,2030,2025-01-16,Electronics,215.45,0.0,0,215.45,155.12,8.23,52.1
12872,2030,2025-03-16,Apparel,57.2,0.1,0,51.48,20.02,5.77,25.69
12873,2030,2025-03-11,Home,73.99,0.05,0,70.29,35.52,6.05,28.72
12874,2031,2024-02-07,Accessories,37.78,0.0,0,37.78,11.33,5.57,20.88
12875,2031,2024-03-06,Home,137.63,0.0,0,137.63,66.06,7.06,64.51
12876,2031,2025-02-19,Home,171.35,0.1,0,154.21,82.25,7.31,64.65
12877,2032,2024-03-19,Accessories,44.13,0.0,0,44.13,13.24,5.66,25.23
12878,2032,2024-05-25,Accessories,52.68,0.1,0,47.41,15.8,5.71,25.9
12879,2032,2024-07-08,Apparel,88.03,0.05,0,83.63,30.81,6.25,46.57
12880,2032,2024-08-17,Home,93.61,0.1,0,84.25,44.93,6.26,33.06
12881,2032,2024-08-11,Electronics,276.94,0.1,0,249.25,199.4,8.74,41.11
12882,2032,2024-09-14,Apparel,117.0,0.0,0,117.0,40.95,6.76,69.29
12883,2032,2024-09-04,Home,66.78,0.1,0,60.1,32.05,5.9,22.15
12884,2032,2024-11-11,Accessories,28.16,0.05,0,26.76,8.45,5.4,12.91
12885,2032,2025-04-02,Apparel,87.83,0.0,0,87.83,30.74,6.32,50.77
12886,2032,2025-05-09,Home,58.94,0.05,1,0.0,0.0,12.84,-12.84
12887,2033,2024-09-02,Apparel,37.97,0.2,1,0.0,0.0,12.46,-12.46
12888,2033,2024-09-12,Home,119.86,0.05,0,113.87,57.53,6.71,49.63
12889,2033,2024-10-27,Electronics,170.62,0.2,0,136.5,122.85,7.05,6.6
12890,2033,2025-01-07,Accessories,126.48,0.0,0,126.48,37.94,6.9,81.64
12891,2033,2025-01-21,Electronics,277.93,0.2,0,222.34,200.11,8.34,13.89
12892,2033,2025-02-03,Apparel,80.29,0.1,0,72.27,28.1,6.08,38.09
12893,2033,2025-02-09,Electronics,257.57,0.0,0,257.57,185.45,8.86,63.26
12894,2033,2025-04-04,Apparel,80.28,0.0,0,80.28,28.1,6.2,45.98
12895,2033,2025-04-18,Electronics,205.4,0.0,0,205.4,147.89,8.08,49.43
12896,2033,2025-04-12,Apparel,37.57,0.0,0,37.57,13.15,5.56,18.86
12897,2033,2025-04-17,Accessories,39.93,0.2,1,0.0,0.0,12.48,-12.48
12898,2034,2024-07-16,Apparel,95.45,0.1,0,85.91,33.41,6.29,46.21
12899,2034,2024-08-24,Home,101.27,0.1,0,91.15,48.61,6.37,36.17
12900,2034,2024-12-17,Accessories,45.78,0.05,0,43.49,13.74,5.65,24.1
12901,2035,2024-03-15,Accessories,38.24,0.0,0,38.24,11.47,5.57,21.2
12902,2035,2024-05-04,Electronics,91.95,0.2,0,73.56,66.2,6.1,1.26
12903,2035,2024-07-27,Accessories,32.9,0.1,0,29.61,9.87,5.44,14.3
12904,2035,2025-02-22,Apparel,21.95,0.05,0,20.86,7.68,5.31,7.87
12905,2036,2024-07-26,Apparel,40.99,0.0,0,40.99,14.34,5.61,21.04
12906,2037,2024-03-09,Accessories,40.97,0.2,0,32.78,12.29,5.49,15.0
12907,2037,2024-10-05,Accessories,89.56,0.1,0,80.61,26.87,6.21,47.53
12908,2037,2024-10-16,Accessories,25.42,0.0,0,25.42,7.63,5.38,12.41
12909,2038,2024-07-05,Accessories,36.01,0.1,0,32.41,10.8,5.49,16.12
12910,2038,2024-07-20,Home,110.42,0.0,0,110.42,53.0,6.66,50.76
12911,2038,2024-07-07,Electronics,236.34,0.2,0,189.07,170.17,7.84,11.06
12912,2038,2024-11-19,Electronics,232.14,0.05,0,220.53,167.14,8.31,45.08
12913,2038,2024-11-17,Apparel,87.68,0.2,0,70.15,30.69,6.05,33.41
12914,2038,2025-02-14,Home,99.85,0.0,0,99.85,47.93,6.5,45.42
12915,2038,2025-03-04,Home,99.97,0.0,0,99.97,47.99,6.5,45.48
12916,2038,2025-05-15,Accessories,32.44,0.05,0,30.82,9.73,5.46,15.63
12917,2038,2025-06-11,Apparel,66.39,0.05,0,63.07,23.24,5.95,33.88
12918,2039,2024-06-06,Electronics,246.65,0.0,0,246.65,177.59,8.7,60.36
12919,2039,2024-08-09,Home,59.5,0.05,0,56.53,28.56,5.85,22.12
12920,2039,2024-09-01,Accessories,46.39,0.05,0,44.07,13.92,5.66,24.49
12921,2039,2024-09-10,Electronics,328.12,0.0,0,328.12,236.25,9.92,81.95
12922,2039,2024-10-12,Accessories,90.53,0.05,0,86.0,27.16,6.29,52.55
12923,2039,2024-11-18,Electronics,251.12,0.2,0,200.9,180.81,8.01,12.08
12924,2039,2024-11-16,Apparel,79.57,0.2,1,0.0,0.0,12.95,-12.95
12925,2039,2025-01-11,Apparel,80.91,0.0,0,80.91,28.32,6.21,46.38
12926,2039,2025-03-18,Apparel,71.41,0.2,0,57.13,24.99,5.86,26.28
12927,2039,2025-03-21,Accessories,47.79,0.05,1,0.0,0.0,12.68,-12.68
12928,2039,2025-06-20,Home,78.07,0.0,0,78.07,37.47,6.17,34.43
12929,2039,2025-06-19,Electronics,175.21,0.1,0,157.69,126.15,7.37,24.17
12930,2040,2024-08-17,Apparel,133.92,0.05,0,127.23,46.87,6.91,73.45
12931,2040,2024-08-23,Apparel,49.99,0.0,0,49.99,17.5,5.75,26.74
12932,2041,2024-02-06,Home,133.84,0.0,0,133.84,64.24,7.01,62.59
12933,2041,2024-03-13,Accessories,69.34,0.05,0,65.87,20.8,5.99,39.08
12934,2041,2024-04-06,Electronics,184.23,0.05,0,175.02,132.65,7.63,34.74
12935,2041,2024-04-23,Electronics,312.47,0.1,0,281.23,224.98,9.22,47.03
12936,2041,2024-07-06,Electronics,250.94,0.0,0,250.94,180.68,8.76,61.5
12937,2041,2024-08-07,Home,99.8,0.05,0,94.81,47.91,6.42,40.48
12938,2041,2024-09-17,Electronics,144.15,0.2,0,115.32,103.79,6.73,4.8
12939,2041,2024-10-16,Accessories,54.02,0.2,0,43.22,16.21,5.65,21.36
12940,2041,2025-02-24,Apparel,37.18,0.2,1,0.0,0.0,12.45,-12.45
12941,2041,2025-03-23,Electronics,344.24,0.2,0,275.39,247.85,9.13,18.41
12942,2041,2025-05-27,Apparel,52.92,0.0,0,52.92,18.52,5.79,28.61
12943,2042,2024-01-17,Electronics,112.96,0.0,0,112.96,81.33,6.69,24.94
12944,2042,2024-02-03,Home,65.62,0.0,0,65.62,31.5,5.98,28.14
12945,2042,2024-06-09,Electronics,157.89,0.1,0,142.1,113.68,7.13,21.29
12946,2042,2024-06-14,Accessories,28.24,0.1,0,25.41,8.47,5.38,11.56
12947,2042,2024-07-19,Accessories,26.11,0.1,0,23.5,7.83,5.35,10.32
12948,2042,2024-09-04,Home,100.09,0.05,0,95.08,48.04,6.43,40.61
12949,2042,2025-01-11,Electronics,423.25,0.05,0,402.09,304.74,11.03,86.32
12950,2042,2025-05-14,Home,111.34,0.05,0,105.77,53.44,6.59,45.74
12951,2042,2025-05-08,Apparel,112.35,0.1,0,101.12,39.32,6.52,55.28
12952,2043,2024-07-05,Apparel,122.6,0.0,0,122.6,42.91,6.84,72.85
12953,2043,2024-09-26,Accessories,37.77,0.0,0,37.77,11.33,5.57,20.87
12954,2043,2024-11-18,Electronics,362.76,0.0,0,362.76,261.18,10.44,91.14
12955,2043,2024-11-27,Accessories,39.98,0.05,0,37.98,11.99,5.57,20.42
12956,2043,2024-12-19,Apparel,40.33,0.0,1,0.0,0.0,12.6,-12.6
12957,2044,2024-05-16,Accessories,24.58,0.0,0,24.58,7.37,5.37,11.84
12958,2044,2024-08-28,Electronics,169.18,0.1,0,152.26,121.81,7.28,23.17
12959,2044,2024-09-27,Accessories,59.52,0.1,0,53.57,17.86,5.8,29.91
12960,2044,2025-05-10,Apparel,59.94,0.2,1,0.0,0.0,12.72,-12.72
12961,2045,2024-01-07,Home,153.81,0.0,0,153.81,73.83,7.31,72.67
12962,2045,2024-04-21,Apparel,49.0,0.0,0,49.0,17.15,5.74,26.11
12963,2045,2024-06-17,Accessories,30.1,0.1,0,27.09,9.03,5.41,12.65
12964,2045,2024-08-04,Accessories,77.67,0.0,0,77.67,23.3,6.17,48.2
12965,2045,2024-10-10,Apparel,53.47,0.05,0,50.8,18.72,5.76,26.32
12966,2045,2024-12-01,Home,45.76,0.0,0,45.76,21.97,5.69,18.1
12967,2045,2024-12-17,Accessories,32.94,0.0,0,32.94,9.88,5.49,17.57
12968,2045,2025-01-06,Apparel,40.65,0.1,0,36.59,14.23,5.55,16.81
12969,2045,2025-03-04,Electronics,281.22,0.2,0,224.97,202.48,8.37,14.12
12970,2045,2025-04-07,Electronics,118.57,0.2,0,94.86,85.37,6.42,3.07
12971,2045,2025-05-07,Accessories,13.58,0.0,0,13.58,4.07,5.2,4.31
12972,2046,2024-07-06,Home,94.91,0.2,0,75.93,45.56,6.14,24.23
12973,2046,2025-02-27,Electronics,243.57,0.0,0,243.57,175.37,8.65,59.55
12974,2047,2024-06-15,Home,92.64,0.05,0,88.0,44.47,6.32,37.21
12975,2047,2024-07-24,Accessories,34.24,0.0,0,34.24,10.27,5.51,18.46
12976,2047,2024-08-23,Apparel,23.7,0.05,0,22.51,8.29,5.34,8.88
12977,2047,2024-08-21,Home,95.54,0.0,0,95.54,45.86,6.43,43.25
12978,2047,2024-10-18,Home,155.88,0.1,0,140.29,74.82,7.1,58.37
12979,2047,2025-05-13,Apparel,111.4,0.0,0,111.4,38.99,6.67,65.74
12980,2048,2024-09-14,Electronics,173.89,0.05,0,165.2,125.2,7.48,32.52
12981,2049,2024-09-12,Accessories,31.2,0.2,0,24.96,9.36,5.37,10.23
12982,2049,2024-09-03,Apparel,75.55,0.05,0,71.77,26.44,6.08,39.25
12983,2050,2024-10-22,Accessories,34.01,0.05,0,32.31,10.2,5.48,16.63
12984,2050,2025-02-12,Home,89.73,0.1,0,80.76,43.07,6.21,31.48
12985,2050,2025-06-22,Accessories,44.24,0.1,1,0.0,0.0,12.6,-12.6
12986,2050,2025-06-24,Electronics,152.45,0.1,0,137.2,109.76,7.06,20.38
12987,2051,2024-01-07,Accessories,41.62,0.2,0,33.3,12.49,5.5,15.31
12988,2051,2024-01-19,Apparel,94.77,0.05,0,90.03,33.17,6.35,50.51
12989,2051,2024-08-15,Electronics,106.13,0.2,0,84.9,76.41,6.27,2.22
12990,2051,2024-10-03,Electronics,445.55,0.05,0,423.28,320.8,11.35,91.13
12991,2051,2025-02-15,Accessories,67.04,0.1,1,0.0,0.0,12.91,-12.91
12992,2052,2025-02-10,Home,89.91,0.0,0,89.91,43.16,6.35,40.4
12993,2052,2025-04-02,Home,82.85,0.2,0,66.28,39.77,5.99,20.52
12994,2053,2024-03-14,Accessories,57.02,0.1,0,51.31,17.1,5.77,28.44
12995,2053,2024-04-28,Electronics,177.33,0.1,0,159.59,127.67,7.39,24.53
12996,2053,2024-05-04,Apparel,70.14,0.2,0,56.12,24.55,5.84,25.73
12997,2053,2024-08-26,Accessories,27.12,0.1,0,24.41,8.14,5.37,10.9
12998,2053,2024-08-01,Home,108.78,0.0,0,108.78,52.21,6.63,49.94
12999,2053,2024-09-09,Home,108.96,0.0,1,0.0,0.0,13.63,-13.63
13000,2053,2024-11-05,Apparel,107.07,0.05,0,101.71,37.47,6.53,57.71
13001,2053,2024-12-08,Electronics,133.24,0.0,0,133.24,95.93,7.0,30.31
13002,2053,2025-01-26,Apparel,41.92,0.0,1,0.0,0.0,12.63,-12.63
13003,2053,2025-02-23,Apparel,75.66,0.0,0,75.66,26.48,6.13,43.05
13004,2053,2025-04-20,Electronics,243.15,0.1,0,218.83,175.07,8.28,35.48
13005,2053,2025-06-02,Home,98.82,0.05,0,93.88,47.44,6.41,40.03
13006,2053,2025-06-20,Electronics,298.99,0.05,0,284.04,215.27,9.26,59.51
13007,2054,2024-10-12,Electronics,340.59,0.0,0,340.59,245.22,10.11,85.26
13008,2054,2024-10-05,Home,82.63,0.1,0,74.37,39.66,6.12,28.59
13009,2054,2024-12-21,Accessories,39.55,0.05,0,37.57,11.87,5.56,20.14
13010,2054,2025-01-22,Apparel,86.94,0.2,0,69.55,30.43,6.04,33.08
13011,2054,2025-06-02,Electronics,190.45,0.05,0,180.93,137.12,7.71,36.1
13012,2055,2024-10-04,Apparel,116.15,0.0,0,116.15,40.65,6.74,68.76
13013,2055,2024-12-18,Accessories,35.72,0.0,0,35.72,10.72,5.54,19.46
13014,2055,2024-12-10,Home,85.51,0.1,1,0.0,0.0,13.15,-13.15
13015,2055,2025-01-16,Home,47.69,0.0,0,47.69,22.89,5.72,19.08
13016,2055,2025-02-16,Electronics,168.81,0.0,0,168.81,121.54,7.53,39.74
13017,2055,2025-04-10,Home,138.62,0.05,0,131.69,66.54,6.98,58.17
13018,2055,2025-05-10,Electronics,170.54,0.2,0,136.43,122.79,7.05,6.59
13019,2056,2024-03-04,Home,50.2,0.05,0,47.69,24.09,5.72,17.88
13020,2056,2024-03-08,Home,63.85,0.1,0,57.46,30.65,5.86,20.95
13021,2056,2024-05-11,Apparel,23.53,0.0,0,23.53,8.24,5.35,9.94
13022,2056,2024-05-24,Accessories,24.37,0.2,0,19.49,7.31,5.29,6.89
13023,2056,2024-06-05,Accessories,41.7,0.05,0,39.62,12.51,5.59,21.52
13024,2056,2024-07-05,Apparel,95.22,0.0,0,95.22,33.33,6.43,55.46
13025,2056,2024-10-12,Accessories,90.29,0.05,1,0.0,0.0,13.29,-13.29
13026,2056,2024-11-09,Apparel,43.04,0.05,0,40.89,15.06,5.61,20.22
13027,2056,2025-06-09,Home,65.5,0.05,0,62.23,31.44,5.93,24.86
13028,2057,2024-08-21,Accessories,28.15,0.2,0,22.52,8.45,5.34,8.73
13029,2057,2025-01-18,Apparel,29.49,0.0,0,29.49,10.32,5.44,13.73
13030,2057,2025-02-05,Apparel,105.86,0.2,1,0.0,0.0,13.27,-13.27
13031,2057,2025-03-24,Apparel,70.24,0.05,0,66.73,24.58,6.0,36.15
13032,2057,2025-04-18,Apparel,51.62,0.05,0,49.04,18.07,5.74,25.23
13033,2057,2025-04-17,Home,114.55,0.05,0,108.82,54.98,6.63,47.21
13034,2058,2024-07-22,Accessories,34.69,0.1,0,31.22,10.41,5.47,15.34
13035,2058,2024-09-25,Apparel,49.28,0.2,1,0.0,0.0,12.59,-12.59
13036,2058,2024-09-28,Home,75.88,0.1,0,68.29,36.42,6.02,25.85
13037,2058,2025-06-19,Accessories,47.7,0.2,0,38.16,14.31,5.57,18.28
13038,2059,2024-05-07,Home,64.7,0.05,0,61.46,31.06,5.92,24.48
13039,2059,2024-07-09,Apparel,59.03,0.1,0,53.12,20.66,5.8,26.66
13040,2059,2024-08-10,Apparel,71.95,0.0,0,71.95,25.18,6.08,40.69
13041,2059,2024-10-21,Accessories,27.92,0.2,0,22.34,8.38,5.34,8.62
13042,2060,2024-10-16,Accessories,68.37,0.1,1,0.0,0.0,12.92,-12.92
13043,2060,2025-03-15,Home,85.14,0.1,0,76.62,40.87,6.15,29.6
13044,2060,2025-03-19,Accessories,65.21,0.0,0,65.21,19.56,5.98,39.67
13045,2061,2024-04-15,Accessories,38.54,0.1,0,34.69,11.56,5.52,17.61
13046,2061,2024-10-02,Apparel,40.46,0.2,0,32.37,14.16,5.49,12.72
13047,2061,2024-10-23,Accessories,33.61,0.05,0,31.93,10.08,5.48,16.37
13048,2062,2024-07-21,Apparel,58.08,0.0,0,58.08,20.33,5.87,31.88
13049,2062,2024-07-23,Electronics,148.85,0.05,0,141.41,107.17,7.12,27.12
13050,2062,2024-08-14,Accessories,90.97,0.05,0,86.42,27.29,6.3,52.83
13051,2062,2024-09-23,Accessories,43.27,0.0,0,43.27,12.98,5.65,24.64
13052,2062,2024-09-25,Accessories,27.69,0.2,0,22.15,8.31,5.33,8.51
13053,2062,2025-01-09,Accessories,76.78,0.2,0,61.43,23.03,5.92,32.48
13054,2062,2025-04-03,Electronics,172.42,0.05,0,163.79,124.14,7.46,32.19
13055,2062,2025-05-21,Apparel,46.1,0.1,0,41.49,16.14,5.62,19.73
13056,2063,2024-06-05,Home,114.34,0.1,0,102.91,54.88,6.54,41.49
13057,2063,2024-06-16,Home,125.07,0.05,0,118.81,60.03,6.78,52.0
13058,2063,2024-06-21,Home,88.48,0.05,0,84.06,42.47,6.26,35.33
13059,2063,2024-07-01,Accessories,49.84,0.1,0,44.85,14.95,5.67,24.23
13060,2063,2024-09-08,Electronics,247.5,0.1,0,222.75,178.2,8.34,36.21
13061,2063,2024-09-16,Electronics,141.0,0.2,0,112.8,101.52,6.69,4.59
13062,2063,2024-09-22,Accessories,78.64,0.0,0,78.64,23.59,6.18,48.87
13063,2063,2024-09-04,Accessories,47.8,0.1,1,0.0,0.0,12.65,-12.65
13064,2063,2024-11-02,Apparel,41.95,0.05,0,39.85,14.68,5.6,19.57
13065,2064,2024-02-14,Home,110.63,0.1,0,99.56,53.1,6.49,39.97
13066,2064,2024-06-15,Home,90.04,0.05,0,85.54,43.22,6.28,36.04
13067,2064,2024-06-08,Apparel,57.25,0.0,0,57.25,20.04,5.86,31.35
13068,2064,2024-10-24,Home,128.44,0.05,0,122.02,61.65,6.83,53.54
13069,2065,2024-02-16,Accessories,39.72,0.2,0,31.77,11.91,5.48,14.38
13070,2065,2024-08-03,Electronics,161.96,0.1,0,145.76,116.61,7.19,21.96
13071,2066,2024-07-01,Accessories,55.79,0.0,0,55.79,16.74,5.84,33.21
13072,2066,2024-10-02,Apparel,64.45,0.1,0,58.01,22.56,5.87,29.58
13073,2066,2025-01-03,Apparel,31.22,0.05,0,29.66,10.93,5.44,13.29
13074,2066,2025-03-01,Home,106.29,0.2,0,85.03,51.02,6.28,27.73
13075,2066,2025-06-27,Electronics,139.31,0.05,0,132.34,100.3,6.99,25.05
13076,2067,2024-06-27,Home,82.27,0.0,0,82.27,39.49,6.23,36.55
13077,2067,2024-06-28,Electronics,391.89,0.0,0,391.89,282.16,10.88,98.85
13078,2067,2024-10-28,Accessories,53.37,0.1,0,48.03,16.01,5.72,26.3
13079,2068,2024-07-01,Home,100.18,0.1,0,90.16,48.09,6.35,35.72
13080,2069,2025-02-26,Apparel,129.94,0.1,1,0.0,0.0,13.75,-13.75
13081,2070,2024-08-12,Electronics,207.68,0.0,0,207.68,149.53,8.12,50.03
13082,2070,2024-11-28,Apparel,36.48,0.05,0,34.65,12.77,5.52,16.36
13083,2070,2024-11-20,Electronics,143.75,0.05,1,0.0,0.0,14.05,-14.05
13084,2070,2024-11-19,Home,102.61,0.0,0,102.61,49.25,6.54,46.82
13085,2070,2024-12-12,Accessories,29.57,0.05,0,28.1,8.87,5.42,13.81
13086,2070,2024-12-10,Electronics,172.75,0.05,0,164.11,124.38,7.46,32.27
13087,2070,2025-02-15,Home,129.05,0.2,0,103.24,61.94,6.55,34.75
13088,2070,2025-02-06,Home,75.08,0.0,0,75.08,36.04,6.13,32.91
13089,2071,2024-05-04,Accessories,11.39,0.0,0,11.39,3.42,5.17,2.8
13090,2071,2024-05-19,Accessories,65.21,0.0,0,65.21,19.56,5.98,39.67
13091,2071,2024-05-21,Home,217.46,0.05,0,206.59,104.38,8.1,94.11
13092,2071,2024-06-25,Home,61.87,0.1,0,55.68,29.7,5.84,20.14
13093,2071,2024-06-08,Accessories,24.55,0.2,0,19.64,7.36,5.29,6.99
13094,2071,2024-07-18,Home,89.73,0.1,0,80.76,43.07,6.21,31.48
13095,2071,2025-01-24,Home,49.79,0.0,0,49.79,23.9,5.75,20.14
13096,2071,2025-03-15,Home,71.27,0.05,0,67.71,34.21,6.02,27.48
13097,2072,2024-05-21,Apparel,45.06,0.0,0,45.06,15.77,5.68,23.61
13098,2072,2024-05-09,Home,46.48,0.0,0,46.48,22.31,5.7,18.47
13099,2072,2024-06-18,Electronics,119.4,0.0,0,119.4,85.97,6.79,26.64
13100,2072,2024-06-17,Accessories,54.67,0.05,0,51.94,16.4,5.78,29.76
13101,2072,2024-08-07,Accessories,58.94,0.0,0,58.94,17.68,5.88,35.38
13102,2072,2024-10-25,Apparel,79.28,0.0,0,79.28,27.75,6.19,45.34
13103,2072,2025-03-27,Electronics,146.47,0.2,0,117.18,105.46,6.76,4.96
13104,2072,2025-05-21,Apparel,107.05,0.2,0,85.64,37.47,6.28,41.89
13105,2073,2024-05-26,Electronics,226.84,0.2,1,0.0,0.0,14.72,-14.72
13106,2073,2024-07-10,Accessories,39.95,0.05,0,37.95,11.99,5.57,20.39
13107,2073,2024-08-10,Apparel,55.86,0.0,0,55.86,19.55,5.84,30.47
13108,2073,2024-08-02,Electronics,165.2,0.0,0,165.2,118.94,7.48,38.78
13109,2073,2024-10-01,Electronics,234.34,0.1,0,210.9,168.72,8.16,34.02
13110,2073,2024-11-14,Accessories,41.28,0.2,0,33.02,12.38,5.5,15.14
13111,2073,2024-12-05,Accessories,66.29,0.05,0,62.97,19.89,5.94,37.14
13112,2073,2025-01-09,Home,158.91,0.1,0,143.02,76.28,7.15,59.59
13113,2073,2025-03-21,Home,60.68,0.05,0,57.64,29.12,5.86,22.66
13114,2073,2025-04-13,Apparel,62.67,0.2,0,50.14,21.93,5.75,22.46
13115,2073,2025-04-12,Accessories,24.08,0.1,0,21.67,7.22,5.33,9.12
13116,2073,2025-05-12,Apparel,48.77,0.2,0,39.02,17.07,5.59,16.36
13117,2074,2024-02-24,Apparel,88.17,0.1,0,79.35,30.86,6.19,42.3
13118,2074,2025-04-20,Apparel,65.65,0.2,1,0.0,0.0,12.79,-12.79
13119,2075,2024-01-26,Accessories,69.75,0.2,0,55.8,20.92,5.84,29.04
13120,2075,2024-01-24,Accessories,73.27,0.1,0,65.94,21.98,5.99,37.97
13121,2075,2024-04-11,Accessories,59.51,0.05,0,56.53,17.85,5.85,32.83
13122,2075,2024-05-19,Electronics,230.0,0.0,0,230.0,165.6,8.45,55.95
13123,2075,2024-06-01,Electronics,193.51,0.2,0,154.81,139.32,7.32,8.17
13124,2075,2024-10-02,Apparel,56.14,0.05,0,53.33,19.65,5.8,27.88
13125,2075,2024-12-12,Accessories,93.94,0.2,0,75.15,28.18,6.13,40.84
13126,2075,2025-02-01,Accessories,31.12,0.0,0,31.12,9.34,5.47,16.31
13127,2075,2025-03-11,Home,53.08,0.05,0,50.43,25.48,5.76,19.19
13128,2075,2025-03-16,Accessories,70.89,0.1,1,0.0,0.0,12.96,-12.96
13129,2075,2025-05-09,Home,124.28,0.1,0,111.86,59.66,6.68,45.52
13130,2075,2025-06-19,Home,52.47,0.2,0,41.97,25.18,5.63,11.16
13131,2075,2025-06-17,Home,119.49,0.0,0,119.49,57.36,6.79,55.34
13132,2076,2024-05-14,Apparel,84.7,0.0,0,84.7,29.65,6.27,48.78
13133,2076,2024-11-26,Apparel,44.54,0.05,0,42.31,15.59,5.63,21.09
13134,2076,2024-11-19,Accessories,19.75,0.05,0,18.76,5.93,5.28,7.55
13135,2076,2024-12-26,Apparel,63.12,0.2,1,0.0,0.0,12.76,-12.76
13136,2076,2025-01-08,Electronics,208.89,0.0,0,208.89,150.4,8.13,50.36
13137,2076,2025-01-03,Apparel,36.1,0.05,1,0.0,0.0,12.51,-12.51
13138,2076,2025-03-02,Accessories,57.6,0.05,0,54.72,17.28,5.82,31.62
13139,2076,2025-03-22,Electronics,173.45,0.05,0,164.77,124.88,7.47,32.42
13140,2076,2025-04-03,Electronics,417.35,0.0,0,417.35,300.49,11.26,105.6
13141,2076,2025-06-01,Accessories,42.71,0.05,0,40.57,12.81,5.61,22.15
13142,2077,2024-07-02,Electronics,307.49,0.05,0,292.12,221.39,9.38,61.35
13143,2078,2024-08-09,Electronics,267.58,0.1,0,240.83,192.66,8.61,39.56
13144,2078,2024-11-20,Electronics,307.83,0.1,0,277.04,221.64,9.16,46.24
13145,2078,2024-12-07,Home,100.96,0.0,0,100.96,48.46,6.51,45.99
13146,2078,2024-12-16,Accessories,27.88,0.2,0,22.3,8.36,5.33,8.61
13147,2079,2024-06-11,Accessories,81.21,0.0,0,81.21,24.36,6.22,50.63
13148,2079,2024-08-07,Home,52.72,0.0,0,52.72,25.31,5.79,21.62
13149,2079,2024-09-25,Home,275.01,0.0,0,275.01,132.01,9.13,133.87
13150,2079,2024-11-07,Home,58.89,0.2,0,47.11,28.27,5.71,13.13
13151,2079,2025-01-22,Apparel,49.58,0.2,0,39.66,17.35,5.59,16.72
13152,2079,2025-02-07,Home,129.26,0.05,0,122.8,62.04,6.84,53.92
13153,2079,2025-02-01,Home,88.11,0.1,0,79.3,42.29,6.19,30.82
13154,2079,2025-04-04,Home,152.1,0.2,0,121.68,73.01,6.83,41.84
13155,2080,2024-03-12,Home,76.02,0.0,0,76.02,36.49,6.14,33.39
13156,2080,2024-03-28,Home,117.38,0.2,0,93.91,56.34,6.41,31.16
13157,2080,2024-04-02,Apparel,47.71,0.1,0,42.94,16.7,5.64,20.6
13158,2080,2024-07-26,Accessories,35.46,0.0,0,35.46,10.64,5.53,19.29
13159,2080,2024-07-05,Apparel,151.88,0.1,0,136.7,53.16,7.05,76.49
13160,2080,2024-12-22,Home,85.31,0.1,0,76.77,40.95,6.15,29.67
13161,2080,2025-06-22,Electronics,232.42,0.05,0,220.8,167.34,8.31,45.15
13162,2081,2024-05-07,Apparel,26.38,0.05,0,25.06,9.23,5.38,10.45
13163,2081,2024-06-13,Accessories,87.38,0.2,0,69.91,26.22,6.05,37.64
13164,2081,2025-02-26,Accessories,16.51,0.0,0,16.51,4.95,5.25,6.31
13165,2081,2025-03-15,Home,47.8,0.05,0,45.41,22.94,5.68,16.79
13166,2081,2025-03-16,Accessories,30.93,0.1,0,27.84,9.28,5.42,13.14
13167,2082,2024-04-05,Home,78.86,0.1,0,70.98,37.85,6.06,27.07
13168,2082,2024-05-26,Apparel,52.6,0.2,0,42.08,18.41,5.63,18.04
13169,2082,2024-08-13,Accessories,46.27,0.2,1,0.0,0.0,12.56,-12.56
13170,2082,2024-09-04,Accessories,38.76,0.1,0,34.88,11.63,5.52,17.73
13171,2082,2024-09-22,Accessories,68.53,0.0,0,68.53,20.56,6.03,41.94
13172,2082,2024-11-08,Apparel,51.56,0.0,1,0.0,0.0,12.77,-12.77
13173,2082,2025-03-01,Home,161.4,0.1,0,145.26,77.47,7.18,60.61
13174,2082,2025-04-27,Accessories,91.42,0.1,0,82.28,27.43,6.23,48.62
13175,2082,2025-06-20,Electronics,158.33,0.0,0,158.33,114.0,7.37,36.96
13176,2083,2024-01-26,Accessories,69.83,0.05,0,66.34,20.95,6.0,39.39
13177,2083,2024-10-25,Apparel,48.06,0.2,0,38.45,16.82,5.58,16.05
13178,2083,2025-03-23,Electronics,83.24,0.1,0,74.92,59.93,6.12,8.87
13179,2083,2025-03-23,Accessories,94.66,0.2,0,75.73,28.4,6.14,41.19
13180,2084,2024-09-04,Apparel,27.69,0.2,0,22.15,9.69,5.33,7.13
13181,2084,2024-09-16,Apparel,56.15,0.2,0,44.92,19.65,5.67,19.6
13182,2084,2024-11-03,Electronics,161.5,0.1,0,145.35,116.28,7.18,21.89
13183,2084,2024-11-20,Accessories,33.79,0.05,0,32.1,10.14,5.48,16.48
13184,2084,2025-02-26,Accessories,43.8,0.1,0,39.42,13.14,5.59,20.69
13185,2084,2025-02-17,Home,161.35,0.0,0,161.35,77.45,7.42,76.48
13186,2084,2025-04-01,Apparel,146.75,0.1,0,132.07,51.36,6.98,73.73
13187,2085,2024-01-19,Apparel,48.08,0.05,0,45.68,16.83,5.69,23.16
13188,2085,2024-04-14,Home,125.59,0.1,1,0.0,0.0,13.7,-13.7
13189,2085,2024-04-20,Electronics,176.2,0.0,0,176.2,126.87,7.64,41.69
13190,2085,2024-06-25,Electronics,139.35,0.1,0,125.42,100.33,6.88,18.21
13191,2085,2024-07-17,Electronics,169.08,0.05,1,0.0,0.0,14.41,-14.41
13192,2085,2024-12-03,Home,52.38,0.1,0,47.14,25.14,5.71,16.29
13193,2085,2025-02-24,Electronics,166.3,0.05,0,157.98,119.73,7.37,30.88
13194,2085,2025-05-04,Home,85.16,0.0,0,85.16,40.88,6.28,38.0
13195,2085,2025-05-12,Home,101.84,0.05,0,96.75,48.88,6.45,41.42
13196,2085,2025-06-11,Accessories,42.29,0.0,0,42.29,12.69,5.63,23.97
13197,2086,2024-06-15,Home,134.47,0.05,0,127.74,64.54,6.92,56.28
13198,2087,2024-08-07,Apparel,69.15,0.2,0,55.32,24.2,5.83,25.29
13199,2088,2024-07-15,Electronics,137.06,0.0,0,137.06,98.68,7.06,31.32
13200,2088,2024-08-04,Accessories,68.23,0.05,0,64.82,20.47,5.97,38.38
13201,2088,2024-09-20,Apparel,62.69,0.0,1,0.0,0.0,12.94,-12.94
13202,2088,2024-10-16,Accessories,54.75,0.0,0,54.75,16.43,5.82,32.5
13203,2088,2024-11-02,Accessories,77.95,0.2,0,62.36,23.39,5.94,33.03
13204,2088,2024-11-04,Accessories,20.82,0.05,0,19.78,6.25,5.3,8.23
13205,2088,2025-01-18,Apparel,58.59,0.05,0,55.66,20.51,5.83,29.32
13206,2088,2025-03-21,Electronics,102.32,0.05,0,97.21,73.67,6.46,17.08
13207,2088,2025-03-05,Electronics,110.35,0.05,0,104.83,79.45,6.57,18.81
13208,2088,2025-04-16,Accessories,18.24,0.0,0,18.24,5.47,5.27,7.5
13209,2088,2025-05-17,Electronics,158.16,0.0,0,158.16,113.88,7.37,36.91
13210,2088,2025-06-09,Apparel,82.08,0.1,0,73.87,28.73,6.11,39.03
13211,2088,2025-06-26,Electronics,125.67,0.05,0,119.39,90.48,6.79,22.12
13212,2089,2024-09-27,Accessories,39.53,0.0,0,39.53,11.86,5.59,22.08
13213,2089,2025-01-02,Home,42.08,0.05,0,39.97,20.2,5.6,14.17
13214,2089,2025-06-27,Accessories,36.26,0.2,0,29.01,10.88,5.44,12.69
13215,2090,2024-06-11,Apparel,50.61,0.0,0,50.61,17.71,5.76,27.14
13216,2090,2024-06-05,Home,100.36,0.05,0,95.34,48.17,6.43,40.74
13217,2090,2025-01-27,Electronics,125.66,0.1,0,113.09,90.47,6.7,15.92
13218,2090,2025-03-21,Accessories,60.38,0.0,1,0.0,0.0,12.91,-12.91
13219,2090,2025-03-05,Apparel,81.61,0.1,0,73.45,28.56,6.1,38.79
13220,2091,2024-08-18,Home,62.2,0.1,1,0.0,0.0,12.84,-12.84
13221,2091,2024-10-08,Apparel,59.33,0.2,0,47.46,20.76,5.71,20.99
13222,2091,2024-10-21,Home,78.85,0.05,0,74.91,37.85,6.12,30.94
13223,2091,2024-10-09,Electronics,206.48,0.1,0,185.83,148.66,7.79,29.38
13224,2092,2024-06-24,Electronics,283.55,0.1,0,255.2,204.16,8.83,42.21
13225,2092,2024-07-19,Home,133.75,0.2,0,107.0,64.2,6.61,36.19
13226,2092,2024-07-02,Accessories,47.78,0.2,0,38.22,14.33,5.57,18.32
13227,2092,2024-07-03,Electronics,49.1,0.1,0,44.19,35.35,5.66,3.18
13228,2092,2024-08-19,Accessories,96.4,0.0,0,96.4,28.92,6.45,61.03
13229,2092,2024-08-15,Accessories,42.46,0.0,0,42.46,12.74,5.64,24.08
13230,2092,2024-09-11,Electronics,298.83,0.1,0,268.94,215.16,9.03,44.75
13231,2092,2024-09-01,Apparel,43.44,0.0,0,43.44,15.2,5.65,22.59
13232,2092,2024-10-02,Home,119.98,0.1,0,107.98,57.59,6.62,43.77
13233,2092,2024-12-15,Electronics,154.0,0.05,0,146.3,110.88,7.19,28.23
13234,2092,2024-12-24,Electronics,265.68,0.1,0,239.12,191.29,8.59,39.24
13235,2092,2025-02-03,Home,60.5,0.0,0,60.5,29.04,5.91,25.55
13236,2092,2025-05-11,Accessories,57.0,0.0,0,57.0,17.1,5.86,34.04
13237,2093,2024-08-11,Electronics,226.9,0.1,0,204.21,163.37,8.06,32.78
13238,2093,2024-10-25,Apparel,46.25,0.2,0,37.0,16.19,5.56,15.25
13239,2093,2025-01-15,Apparel,43.9,0.05,0,41.7,15.36,5.63,20.71
13240,2093,2025-02-07,Accessories,72.97,0.05,0,69.32,21.89,6.04,41.39
13241,2094,2024-05-23,Electronics,160.04,0.05,0,152.04,115.23,7.28,29.53
13242,2094,2024-10-07,Electronics,134.67,0.2,0,107.73,96.96,6.62,4.15
13243,2094,2025-03-05,Accessories,33.75,0.05,0,32.07,10.13,5.48,16.46
13244,2094,2025-06-05,Accessories,26.43,0.2,1,0.0,0.0,12.32,-12.32
13245,2095,2024-07-14,Electronics,541.01,0.0,0,541.01,389.52,13.12,138.37
13246,2095,2024-09-19,Electronics,236.44,0.1,0,212.8,170.24,8.19,34.37
13247,2095,2024-09-13,Home,97.08,0.2,0,77.66,46.6,6.16,24.9
13248,2095,2024-09-16,Apparel,91.7,0.2,0,73.36,32.09,6.1,35.17
13249,2095,2024-09-12,Electronics,180.3,0.0,0,180.3,129.81,7.7,42.79
13250,2095,2024-09-13,Accessories,43.14,0.2,0,34.51,12.94,5.52,16.05
13251,2095,2024-09-05,Apparel,49.88,0.0,1,0.0,0.0,12.75,-12.75
13252,2095,2025-04-14,Electronics,296.11,0.0,0,296.11,213.2,9.44,73.47
13253,2095,2025-05-15,Apparel,92.41,0.0,0,92.41,32.34,6.39,53.68
13254,2096,2024-09-23,Electronics,145.74,0.2,0,116.59,104.93,6.75,4.91
13255,2096,2025-04-22,Electronics,505.62,0.2,0,404.49,364.04,11.07,29.38
13256,2097,2024-03-04,Electronics,96.07,0.05,0,91.27,69.17,6.37,15.73
13257,2097,2024-05-18,Apparel,47.45,0.2,0,37.96,16.61,5.57,15.78
13258,2097,2024-06-04,Electronics,176.7,0.0,0,176.7,127.22,7.65,41.83
13259,2097,2024-07-08,Home,103.32,0.0,0,103.32,49.6,6.55,47.17
13260,2097,2024-07-01,Electronics,292.34,0.05,1,0.0,0.0,16.17,-16.17
13261,2097,2024-08-28,Apparel,65.46,0.0,0,65.46,22.91,5.98,36.57
13262,2097,2024-09-17,Accessories,26.48,0.1,0,23.83,7.94,5.36,10.53
13263,2097,2024-09-21,Home,148.06,0.1,0,133.25,71.07,7.0,55.18
13264,2097,2025-01-12,Apparel,46.64,0.0,1,0.0,0.0,12.7,-12.7
13265,2097,2025-04-02,Home,37.38,0.1,0,33.64,17.94,5.5,10.2
13266,2097,2025-05-27,Apparel,62.78,0.0,0,62.78,21.97,5.94,34.87
13267,2098,2024-07-19,Electronics,184.02,0.0,0,184.02,132.5,7.76,43.76
13268,2099,2024-04-13,Electronics,111.11,0.1,0,100.0,80.0,6.5,13.5
13269,2099,2024-04-16,Apparel,63.51,0.2,0,50.81,22.23,5.76,22.82
13270,2099,2024-06-22,Home,106.54,0.0,0,106.54,51.14,6.6,48.8
13271,2099,2024-06-11,Accessories,30.77,0.1,0,27.69,9.23,5.42,13.04
13272,2099,2024-11-07,Electronics,391.63,0.1,1,0.0,0.0,17.29,-17.29
13273,2099,2024-11-01,Electronics,83.43,0.0,0,83.43,60.07,6.25,17.11
13274,2099,2025-05-23,Accessories,36.51,0.0,1,0.0,0.0,12.55,-12.55
13275,2100,2024-04-09,Home,110.17,0.1,0,99.15,52.88,6.49,39.78
13276,2100,2024-04-24,Electronics,230.07,0.1,1,0.0,0.0,15.11,-15.11
13277,2100,2024-05-04,Accessories,40.19,0.1,0,36.17,12.06,5.54,18.57
13278,2100,2024-08-28,Accessories,63.97,0.2,0,51.17,19.19,5.77,26.21
13279,2100,2024-08-22,Apparel,62.46,0.2,0,49.96,21.86,5.75,22.35
13280,2100,2024-08-12,Accessories,64.61,0.0,0,64.61,19.38,5.97,39.26
13281,2100,2024-09-17,Accessories,33.5,0.1,0,30.15,10.05,5.45,14.65
13282,2100,2024-09-20,Electronics,196.55,0.1,0,176.89,141.52,7.65,27.72
13283,2100,2024-12-06,Home,85.25,0.1,0,76.72,40.92,6.15,29.65
13284,2100,2025-04-03,Accessories,66.87,0.0,0,66.87,20.06,6.0,40.81
13285,2100,2025-04-14,Apparel,50.53,0.05,0,48.01,17.69,5.72,24.6
13286,2100,2025-05-25,Electronics,175.58,0.0,0,175.58,126.42,7.63,41.53
13287,2100,2025-05-01,Accessories,59.54,0.0,0,59.54,17.86,5.89,35.79
13288,2101,2024-10-06,Electronics,228.68,0.05,0,217.24,164.65,8.26,44.33
13289,2101,2024-12-13,Home,55.67,0.0,1,0.0,0.0,12.83,-12.83
13290,2101,2024-12-08,Electronics,98.73,0.0,0,98.73,71.09,6.48,21.16
13291,2101,2025-02-04,Home,50.16,0.0,0,50.16,24.08,5.75,20.33
13292,2102,2024-06-27,Home,95.53,0.0,0,95.53,45.85,6.43,43.25
13293,2102,2024-08-24,Home,63.55,0.0,0,63.55,30.5,5.95,27.1
13294,2102,2024-11-08,Apparel,61.26,0.0,0,61.26,21.44,5.92,33.9
13295,2102,2024-12-11,Home,66.89,0.05,0,63.55,32.11,5.95,25.49
13296,2102,2024-12-02,Apparel,52.67,0.1,0,47.4,18.43,5.71,23.26
13297,2102,2025-01-23,Home,139.34,0.05,0,132.37,66.88,6.99,58.5
13298,2102,2025-04-27,Accessories,30.19,0.05,0,28.68,9.06,5.43,14.19
13299,2102,2025-05-07,Home,100.13,0.05,0,95.13,48.06,6.43,40.64
13300,2102,2025-06-06,Apparel,65.87,0.1,1,0.0,0.0,12.89,-12.89
13301,2103,2024-06-10,Apparel,88.69,0.05,0,84.26,31.04,6.26,46.96
13302,2103,2024-08-11,Accessories,23.12,0.0,0,23.12,6.94,5.35,10.83
13303,2103,2024-08-13,Accessories,50.78,0.0,0,50.78,15.23,5.76,29.79
13304,2103,2024-11-23,Electronics,194.2,0.1,0,174.78,139.83,7.62,27.33
13305,2103,2024-12-07,Electronics,139.9,0.1,0,125.91,100.73,6.89,18.29
13306,2103,2025-02-12,Home,125.14,0.0,0,125.14,60.07,6.88,58.19
13307,2103,2025-03-09,Accessories,42.79,0.1,1,0.0,0.0,12.58,-12.58
13308,2103,2025-03-23,Electronics,136.3,0.0,0,136.3,98.14,7.04,31.12
13309,2103,2025-04-26,Electronics,294.4,0.0,0,294.4,211.97,9.42,73.01
13310,2103,2025-04-21,Apparel,65.95,0.05,0,62.65,23.08,5.94,33.63
13311,2103,2025-04-14,Apparel,78.34,0.05,0,74.43,27.42,6.12,40.89
13312,2104,2024-08-23,Home,46.17,0.2,0,36.94,22.16,5.55,9.23
13313,2104,2024-10-10,Accessories,53.57,0.0,0,53.57,16.07,5.8,31.7
13314,2104,2024-11-09,Accessories,68.48,0.0,0,68.48,20.54,6.03,41.91
13315,2104,2024-12-21,Accessories,63.47,0.05,0,60.3,19.04,5.9,35.36
13316,2104,2025-02-10,Accessories,45.94,0.0,0,45.94,13.78,5.69,26.47
13317,2104,2025-03-17,Apparel,41.87,0.0,0,41.87,14.65,5.63,21.59
13318,2104,2025-04-08,Home,105.22,0.0,0,105.22,50.51,6.58,48.13
13319,2104,2025-05-28,Electronics,177.82,0.1,0,160.04,128.03,7.4,24.61
13320,2104,2025-06-05,Home,47.33,0.0,0,47.33,22.72,5.71,18.9
13321,2104,2025-06-09,Home,76.81,0.2,0,61.45,36.87,5.92,18.66
13322,2105,2024-06-07,Electronics,88.42,0.2,0,70.74,63.66,6.06,1.02
13323,2106,2024-01-16,Accessories,51.63,0.2,0,41.3,15.49,5.62,20.19
13324,2106,2024-01-10,Accessories,72.48,0.05,0,68.86,21.74,6.03,41.09
13325,2106,2024-01-20,Apparel,90.93,0.0,1,0.0,0.0,13.36,-13.36
13326,2106,2024-10-22,Electronics,104.88,0.05,0,99.63,75.51,6.49,17.63
13327,2106,2025-01-11,Electronics,152.76,0.1,0,137.49,109.99,7.06,20.44
13328,2107,2024-07-21,Electronics,308.97,0.0,0,308.97,222.46,9.63,76.88
13329,2107,2024-09-18,Electronics,216.73,0.0,0,216.73,156.04,8.25,52.44
13330,2107,2024-10-09,Home,98.22,0.05,0,93.31,47.14,6.4,39.77
13331,2107,2024-12-27,Accessories,46.74,0.1,0,42.07,14.02,5.63,22.42
13332,2107,2024-12-10,Home,59.0,0.0,0,59.0,28.32,5.89,24.79
13333,2107,2025-01-12,Electronics,146.5,0.2,0,117.2,105.48,6.76,4.96
13334,2107,2025-01-05,Electronics,111.29,0.05,0,105.72,80.13,6.59,19.0
13335,2107,2025-05-06,Home,80.18,0.1,0,72.17,38.49,6.08,27.6
13336,2107,2025-05-06,Electronics,251.55,0.1,0,226.4,181.12,8.4,36.88
13337,2107,2025-06-04,Electronics,123.31,0.05,0,117.15,88.79,6.76,21.6
13338,2108,2024-07-04,Apparel,59.95,0.0,0,59.95,20.98,5.9,33.07
13339,2108,2024-07-13,Home,169.54,0.05,0,161.07,81.38,7.42,72.27
13340,2108,2025-02-08,Accessories,75.89,0.05,0,72.09,22.77,6.08,43.24
13341,2109,2024-03-12,Electronics,297.03,0.0,0,297.03,213.86,9.46,73.71
13342,2109,2024-03-28,Home,72.38,0.05,0,68.76,34.74,6.03,27.99
13343,2109,2024-11-18,Electronics,249.37,0.0,0,249.37,179.55,8.74,61.08
13344,2109,2025-05-07,Accessories,76.81,0.05,0,72.97,23.04,6.09,43.84
13345,2110,2024-03-19,Apparel,23.1,0.0,0,23.1,8.08,5.35,9.67
13346,2110,2024-04-01,Accessories,37.5,0.1,0,33.75,11.25,5.51,16.99
13347,2110,2024-10-08,Apparel,32.97,0.05,1,0.0,0.0,12.47,-12.47
13348,2110,2025-01-02,Home,145.02,0.0,0,145.02,69.61,7.18,68.23
13349,2110,2025-01-10,Accessories,34.81,0.2,0,27.85,10.44,5.42,11.99
13350,2110,2025-04-05,Home,69.55,0.0,0,69.55,33.38,6.04,30.13
13351,2110,2025-04-13,Accessories,37.4,0.2,0,29.92,11.22,5.45,13.25
13352,2110,2025-04-24,Accessories,70.0,0.1,0,63.0,21.0,5.95,36.05
13353,2111,2024-07-26,Electronics,300.77,0.1,0,270.69,216.56,9.06,45.07
13354,2111,2024-07-10,Home,106.58,0.05,0,101.25,51.16,6.52,43.57
13355,2111,2024-08-08,Apparel,26.48,0.1,0,23.83,9.27,5.36,9.2
13356,2111,2025-02-28,Electronics,146.57,0.1,0,131.91,105.53,6.98,19.4
13357,2112,2024-03-07,Apparel,68.06,0.2,0,54.45,23.82,5.82,24.81
13358,2112,2024-03-19,Home,58.29,0.1,0,52.46,27.98,5.79,18.69
13359,2112,2024-04-27,Electronics,130.33,0.0,0,130.33,93.84,6.95,29.54
13360,2112,2024-04-22,Accessories,36.36,0.2,0,29.09,10.91,5.44,12.74
13361,2112,2024-04-21,Apparel,70.86,0.1,0,63.77,24.8,5.96,33.01
13362,2112,2024-06-25,Electronics,162.29,0.1,1,0.0,0.0,14.19,-14.19
13363,2112,2024-06-13,Apparel,62.82,0.2,1,0.0,0.0,12.75,-12.75
13364,2112,2024-07-03,Electronics,233.67,0.2,0,186.94,168.24,7.8,10.9
13365,2112,2024-09-18,Accessories,50.37,0.05,0,47.85,15.11,5.72,27.02
13366,2112,2024-11-20,Electronics,183.67,0.1,0,165.31,132.24,7.48,25.59
13367,2112,2025-02-11,Accessories,46.3,0.0,0,46.3,13.89,5.69,26.72
13368,2113,2024-04-03,Electronics,347.8,0.1,0,313.02,250.42,9.7,52.9
13369,2113,2024-05-26,Electronics,111.97,0.0,0,111.97,80.62,6.68,24.67
13370,2113,2024-06-10,Electronics,177.16,0.1,0,159.45,127.56,7.39,24.5
13371,2113,2024-07-11,Electronics,200.66,0.1,0,180.59,144.47,7.71,28.41
13372,2113,2024-08-20,Apparel,28.9,0.0,0,28.9,10.12,5.43,13.35
13373,2113,2024-10-03,Home,96.47,0.05,0,91.65,46.31,6.37,38.97
13374,2113,2024-11-09,Home,141.0,0.2,0,112.8,67.68,6.69,38.43
13375,2113,2024-12-09,Accessories,66.59,0.1,0,59.93,19.98,5.9,34.05
13376,2113,2025-02-03,Accessories,39.15,0.0,0,39.15,11.74,5.59,21.82
13377,2113,2025-02-03,Accessories,38.35,0.0,0,38.35,11.5,5.58,21.27
13378,2113,2025-04-03,Home,102.84,0.0,0,102.84,49.36,6.54,46.94
13379,2114,2024-02-03,Accessories,82.47,0.0,0,82.47,24.74,6.24,51.49
13380,2114,2024-02-26,Electronics,161.82,0.1,0,145.64,116.51,7.18,21.95
13381,2114,2024-05-15,Apparel,89.42,0.05,0,84.95,31.3,6.27,47.38
13382,2114,2024-05-09,Apparel,41.54,0.05,0,39.46,14.54,5.59,19.33
13383,2114,2024-06-10,Electronics,317.45,0.1,0,285.71,228.56,9.29,47.86
13384,2114,2024-06-23,Accessories,29.52,0.0,0,29.52,8.86,5.44,15.22
13385,2114,2024-07-18,Apparel,70.63,0.2,0,56.5,24.72,5.85,25.93
13386,2114,2024-08-15,Apparel,126.08,0.05,0,119.77,44.13,6.8,68.84
13387,2114,2024-08-17,Apparel,58.01,0.1,1,0.0,0.0,12.78,-12.78
13388,2114,2024-10-12,Electronics,80.71,0.1,0,72.64,58.11,6.09,8.44
13389,2114,2025-03-02,Apparel,52.94,0.05,0,50.29,18.53,5.75,26.01
13390,2114,2025-03-06,Apparel,86.07,0.1,0,77.47,30.13,6.16,41.18
13391,2115,2024-05-10,Accessories,28.89,0.1,0,26.0,8.67,5.39,11.94
13392,2115,2024-05-26,Apparel,66.39,0.0,0,66.39,23.24,6.0,37.15
13393,2115,2024-06-11,Electronics,147.51,0.0,0,147.51,106.21,7.21,34.09
13394,2115,2024-06-06,Electronics,146.51,0.0,0,146.51,105.49,7.2,33.82
13395,2115,2024-06-21,Apparel,75.57,0.1,1,0.0,0.0,13.02,-13.02
13396,2115,2024-08-12,Electronics,613.57,0.05,1,0.0,0.0,20.74,-20.74
13397,2115,2024-09-21,Electronics,166.22,0.0,0,166.22,119.68,7.49,39.05
13398,2115,2024-12-25,Home,42.83,0.0,0,42.83,20.56,5.64,16.63
13399,2115,2025-01-20,Electronics,529.44,0.0,0,529.44,381.2,12.94,135.3
13400,2115,2025-02-09,Apparel,59.36,0.05,0,56.4,20.78,5.85,29.77
13401,2115,2025-03-28,Apparel,87.87,0.0,1,0.0,0.0,13.32,-13.32
13402,2115,2025-03-17,Accessories,45.34,0.05,0,43.07,13.6,5.65,23.82
13403,2116,2024-03-24,Accessories,22.06,0.0,0,22.06,6.62,5.33,10.11
13404,2116,2024-05-01,Accessories,46.05,0.2,0,36.84,13.81,5.55,17.48
13405,2116,2024-06-20,Accessories,29.7,0.0,0,29.7,8.91,5.45,15.34
13406,2116,2024-06-18,Accessories,36.15,0.1,0,32.54,10.85,5.49,16.2
13407,2116,2024-08-17,Accessories,43.37,0.1,0,39.03,13.01,5.59,20.43
13408,2116,2024-09-11,Home,62.81,0.0,0,62.81,30.15,5.94,26.72
13409,2116,2024-10-07,Apparel,68.21,0.05,0,64.8,23.87,5.97,34.96
13410,2116,2024-11-16,Electronics,257.17,0.0,0,257.17,185.16,8.86,63.15
13411,2116,2024-12-13,Accessories,42.0,0.2,0,33.6,12.6,5.5,15.5
13412,2116,2025-02-22,Accessories,58.16,0.0,0,58.16,17.45,5.87,34.84
13413,2116,2025-04-03,Accessories,50.76,0.1,0,45.68,15.23,5.69,24.76
13414,2116,2025-04-14,Home,71.9,0.1,0,64.71,34.51,5.97,24.23
13415,2117,2024-08-07,Home,71.18,0.1,0,64.06,34.17,5.96,23.93
13416,2117,2024-09-27,Apparel,65.03,0.0,0,65.03,22.76,5.98,36.29
13417,2117,2025-02-13,Home,86.38,0.0,0,86.38,41.46,6.3,38.62
13418,2117,2025-04-14,Apparel,55.08,0.0,0,55.08,19.28,5.83,29.97
13419,2117,2025-05-19,Electronics,166.59,0.1,0,149.93,119.94,7.25,22.74
13420,2118,2024-07-10,Apparel,35.89,0.1,0,32.3,12.56,5.48,14.26
13421,2118,2024-08-26,Accessories,36.74,0.0,0,36.74,11.02,5.55,20.17
13422,2118,2024-10-18,Electronics,189.84,0.1,0,170.86,136.69,7.56,26.61
13423,2118,2024-10-15,Home,58.83,0.0,0,58.83,28.24,5.88,24.71
13424,2118,2025-03-02,Accessories,88.22,0.1,0,79.4,26.47,6.19,46.74
13425,2118,2025-05-23,Electronics,136.67,0.05,0,129.84,98.4,6.95,24.49
13426,2119,2024-05-14,Electronics,225.37,0.05,0,214.1,162.26,8.21,43.63
13427,2119,2024-11-02,Apparel,37.42,0.0,1,0.0,0.0,12.56,-12.56
13428,2119,2024-12-05,Accessories,60.81,0.1,0,54.73,18.24,5.82,30.67
13429,2120,2024-02-06,Accessories,19.0,0.1,0,17.1,5.7,5.26,6.14
13430,2120,2024-05-07,Home,122.17,0.0,0,122.17,58.64,6.83,56.7
13431,2121,2024-06-07,Home,113.42,0.0,0,113.42,54.44,6.7,52.28
13432,2121,2024-06-08,Accessories,28.11,0.05,0,26.71,8.43,5.4,12.88
13433,2121,2024-07-13,Electronics,240.6,0.0,0,240.6,173.23,8.61,58.76
13434,2121,2024-09-22,Accessories,36.39,0.05,0,34.57,10.92,5.52,18.13
13435,2121,2024-10-17,Accessories,33.36,0.0,0,33.36,10.01,5.5,17.85
13436,2121,2024-11-17,Electronics,181.1,0.0,0,181.1,130.39,7.72,42.99
13437,2121,2024-12-28,Accessories,60.12,0.05,0,57.11,18.04,5.86,33.21
13438,2121,2024-12-05,Accessories,107.25,0.2,1,0.0,0.0,13.29,-13.29
13439,2121,2025-02-07,Electronics,61.82,0.1,0,55.64,44.51,5.83,5.3
13440,2121,2025-02-21,Electronics,121.31,0.0,0,121.31,87.35,6.82,27.14
13441,2121,2025-04-12,Electronics,385.96,0.05,0,366.66,277.89,10.5,78.27
13442,2122,2024-01-20,Accessories,57.56,0.1,0,51.8,17.27,5.78,28.75
13443,2122,2024-08-13,Accessories,59.2,0.05,0,56.24,17.76,5.84,32.64
13444,2122,2024-08-23,Accessories,26.38,0.1,0,23.75,7.92,5.36,10.47
13445,2123,2024-10-17,Accessories,43.82,0.2,0,35.05,13.14,5.53,16.38
13446,2123,2024-11-17,Home,71.82,0.0,0,71.82,34.47,6.08,31.27
13447,2123,2024-12-21,Electronics,133.23,0.1,0,119.91,95.92,6.8,17.19
13448,2123,2025-01-19,Accessories,39.02,0.05,0,37.07,11.7,5.56,19.81
13449,2124,2024-08-12,Home,80.78,0.05,0,76.75,38.78,6.15,31.82
13450,2124,2024-11-14,Electronics,324.16,0.1,0,291.75,233.4,9.38,48.97
13451,2124,2025-04-19,Apparel,49.11,0.05,0,46.65,17.19,5.7,23.76
13452,2125,2024-09-11,Apparel,59.48,0.2,0,47.59,20.82,5.71,21.06
13453,2125,2024-12-27,Accessories,34.81,0.2,0,27.85,10.44,5.42,11.99
13454,2125,2025-02-26,Accessories,24.57,0.0,0,24.57,7.37,5.37,11.83
13455,2125,2025-04-12,Accessories,28.65,0.0,1,0.0,0.0,12.43,-12.43
13456,2125,2025-04-21,Apparel,53.64,0.1,0,48.28,18.77,5.72,23.79
13457,2126,2024-02-19,Accessories,64.31,0.1,0,57.88,19.29,5.87,32.72
13458,2126,2024-04-23,Home,68.39,0.2,0,54.71,32.83,5.82,16.06
13459,2126,2024-06-18,Accessories,55.59,0.1,0,50.03,16.68,5.75,27.6
13460,2126,2025-03-14,Electronics,253.19,0.1,0,227.87,182.3,8.42,37.15
13461,2126,2025-05-16,Home,43.63,0.2,1,0.0,0.0,12.52,-12.52
13462,2126,2025-05-16,Accessories,38.1,0.05,1,0.0,0.0,12.54,-12.54
13463,2127,2024-05-19,Home,65.08,0.0,0,65.08,31.24,5.98,27.86
13464,2127,2024-06-25,Accessories,25.61,0.0,0,25.61,7.68,5.38,12.55
13465,2127,2024-07-22,Apparel,98.57,0.0,0,98.57,34.5,6.48,57.59
13466,2127,2024-09-01,Accessories,48.59,0.0,0,48.59,14.58,5.73,28.28
13467,2127,2025-05-20,Home,67.08,0.1,0,60.37,32.2,5.91,22.26
13468,2127,2025-05-21,Home,110.84,0.0,0,110.84,53.2,6.66,50.98
13469,2128,2024-09-07,Apparel,52.21,0.0,0,52.21,18.27,5.78,28.16
13470,2128,2024-09-01,Apparel,26.56,0.0,0,26.56,9.3,5.4,11.86
13471,2128,2025-01-22,Accessories,32.82,0.05,0,31.18,9.85,5.47,15.86
13472,2129,2024-09-25,Accessories,53.11,0.2,0,42.49,15.93,5.64,20.92
13473,2129,2024-10-28,Electronics,303.74,0.0,0,303.74,218.69,9.56,75.49
13474,2129,2025-06-07,Home,71.48,0.2,0,57.19,34.31,5.86,17.02
13475,2130,2024-05-02,Apparel,85.31,0.05,1,0.0,0.0,13.22,-13.22
13476,2130,2024-05-10,Electronics,210.24,0.0,0,210.24,151.38,8.15,50.71
13477,2130,2025-02-03,Apparel,26.1,0.05,0,24.8,9.14,5.37,10.29
13478,2130,2025-03-26,Apparel,74.73,0.05,0,70.99,26.15,6.06,38.78
13479,2131,2024-04-15,Electronics,254.09,0.05,0,241.38,182.94,8.62,49.82
13480,2131,2024-05-04,Apparel,107.31,0.0,0,107.31,37.56,6.61,63.14
13481,2131,2024-07-19,Apparel,58.56,0.0,0,58.56,20.5,5.88,32.18
13482,2131,2024-08-16,Accessories,51.97,0.0,1,0.0,0.0,12.78,-12.78
13483,2132,2024-05-13,Apparel,52.24,0.05,1,0.0,0.0,12.74,-12.74
13484,2133,2024-09-03,Electronics,133.6,0.1,0,120.24,96.19,6.8,17.25
13485,2133,2024-09-15,Apparel,74.26,0.0,0,74.26,25.99,6.11,42.16
13486,2133,2024-12-09,Apparel,73.52,0.1,0,66.17,25.73,5.99,34.45
13487,2133,2024-12-18,Electronics,249.93,0.2,0,199.95,179.95,8.0,12.0
13488,2134,2024-03-20,Apparel,46.82,0.05,0,44.48,16.39,5.67,22.42
13489,2134,2024-11-01,Apparel,61.15,0.2,0,48.92,21.4,5.73,21.79
13490,2134,2025-01-03,Electronics,188.86,0.05,0,179.42,135.98,7.69,35.75
13491,2134,2025-01-19,Accessories,41.89,0.0,0,41.89,12.57,5.63,23.69
13492,2134,2025-01-19,Electronics,183.27,0.0,0,183.27,131.95,7.75,43.57
13493,2134,2025-05-09,Accessories,34.6,0.05,0,32.87,10.38,5.49,17.0
13494,2134,2025-05-16,Accessories,40.11,0.1,0,36.1,12.03,5.54,18.53
13495,2134,2025-05-18,Apparel,55.17,0.05,0,52.41,19.31,5.79,27.31
13496,2134,2025-06-13,Accessories,25.99,0.0,0,25.99,7.8,5.39,12.8
13497,2135,2024-03-07,Apparel,84.86,0.0,0,84.86,29.7,6.27,48.89
13498,2135,2024-05-01,Apparel,23.94,0.0,0,23.94,8.38,5.36,10.2
13499,2135,2024-06-24,Home,155.57,0.1,0,140.01,74.67,7.1,58.24
13500,2135,2025-01-01,Accessories,47.41,0.0,0,47.41,14.22,5.71,27.48
13501,2135,2025-02-03,Electronics,256.95,0.05,0,244.1,185.0,8.66,50.44
13502,2135,2025-06-11,Apparel,88.62,0.05,0,84.19,31.02,6.26,46.91
13503,2136,2024-07-20,Apparel,127.25,0.05,0,120.88,44.54,6.81,69.53
13504,2136,2024-07-14,Home,225.66,0.0,0,225.66,108.32,8.38,108.96
13505,2137,2024-02-07,Accessories,41.84,0.0,0,41.84,12.55,5.63,23.66
13506,2137,2024-06-03,Home,40.34,0.1,0,36.31,19.36,5.54,11.41
13507,2137,2024-09-01,Accessories,38.92,0.1,0,35.03,11.68,5.53,17.82
13508,2137,2024-11-01,Electronics,109.04,0.2,0,87.24,78.51,6.31,2.42
13509,2137,2024-11-04,Electronics,133.61,0.1,1,0.0,0.0,13.8,-13.8
13510,2137,2024-11-18,Accessories,53.24,0.2,0,42.59,15.97,5.64,20.98
13511,2137,2024-12-09,Electronics,337.51,0.0,0,337.51,243.01,10.06,84.44
13512,2138,2024-10-02,Accessories,29.16,0.1,0,26.24,8.75,5.39,12.1
13513,2138,2024-11-11,Electronics,291.95,0.05,0,277.35,210.2,9.16,57.99
13514,2138,2024-12-24,Accessories,44.34,0.0,0,44.34,13.3,5.67,25.37
13515,2138,2025-01-27,Apparel,118.36,0.1,1,0.0,0.0,13.6,-13.6
13516,2138,2025-01-23,Home,54.46,0.05,0,51.74,26.14,5.78,19.82
13517,2138,2025-02-07,Home,125.84,0.1,0,113.26,60.41,6.7,46.15
13518,2138,2025-03-27,Home,74.37,0.1,0,66.94,35.7,6.0,25.24
13519,2138,2025-04-22,Electronics,212.52,0.05,0,201.89,153.01,8.03,40.85
13520,2138,2025-04-19,Electronics,343.84,0.2,1,0.0,0.0,16.13,-16.13
13521,2138,2025-06-10,Accessories,35.17,0.0,0,35.17,10.55,5.53,19.09
13522,2139,2024-10-11,Accessories,41.61,0.05,0,39.53,12.48,5.59,21.46
13523,2139,2025-01-03,Accessories,36.5,0.1,0,32.85,10.95,5.49,16.41
13524,2139,2025-01-25,Accessories,24.76,0.1,0,22.29,7.43,5.33,9.53
13525,2139,2025-05-23,Electronics,179.27,0.05,0,170.31,129.07,7.55,33.69
13526,2140,2024-01-13,Electronics,82.63,0.0,0,82.63,59.49,6.24,16.9
13527,2140,2024-07-26,Apparel,65.86,0.0,0,65.86,23.05,5.99,36.82
13528,2140,2024-09-16,Electronics,313.58,0.05,0,297.9,225.78,9.47,62.65
13529,2140,2024-09-18,Apparel,79.52,0.1,0,71.57,27.83,6.07,37.67
13530,2140,2025-03-28,Apparel,98.65,0.0,0,98.65,34.53,6.48,57.64
13531,2140,2025-04-17,Electronics,156.14,0.1,0,140.53,112.42,7.11,21.0
13532,2141,2024-01-03,Home,37.84,0.05,0,35.95,18.17,5.54,12.24
13533,2141,2024-04-22,Apparel,55.69,0.1,0,50.12,19.49,5.75,24.88
13534,2141,2024-05-14,Accessories,31.86,0.2,1,0.0,0.0,12.38,-12.38
13535,2141,2024-05-22,Accessories,65.06,0.0,0,65.06,19.52,5.98,39.56
13536,2141,2024-09-05,Electronics,262.07,0.1,0,235.87,188.69,8.54,38.64
13537,2141,2025-01-07,Home,65.8,0.0,0,65.8,31.58,5.99,28.23
13538,2141,2025-05-09,Home,82.49,0.0,0,82.49,39.59,6.24,36.66
13539,2141,2025-05-09,Apparel,36.57,0.2,1,0.0,0.0,12.44,-12.44
13540,2142,2024-04-24,Home,89.15,0.0,1,0.0,0.0,13.34,-13.34
13541,2142,2024-05-17,Home,110.88,0.0,0,110.88,53.22,6.66,51.0
13542,2142,2024-05-02,Accessories,66.63,0.0,1,0.0,0.0,13.0,-13.0
13543,2142,2025-01-07,Accessories,51.65,0.05,0,49.07,15.49,5.74,27.84
13544,2142,2025-02-25,Home,85.22,0.05,0,80.96,40.91,6.21,33.84
13545,2142,2025-02-21,Apparel,34.49,0.1,0,31.04,12.07,5.47,13.5
13546,2143,2024-07-26,Home,106.29,0.1,0,95.66,51.02,6.43,38.21
13547,2143,2024-08-04,Accessories,62.37,0.0,0,62.37,18.71,5.94,37.72
13548,2143,2024-12-15,Electronics,334.92,0.0,0,334.92,241.14,10.02,83.76
13549,2143,2024-12-25,Apparel,117.17,0.0,0,117.17,41.01,6.76,69.4
13550,2143,2025-03-11,Home,59.4,0.1,0,53.46,28.51,5.8,19.15
13551,2143,2025-03-22,Home,77.97,0.0,0,77.97,37.43,6.17,34.37
13552,2143,2025-03-05,Accessories,55.07,0.0,0,55.07,16.52,5.83,32.72
13553,2144,2024-03-27,Apparel,37.98,0.05,0,36.08,13.29,5.54,17.25
13554,2144,2024-04-23,Apparel,74.31,0.2,1,0.0,0.0,12.89,-12.89
13555,2144,2024-05-05,Home,126.31,0.2,1,0.0,0.0,13.52,-13.52
13556,2144,2024-05-15,Electronics,220.53,0.0,0,220.53,158.78,8.31,53.44
13557,2144,2024-05-20,Apparel,62.13,0.05,0,59.03,21.75,5.89,31.39
13558,2144,2024-05-18,Accessories,71.54,0.2,0,57.23,21.46,5.86,29.91
13559,2144,2024-10-08,Accessories,43.06,0.2,0,34.45,12.92,5.52,16.01
13560,2144,2025-06-14,Electronics,302.4,0.2,0,241.92,217.73,8.63,15.56
13561,2145,2024-03-20,Apparel,35.13,0.05,0,33.37,12.3,5.5,15.57
13562,2145,2024-03-23,Electronics,203.72,0.2,1,0.0,0.0,14.44,-14.44
13563,2145,2024-04-27,Apparel,30.34,0.2,0,24.27,10.62,5.36,8.29
13564,2145,2025-02-27,Apparel,82.85,0.1,0,74.57,29.0,6.12,39.45
13565,2145,2025-04-16,Home,36.08,0.0,0,36.08,17.32,5.54,13.22
13566,2145,2025-05-10,Electronics,248.66,0.2,0,198.92,179.03,7.98,11.91
13567,2146,2024-02-09,Electronics,105.12,0.0,0,105.12,75.69,6.58,22.85
13568,2146,2024-04-27,Apparel,42.1,0.1,0,37.89,14.73,5.57,17.59
13569,2146,2024-05-13,Apparel,31.47,0.0,1,0.0,0.0,12.47,-12.47
13570,2146,2024-10-28,Apparel,82.57,0.1,0,74.31,28.9,6.11,39.3
13571,2146,2024-11-23,Apparel,101.44,0.05,0,96.37,35.5,6.45,54.42
13572,2147,2024-02-09,Home,46.51,0.1,0,41.86,22.32,5.63,13.91
13573,2147,2024-04-20,Electronics,167.65,0.1,0,150.88,120.71,7.26,22.91
13574,2148,2024-03-08,Electronics,149.32,0.1,0,134.39,107.51,7.02,19.86
13575,2148,2024-07-12,Apparel,100.14,0.0,0,100.14,35.05,6.5,58.59
13576,2148,2025-01-23,Accessories,64.37,0.1,0,57.93,19.31,5.87,32.75
13577,2148,2025-01-17,Home,71.15,0.1,0,64.04,34.15,5.96,23.93
13578,2149,2024-05-17,Apparel,67.1,0.1,0,60.39,23.49,5.91,30.99
13579,2149,2024-08-16,Home,69.73,0.2,0,55.79,33.47,5.84,16.48
13580,2149,2024-08-20,Electronics,284.14,0.0,0,284.14,204.58,9.26,70.3
13581,2149,2024-11-23,Apparel,35.17,0.0,0,35.17,12.31,5.53,17.33
13582,2149,2024-12-16,Accessories,42.68,0.1,1,0.0,0.0,12.58,-12.58
13583,2149,2025-01-07,Electronics,149.69,0.1,0,134.72,107.78,7.02,19.92
13584,2149,2025-01-04,Electronics,131.0,0.0,0,131.0,94.32,6.97,29.71
13585,2149,2025-02-15,Home,150.68,0.1,0,135.61,72.32,7.03,56.26
13586,2149,2025-03-02,Home,286.53,0.05,0,272.2,137.53,9.08,125.59
13587,2149,2025-03-03,Accessories,41.3,0.05,0,39.23,12.39,5.59,21.25
13588,2149,2025-06-26,Electronics,129.07,0.2,0,103.25,92.93,6.55,3.77
13589,2149,2025-06-19,Accessories,43.14,0.1,0,38.83,12.94,5.58,20.31
13590,2150,2024-10-12,Electronics,162.12,0.0,0,162.12,116.72,7.43,37.97
13591,2150,2024-10-23,Apparel,69.73,0.1,0,62.76,24.41,5.94,32.41
13592,2150,2024-12-14,Accessories,25.77,0.0,1,0.0,0.0,12.39,-12.39
13593,2150,2024-12-13,Home,89.86,0.1,0,80.87,43.13,6.21,31.53
13594,2150,2025-01-04,Electronics,122.9,0.0,0,122.9,88.49,6.84,27.57
13595,2150,2025-05-13,Accessories,32.14,0.0,0,32.14,9.64,5.48,17.02
13596,2150,2025-06-05,Apparel,56.52,0.05,0,53.69,19.78,5.81,28.1
13597,2151,2024-10-04,Electronics,440.24,0.2,0,352.19,316.97,10.28,24.94
13598,2151,2024-11-10,Accessories,39.15,0.05,0,37.19,11.75,5.56,19.88
13599,2151,2024-11-05,Accessories,38.61,0.05,0,36.67,11.58,5.55,19.54
13600,2151,2024-12-23,Electronics,119.99,0.1,0,107.99,86.39,6.62,14.98
13601,2151,2025-06-25,Apparel,95.66,0.2,0,76.53,33.48,6.15,36.9
13602,2152,2024-05-12,Accessories,43.03,0.2,0,34.43,12.91,5.52,16.0
13603,2152,2024-06-07,Electronics,352.72,0.1,0,317.45,253.96,9.76,53.73
13604,2152,2024-07-04,Electronics,256.54,0.0,0,256.54,184.71,8.85,62.98
13605,2152,2024-07-20,Apparel,57.73,0.05,1,0.0,0.0,12.82,-12.82
13606,2152,2024-11-09,Accessories,35.18,0.0,1,0.0,0.0,12.53,-12.53
13607,2152,2024-12-19,Apparel,78.58,0.0,0,78.58,27.5,6.18,44.9
13608,2153,2024-08-23,Home,94.95,0.0,0,94.95,45.58,6.42,42.95
13609,2153,2024-09-11,Accessories,38.52,0.1,0,34.67,11.56,5.52,17.59
13610,2153,2024-11-28,Accessories,28.45,0.0,0,28.45,8.54,5.43,14.48
13611,2153,2024-11-01,Accessories,25.26,0.1,1,0.0,0.0,12.34,-12.34
13612,2153,2024-12-10,Apparel,48.11,0.05,0,45.7,16.84,5.69,23.17
13613,2153,2025-01-25,Apparel,36.62,0.1,0,32.96,12.82,5.49,14.65
13614,2154,2024-05-15,Accessories,86.45,0.2,0,69.16,25.94,6.04,37.18
13615,2154,2024-07-09,Accessories,37.74,0.2,1,0.0,0.0,12.45,-12.45
13616,2155,2024-07-01,Home,110.82,0.1,0,99.74,53.2,6.5,40.04
13617,2155,2024-10-17,Accessories,31.04,0.0,0,31.04,9.31,5.47,16.26
13618,2155,2025-02-21,Electronics,143.26,0.1,0,128.93,103.14,6.93,18.86
13619,2156,2024-07-05,Electronics,347.92,0.0,0,347.92,250.5,10.22,87.2
13620,2156,2024-11-07,Home,90.7,0.1,0,81.63,43.54,6.22,31.87
13621,2156,2024-11-25,Home,158.68,0.1,0,142.81,76.17,7.14,59.5
13622,2156,2025-02-25,Apparel,84.58,0.2,0,67.67,29.6,6.01,32.06
13623,2157,2024-04-12,Accessories,52.69,0.05,0,50.05,15.81,5.75,28.49
13624,2157,2024-05-19,Electronics,165.22,0.05,0,156.96,118.96,7.35,30.65
13625,2157,2024-05-12,Accessories,28.76,0.1,0,25.88,8.63,5.39,11.86
13626,2157,2024-08-12,Home,144.5,0.05,0,137.28,69.36,7.06,60.86
13627,2157,2024-09-04,Electronics,347.45,0.0,0,347.45,250.17,10.21,87.07
13628,2158,2024-04-09,Electronics,189.81,0.05,0,180.32,136.66,7.7,35.96
13629,2158,2024-06-20,Electronics,195.74,0.05,1,0.0,0.0,14.79,-14.79
13630,2158,2024-12-19,Home,134.54,0.05,0,127.81,64.58,6.92,56.31
13631,2158,2024-12-10,Home,90.14,0.0,0,90.14,43.27,6.35,40.52
13632,2158,2025-02-11,Electronics,104.52,0.05,0,99.3,75.26,6.49,17.55
13633,2158,2025-03-17,Accessories,98.66,0.0,0,98.66,29.6,6.48,62.58
13634,2158,2025-04-20,Electronics,143.14,0.0,0,143.14,103.06,7.15,32.93
13635,2158,2025-06-10,Home,87.81,0.05,1,0.0,0.0,13.25,-13.25
13636,2159,2024-02-04,Home,153.42,0.2,0,122.73,73.64,6.84,42.25
13637,2159,2024-03-09,Accessories,113.47,0.05,0,107.8,34.04,6.62,67.14
13638,2159,2024-03-17,Accessories,52.12,0.05,0,49.52,15.64,5.74,28.14
13639,2159,2024-04-09,Electronics,126.77,0.2,0,101.42,91.27,6.52,3.63
13640,2159,2024-06-28,Accessories,23.96,0.1,0,21.56,7.19,5.32,9.05
13641,2159,2024-09-25,Accessories,33.99,0.0,0,33.99,10.2,5.51,18.28
13642,2159,2024-12-11,Apparel,74.74,0.05,0,71.01,26.16,6.07,38.78
13643,2159,2025-01-10,Apparel,53.92,0.1,0,48.53,18.87,5.73,23.93
13644,2160,2024-08-11,Apparel,31.59,0.0,0,31.59,11.06,5.47,15.06
13645,2161,2024-10-06,Electronics,191.84,0.1,0,172.66,138.13,7.59,26.94
13646,2161,2024-11-27,Electronics,448.6,0.0,0,448.6,322.99,11.73,113.88
13647,2161,2025-03-24,Apparel,46.39,0.0,0,46.39,16.24,5.7,24.45
13648,2161,2025-03-06,Apparel,51.01,0.05,1,0.0,0.0,12.73,-12.73
13649,2161,2025-06-26,Apparel,138.93,0.05,0,131.98,48.62,6.98,76.38
13650,2162,2024-07-26,Home,98.92,0.2,0,79.14,47.48,6.19,25.47
13651,2162,2025-01-02,Apparel,117.56,0.0,0,117.56,41.15,6.76,69.65
13652,2162,2025-02-14,Accessories,29.26,0.1,1,0.0,0.0,12.4,-12.4
13653,2162,2025-03-23,Accessories,42.46,0.05,0,40.33,12.74,5.61,21.98
13654,2163,2024-04-12,Electronics,100.82,0.1,0,90.73,72.59,6.36,11.78
13655,2163,2024-04-26,Apparel,61.24,0.1,0,55.12,21.44,5.83,27.85
13656,2163,2024-05-19,Electronics,175.96,0.1,0,158.37,126.69,7.38,24.3
13657,2163,2024-05-27,Apparel,45.37,0.05,0,43.1,15.88,5.65,21.57
13658,2163,2024-06-05,Home,59.27,0.05,0,56.31,28.45,5.84,22.02
13659,2163,2024-06-04,Apparel,54.54,0.0,0,54.54,19.09,5.82,29.63
13660,2163,2024-12-08,Apparel,84.77,0.1,1,0.0,0.0,13.14,-13.14
13661,2163,2025-03-08,Home,132.12,0.0,0,132.12,63.42,6.98,61.72
13662,2163,2025-05-14,Electronics,164.45,0.0,0,164.45,118.4,7.47,38.58
13663,2164,2024-07-10,Electronics,222.9,0.05,0,211.76,160.49,8.18,43.09
13664,2164,2024-08-20,Home,108.71,0.2,0,86.97,52.18,6.3,28.49
13665,2164,2024-09-27,Apparel,31.43,0.0,0,31.43,11.0,5.47,14.96
13666,2164,2024-10-20,Accessories,42.34,0.2,0,33.87,12.7,5.51,15.66
13667,2164,2024-11-11,Accessories,24.16,0.0,0,24.16,7.25,5.36,11.55
13668,2164,2024-12-24,Home,85.99,0.0,0,85.99,41.28,6.29,38.42
13669,2164,2025-02-06,Home,87.21,0.1,0,78.49,41.86,6.18,30.45
13670,2164,2025-02-06,Electronics,140.59,0.0,0,140.59,101.22,7.11,32.26
13671,2164,2025-04-10,Accessories,65.18,0.0,0,65.18,19.55,5.98,39.65
13672,2164,2025-05-22,Apparel,94.23,0.1,0,84.81,32.98,6.27,45.56
13673,2164,2025-05-08,Accessories,104.0,0.05,0,98.8,31.2,6.48,61.12
13674,2164,2025-06-05,Apparel,35.79,0.0,0,35.79,12.53,5.54,17.72
13675,2165,2024-02-10,Home,68.16,0.0,0,68.16,32.71,6.02,29.43
13676,2165,2024-04-02,Accessories,70.13,0.2,0,56.1,21.04,5.84,29.22
13677,2165,2024-04-24,Accessories,66.74,0.1,0,60.07,20.02,5.9,34.15
13678,2165,2024-09-26,Apparel,31.69,0.0,0,31.69,11.09,5.48,15.12
13679,2165,2024-12-19,Home,124.59,0.0,0,124.59,59.8,6.87,57.92
13680,2165,2024-12-18,Accessories,57.05,0.2,0,45.64,17.12,5.68,22.84
13681,2165,2025-01-18,Apparel,53.78,0.0,0,53.78,18.82,5.81,29.15
13682,2165,2025-03-18,Electronics,186.66,0.1,0,168.0,134.4,7.52,26.08
13683,2165,2025-04-04,Accessories,31.03,0.1,0,27.92,9.31,5.42,13.19
13684,2165,2025-05-05,Accessories,115.51,0.1,0,103.96,34.65,6.56,62.75
13685,2166,2024-04-10,Home,122.3,0.05,0,116.18,58.7,6.74,50.74
13686,2166,2024-09-20,Electronics,218.41,0.05,0,207.49,157.25,8.11,42.13
13687,2166,2024-09-11,Apparel,83.16,0.0,0,83.16,29.11,6.25,47.8
13688,2166,2024-09-06,Apparel,34.74,0.1,0,31.26,12.16,5.47,13.63
13689,2167,2024-04-25,Apparel,55.51,0.0,0,55.51,19.43,5.83,30.25
13690,2167,2024-04-06,Accessories,34.21,0.2,0,27.37,10.26,5.41,11.7
13691,2167,2024-07-25,Electronics,247.87,0.0,0,247.87,178.47,8.72,60.68
13692,2167,2024-08-23,Apparel,50.26,0.05,0,47.75,17.59,5.72,24.44
13693,2167,2024-09-14,Home,68.23,0.1,0,61.41,32.75,5.92,22.74
13694,2167,2024-11-09,Electronics,260.45,0.05,0,247.43,187.53,8.71,51.19
13695,2167,2024-12-02,Home,66.19,0.1,0,59.57,31.77,5.89,21.91
13696,2167,2025-05-08,Accessories,44.73,0.0,0,44.73,13.42,5.67,25.64
13697,2168,2024-02-27,Home,68.27,0.1,0,61.44,32.77,5.92,22.75
13698,2168,2024-02-03,Electronics,210.29,0.05,0,199.78,151.41,8.0,40.37
13699,2168,2024-03-02,Electronics,200.82,0.0,0,200.82,144.59,8.01,48.22
13700,2168,2024-07-26,Home,72.94,0.0,0,72.94,35.01,6.09,31.84
13701,2168,2024-08-13,Apparel,52.51,0.1,1,0.0,0.0,12.71,-12.71
13702,2168,2025-03-12,Accessories,22.34,0.2,0,17.87,6.7,5.27,5.9
13703,2168,2025-05-01,Accessories,78.74,0.05,0,74.8,23.62,6.12,45.06
13704,2168,2025-06-27,Electronics,289.72,0.1,0,260.74,208.6,8.91,43.23
13705,2168,2025-06-16,Apparel,64.9,0.1,1,0.0,0.0,12.88,-12.88
13706,2169,2024-04-27,Apparel,48.94,0.0,0,48.94,17.13,5.73,26.08
13707,2169,2024-05-18,Apparel,82.69,0.1,1,0.0,0.0,13.12,-13.12
13708,2169,2024-06-09,Electronics,99.21,0.05,0,94.25,71.43,6.41,16.41
13709,2169,2024-07-23,Home,121.65,0.2,0,97.32,58.39,6.46,32.47
13710,2169,2024-08-18,Apparel,109.05,0.2,1,0.0,0.0,13.31,-13.31
13711,2169,2024-09-01,Apparel,41.53,0.05,1,0.0,0.0,12.59,-12.59
13712,2169,2024-11-27,Home,87.23,0.0,0,87.23,41.87,6.31,39.05
13713,2169,2024-11-22,Accessories,52.32,0.05,0,49.7,15.7,5.75,28.25
13714,2169,2025-02-22,Home,87.06,0.05,0,82.71,41.79,6.24,34.68
13715,2169,2025-03-25,Home,65.72,0.05,0,62.44,31.55,5.94,24.95
13716,2170,2024-01-13,Electronics,150.2,0.05,0,142.69,108.15,7.14,27.4
13717,2170,2024-01-21,Home,82.36,0.2,0,65.89,39.53,5.99,20.37
13718,2170,2024-01-09,Apparel,35.69,0.05,0,33.9,12.49,5.51,15.9
13719,2170,2024-03-21,Home,46.62,0.0,0,46.62,22.38,5.7,18.54
13720,2170,2024-03-08,Electronics,261.08,0.0,0,261.08,187.98,8.92,64.18
13721,2171,2024-04-08,Apparel,75.67,0.0,0,75.67,26.48,6.14,43.05
13722,2172,2024-10-14,Apparel,55.13,0.1,0,49.62,19.3,5.74,24.58
13723,2172,2024-10-09,Apparel,63.88,0.2,0,51.1,22.36,5.77,22.97
13724,2172,2024-11-05,Accessories,21.97,0.0,0,21.97,6.59,5.33,10.05
13725,2173,2024-08-02,Accessories,26.98,0.0,0,26.98,8.1,5.4,13.48
13726,2173,2024-09-05,Electronics,82.04,0.0,0,82.04,59.07,6.23,16.74
13727,2173,2024-10-28,Home,108.12,0.1,0,97.31,51.9,6.46,38.95
13728,2173,2024-11-06,Home,98.59,0.0,0,98.59,47.33,6.48,44.78
13729,2173,2024-11-15,Accessories,23.76,0.2,0,19.01,7.13,5.29,6.59
13730,2173,2025-01-24,Electronics,142.89,0.0,1,0.0,0.0,14.14,-14.14
13731,2173,2025-04-04,Accessories,32.62,0.05,0,30.99,9.78,5.46,15.75
13732,2174,2024-06-17,Accessories,28.08,0.0,0,28.08,8.42,5.42,14.24
13733,2174,2024-08-23,Apparel,57.8,0.1,0,52.02,20.23,5.78,26.01
13734,2174,2024-09-21,Home,119.57,0.0,0,119.57,57.4,6.79,55.38
13735,2174,2025-03-22,Electronics,96.69,0.05,0,91.85,69.62,6.38,15.85
13736,2174,2025-06-22,Apparel,35.57,0.1,0,32.01,12.45,5.48,14.08
13737,2175,2024-10-12,Accessories,24.01,0.05,0,22.81,7.2,5.34,10.27
13738,2175,2024-10-02,Home,120.2,0.05,0,114.19,57.7,6.71,49.78
13739,2175,2024-11-18,Accessories,45.46,0.1,0,40.92,13.64,5.61,21.67
13740,2175,2025-05-19,Apparel,138.43,0.1,0,124.58,48.45,6.87,69.26
13741,2175,2025-05-09,Accessories,36.89,0.1,0,33.2,11.07,5.5,16.63
13742,2175,2025-05-05,Home,86.15,0.05,0,81.85,41.35,6.23,34.27
13743,2176,2024-07-12,Home,91.87,0.2,0,73.5,44.1,6.1,23.3
13744,2176,2024-08-13,Electronics,172.8,0.2,0,138.24,124.41,7.07,6.76
13745,2176,2024-09-13,Accessories,68.75,0.0,0,68.75,20.62,6.03,42.1
13746,2176,2024-10-22,Accessories,27.16,0.1,0,24.44,8.15,5.37,10.92
13747,2176,2024-10-05,Electronics,467.09,0.0,0,467.09,336.31,12.01,118.77
13748,2176,2025-01-18,Electronics,212.63,0.2,1,0.0,0.0,14.55,-14.55
13749,2176,2025-03-01,Electronics,215.59,0.1,0,194.03,155.23,7.91,30.89
13750,2176,2025-03-22,Accessories,36.35,0.05,0,34.53,10.9,5.52,18.11
13751,2176,2025-04-05,Accessories,74.0,0.1,0,66.6,22.2,6.0,38.4
13752,2176,2025-04-07,Accessories,29.54,0.05,0,28.06,8.86,5.42,13.78
13753,2176,2025-05-04,Accessories,88.76,0.1,0,79.88,26.63,6.2,47.05
13754,2176,2025-05-02,Accessories,37.63,0.2,0,30.1,11.29,5.45,13.36
13755,2176,2025-06-04,Accessories,55.48,0.05,0,52.71,16.65,5.79,30.27
13756,2177,2024-02-14,Accessories,43.78,0.1,0,39.4,13.13,5.59,20.68
13757,2177,2024-05-12,Accessories,64.51,0.2,0,51.61,19.35,5.77,26.49
13758,2177,2024-06-23,Apparel,49.46,0.0,0,49.46,17.31,5.74,26.41
13759,2177,2025-04-05,Home,61.22,0.05,1,0.0,0.0,12.87,-12.87
13760,2178,2024-08-05,Home,81.31,0.05,0,77.25,39.03,6.16,32.06
13761,2179,2024-06-03,Apparel,93.31,0.0,0,93.31,32.66,6.4,54.25
13762,2179,2024-09-17,Electronics,134.7,0.0,1,0.0,0.0,14.02,-14.02
13763,2179,2024-09-19,Apparel,57.48,0.1,0,51.73,20.12,5.78,25.83
13764,2179,2024-11-16,Home,76.72,0.0,0,76.72,36.83,6.15,33.74
13765,2179,2024-11-13,Accessories,54.2,0.05,0,51.49,16.26,5.77,29.46
13766,2179,2025-01-15,Electronics,174.51,0.0,0,174.51,125.64,7.62,41.25
13767,2179,2025-01-19,Apparel,64.08,0.0,0,64.08,22.43,5.96,35.69
13768,2179,2025-01-16,Apparel,71.34,0.05,0,67.77,24.97,6.02,36.78
13769,2179,2025-02-22,Apparel,49.16,0.05,0,46.7,17.21,5.7,23.79
13770,2180,2024-05-04,Accessories,43.97,0.0,0,43.97,13.19,5.66,25.12
13771,2180,2024-06-03,Electronics,151.77,0.0,0,151.77,109.28,7.28,35.21
13772,2180,2025-04-03,Accessories,71.71,0.0,0,71.71,21.51,6.08,44.12
13773,2180,2025-04-21,Accessories,34.55,0.0,1,0.0,0.0,12.52,-12.52
13774,2181,2024-09-18,Accessories,39.02,0.1,0,35.12,11.71,5.53,17.88
13775,2181,2024-09-25,Apparel,56.35,0.1,0,50.71,19.72,5.76,25.23
13776,2181,2024-10-11,Accessories,51.83,0.05,0,49.24,15.55,5.74,27.95
13777,2181,2024-12-09,Electronics,312.54,0.0,0,312.54,225.03,9.69,77.82
13778,2181,2024-12-25,Electronics,234.3,0.0,0,234.3,168.7,8.51,57.09
13779,2181,2025-01-03,Electronics,94.94,0.0,0,94.94,68.36,6.42,20.16
13780,2181,2025-02-04,Apparel,26.45,0.0,0,26.45,9.26,5.4,11.79
13781,2181,2025-02-15,Apparel,66.8,0.2,0,53.44,23.38,5.8,24.26
13782,2181,2025-05-14,Accessories,108.05,0.05,0,102.65,32.42,6.54,63.69
13783,2182,2024-01-20,Apparel,39.84,0.0,1,0.0,0.0,12.6,-12.6
13784,2182,2024-02-03,Electronics,328.81,0.0,0,328.81,236.74,9.93,82.14
13785,2182,2024-03-21,Electronics,198.74,0.1,0,178.87,143.09,7.68,28.1
13786,2182,2024-03-06,Home,89.29,0.2,0,71.43,42.86,6.07,22.5
13787,2182,2024-05-15,Home,90.34,0.05,0,85.82,43.36,6.29,36.17
13788,2182,2024-06-10,Accessories,77.02,0.1,0,69.32,23.11,6.04,40.17
13789,2182,2024-08-07,Accessories,24.75,0.0,0,24.75,7.43,5.37,11.95
13790,2182,2024-08-12,Accessories,40.12,0.1,0,36.11,12.04,5.54,18.53
13791,2182,2024-09-12,Home,85.77,0.0,0,85.77,41.17,6.29,38.31
13792,2182,2024-11-27,Home,70.73,0.2,0,56.58,33.95,5.85,16.78
13793,2182,2025-04-01,Accessories,36.26,0.05,0,34.44,10.88,5.52,18.04
13794,2183,2024-05-02,Electronics,313.77,0.05,0,298.08,225.91,9.47,62.7
13795,2183,2024-06-27,Accessories,51.99,0.0,0,51.99,15.6,5.78,30.61
13796,2183,2024-06-12,Electronics,126.98,0.1,0,114.28,91.42,6.71,16.15
13797,2183,2024-07-02,Electronics,208.11,0.2,0,166.48,149.84,7.5,9.14
13798,2183,2024-08-26,Electronics,340.75,0.1,0,306.67,245.34,9.6,51.73
13799,2183,2024-11-23,Accessories,64.67,0.1,0,58.2,19.4,5.87,32.93
13800,2183,2025-04-13,Accessories,25.26,0.0,0,25.26,7.58,5.38,12.3
13801,2184,2024-08-25,Electronics,323.25,0.05,0,307.09,232.74,9.61,64.74
13802,2185,2024-09-26,Electronics,134.62,0.2,0,107.7,96.93,6.62,4.15
13803,2185,2024-11-14,Electronics,233.08,0.05,1,0.0,0.0,15.32,-15.32
13804,2185,2025-01-12,Accessories,97.88,0.1,0,88.09,29.36,6.32,52.41
13805,2186,2024-01-12,Home,49.65,0.2,0,39.72,23.83,5.6,10.29
13806,2186,2024-01-02,Accessories,42.12,0.0,0,42.12,12.63,5.63,23.86
13807,2186,2024-03-08,Home,62.82,0.1,0,56.54,30.15,5.85,20.54
13808,2186,2024-04-16,Home,129.8,0.0,0,129.8,62.3,6.95,60.55
13809,2186,2024-07-14,Electronics,204.3,0.0,0,204.3,147.1,8.06,49.14
13810,2186,2024-09-24,Electronics,179.65,0.0,0,179.65,129.35,7.69,42.61
13811,2186,2024-10-11,Accessories,38.51,0.0,0,38.51,11.55,5.58,21.38
13812,2186,2025-01-22,Electronics,297.77,0.0,0,297.77,214.39,9.47,73.91
13813,2186,2025-03-04,Apparel,77.13,0.0,0,77.13,26.99,6.16,43.98
13814,2186,2025-03-18,Apparel,75.19,0.0,0,75.19,26.32,6.13,42.74
13815,2186,2025-05-05,Apparel,54.21,0.0,0,54.21,18.97,5.81,29.43
13816,2187,2024-04-24,Accessories,58.05,0.1,0,52.25,17.42,5.78,29.05
13817,2187,2024-04-19,Accessories,57.08,0.05,0,54.23,17.12,5.81,31.3
13818,2187,2024-06-14,Electronics,71.53,0.05,0,67.95,51.5,6.02,10.43
13819,2187,2024-06-09,Home,88.29,0.1,0,79.46,42.38,6.19,30.89
13820,2187,2024-11-07,Electronics,130.04,0.05,0,123.54,93.63,6.85,23.06
13821,2187,2025-04-13,Apparel,53.44,0.0,0,53.44,18.7,5.8,28.94
13822,2188,2024-01-17,Home,65.54,0.1,0,58.99,31.46,5.88,21.65
13823,2188,2024-04-20,Electronics,270.03,0.2,0,216.03,194.42,8.24,13.37
13824,2188,2024-04-06,Home,114.03,0.05,0,108.32,54.73,6.62,46.97
13825,2189,2024-10-27,Accessories,45.82,0.05,0,43.53,13.75,5.65,24.13
13826,2189,2025-01-11,Home,92.51,0.05,0,87.89,44.41,6.32,37.16
13827,2189,2025-01-07,Electronics,88.22,0.05,0,83.81,63.52,6.26,14.03
13828,2189,2025-05-09,Accessories,57.31,0.05,0,54.44,17.19,5.82,31.43
13829,2190,2024-10-08,Electronics,285.68,0.0,0,285.68,205.69,9.29,70.7
13830,2191,2024-06-20,Accessories,20.87,0.1,0,18.78,6.26,5.28,7.24
13831,2191,2024-06-25,Accessories,56.19,0.1,0,50.57,16.86,5.76,27.95
13832,2191,2024-11-15,Apparel,57.6,0.1,0,51.84,20.16,5.78,25.9
13833,2191,2024-12-17,Home,135.77,0.0,0,135.77,65.17,7.04,63.56
13834,2191,2025-03-13,Apparel,90.56,0.05,1,0.0,0.0,13.29,-13.29
13835,2192,2024-10-04,Apparel,27.55,0.05,0,26.18,9.64,5.39,11.15
13836,2192,2024-11-05,Home,139.48,0.0,0,139.48,66.95,7.09,65.44
13837,2192,2024-12-25,Accessories,52.97,0.0,0,52.97,15.89,5.79,31.29
13838,2192,2025-01-24,Home,136.47,0.0,0,136.47,65.5,7.05,63.92
13839,2192,2025-02-12,Accessories,50.93,0.0,0,50.93,15.28,5.76,29.89
13840,2192,2025-02-20,Home,97.27,0.1,0,87.55,46.69,6.31,34.55
13841,2192,2025-02-12,Electronics,99.72,0.0,0,99.72,71.8,6.5,21.42
13842,2192,2025-03-27,Apparel,67.02,0.05,0,63.67,23.46,5.95,34.26
13843,2192,2025-03-05,Electronics,241.85,0.0,0,241.85,174.14,8.63,59.08
13844,2192,2025-03-14,Apparel,84.11,0.0,0,84.11,29.44,6.26,48.41
13845,2193,2024-08-09,Apparel,31.16,0.05,0,29.61,10.91,5.44,13.26
13846,2193,2024-09-28,Home,153.89,0.1,0,138.5,73.86,7.08,57.56
13847,2193,2024-10-11,Accessories,58.92,0.2,0,47.14,17.68,5.71,23.75
13848,2193,2025-03-26,Accessories,39.42,0.0,0,39.42,11.83,5.59,22.0
13849,2193,2025-04-03,Electronics,211.96,0.05,0,201.36,152.61,8.02,40.73
13850,2193,2025-04-05,Electronics,210.15,0.05,0,199.65,151.31,7.99,40.35
13851,2193,2025-05-11,Electronics,476.21,0.05,0,452.4,342.87,11.79,97.74
13852,2194,2024-09-12,Apparel,127.08,0.05,1,0.0,0.0,13.81,-13.81
13853,2194,2024-11-04,Electronics,284.64,0.0,0,284.64,204.94,9.27,70.43
13854,2194,2024-11-22,Home,89.69,0.1,1,0.0,0.0,13.21,-13.21
13855,2194,2025-01-20,Home,70.03,0.1,0,63.03,33.62,5.95,23.46
13856,2194,2025-02-09,Electronics,265.77,0.05,0,252.48,191.35,8.79,52.34
13857,2194,2025-04-11,Accessories,79.19,0.0,0,79.19,23.76,6.19,49.24
13858,2194,2025-05-11,Home,148.09,0.1,0,133.28,71.08,7.0,55.2
13859,2195,2024-04-15,Apparel,39.27,0.0,0,39.27,13.74,5.59,19.94
13860,2195,2024-04-27,Apparel,42.59,0.2,0,34.07,14.91,5.51,13.65
13861,2195,2024-07-22,Electronics,208.71,0.0,0,208.71,150.27,8.13,50.31
13862,2195,2024-07-11,Home,73.11,0.05,0,69.45,35.09,6.04,28.32
13863,2195,2024-11-19,Apparel,78.7,0.05,1,0.0,0.0,13.12,-13.12
13864,2195,2024-11-01,Accessories,47.38,0.05,0,45.01,14.21,5.68,25.12
13865,2195,2024-12-20,Home,73.62,0.0,0,73.62,35.34,6.1,32.18
13866,2195,2025-01-10,Apparel,70.11,0.0,0,70.11,24.54,6.05,39.52
13867,2195,2025-05-07,Accessories,19.26,0.0,1,0.0,0.0,12.29,-12.29
13868,2195,2025-06-03,Home,43.72,0.0,0,43.72,20.99,5.66,17.07
13869,2196,2024-01-08,Accessories,41.38,0.0,0,41.38,12.41,5.62,23.35
13870,2196,2024-03-20,Electronics,368.1,0.0,0,368.1,265.03,10.52,92.55
13871,2196,2024-11-15,Electronics,229.76,0.05,0,218.27,165.42,8.27,44.58
13872,2197,2024-05-13,Home,129.49,0.1,0,116.54,62.15,6.75,47.64
13873,2197,2024-05-19,Electronics,462.43,0.05,1,0.0,0.0,18.59,-18.59
13874,2197,2024-06-04,Accessories,26.44,0.0,1,0.0,0.0,12.4,-12.4
13875,2197,2024-10-11,Apparel,60.62,0.2,0,48.5,21.22,5.73,21.55
13876,2197,2025-01-23,Accessories,63.85,0.05,0,60.66,19.16,5.91,35.59
13877,2197,2025-01-09,Apparel,67.13,0.0,0,67.13,23.5,6.01,37.62
13878,2197,2025-01-08,Electronics,131.12,0.0,0,131.12,94.41,6.97,29.74
13879,2197,2025-04-05,Accessories,43.63,0.05,0,41.45,13.09,5.62,22.74
13880,2197,2025-04-02,Electronics,122.21,0.0,0,122.21,87.99,6.83,27.39
13881,2197,2025-04-27,Home,124.96,0.1,0,112.47,59.98,6.69,45.8
13882,2197,2025-06-13,Electronics,214.05,0.05,1,0.0,0.0,15.05,-15.05
13883,2198,2024-02-25,Apparel,31.34,0.0,0,31.34,10.97,5.47,14.9
13884,2198,2024-03-02,Accessories,58.78,0.0,0,58.78,17.63,5.88,35.27
13885,2198,2024-06-26,Accessories,55.38,0.0,0,55.38,16.61,5.83,32.94
13886,2198,2024-09-21,Accessories,45.6,0.0,0,45.6,13.68,5.68,26.24
13887,2198,2024-09-26,Apparel,48.47,0.1,0,43.62,16.96,5.65,21.01
13888,2198,2024-09-25,Electronics,230.13,0.05,0,218.63,165.69,8.28,44.66
13889,2198,2025-01-18,Electronics,200.91,0.1,0,180.82,144.66,7.71,28.45
13890,2199,2024-01-21,Accessories,93.36,0.0,0,93.36,28.01,6.4,58.95
13891,2199,2024-03-20,Apparel,69.56,0.2,0,55.65,24.35,5.83,25.47
13892,2199,2024-03-25,Apparel,97.39,0.0,0,97.39,34.09,6.46,56.84
13893,2199,2024-07-14,Accessories,16.77,0.05,0,15.93,5.03,5.24,5.66
13894,2199,2025-01-08,Home,82.47,0.1,0,74.22,39.58,6.11,28.53
13895,2199,2025-02-03,Apparel,29.29,0.05,0,27.82,10.25,5.42,12.15
13896,2200,2024-10-20,Home,86.6,0.1,0,77.94,41.57,6.17,30.2
13897,2200,2024-12-01,Home,57.24,0.1,0,51.52,27.48,5.77,18.27
13898,2200,2025-02-20,Home,97.38,0.1,0,87.64,46.74,6.31,34.59
13899,2200,2025-05-18,Electronics,318.08,0.1,0,286.27,229.02,9.29,47.96
